customer_id,full_name,birth_date,email,city,state,registration_date,status,marketing_opt_in,updated_at
CUST00000628,Sra. Manuella Rocha,2006-08-10,luiz-henriquemontenegro@example.net,Blumenau,SC,2021-09-28,ACTIVE,False,2024-09-09 09:47:01
CUST00003821,Dr. Samuel da Rosa,2000-09-16,oliveiraaurora@example.com,São José dos Campos,SP,2022-01-24,ACTIVE,True,2023-07-01 14:36:29
CUST00002773,Fernando Aparecida,1965-02-07,pintobenicio@example.com,Duque de Caxias,RJ,2025-12-18,ACTIVE,True,2026-06-04 11:34:23
CUST00001007,Giovanna Viana,1972-04-30,pintobruna@example.net,Duque de Caxias,RJ,2022-04-11,ACTIVE,True,2025-07-24 14:35:44
CUST00000422,Maria Julia Leão,1968-07-15,hadassalima@example.org,Petrópolis,RJ,2025-04-22,ACTIVE,True,2025-04-28 21:52:13
CUST00003733,Bárbara Albuquerque,1996-06-10,caiopastor@example.org,Contagem,MG,2018-08-05,BLOCKED,True,2022-12-18 18:49:20
CUST00004135,Laís Aparecida,1993-04-06,pmoura@example.org,Uberlândia,MG,2018-08-03,active,True,2024-08-07 13:55:55
CUST00002882,Vitor Gabriel Albuquerque,1996-06-07,melopietra@example.com,Ponta Grossa,PR,2024-11-09,ACTIVE,True,2026-07-05 09:42:10
CUST00003871,Antônio Azevedo,1999-03-08,icunha@example.net,Petrópolis,RJ,2020-11-10,ACTIVE,False,2025-10-04 19:28:02
CUST00000514,Raquel Rezende,1995-09-22,luiz-fernando89@example.com,Contagem,MG,2018-07-10,ACTIVE,True,2024-07-04 10:22:40
CUST00001306,Cecilia Garcia,1963-05-16,fernandesotto@example.com,Belo Horizonte,MG,2019-12-16,ACTIVE,True,2022-11-04 03:22:34
CUST00004776,João Lucas Pimenta,1973-02-07,cavalcantefrancisco@example.com,Ponta Grossa,PR,2022-04-26,ACTIVE,True,2023-06-14 09:45:53
CUST00000474,Dr. Dom Cavalcanti,2005-01-08,novaeslarissa@example.org,Volta Redonda,RJ,2023-09-30,ACTIVE,False,2026-02-05 23:00:59
CUST00004601,Nicolas Viana,1982-02-15,nandrade@example.com,Montes Claros,MG,2021-07-01,ACTIVE,False,2026-06-06 04:05:29
CUST00003262,Pedro Machado,1986-07-05,montenegromaria-luiza@example.net,Ponta Grossa,PR,2018-07-08,ACTIVE,True,2021-02-12 06:06:56
CUST00000764,Bernardo Cirino,2006-05-25,amandacamargo@example.net,São Paulo,SP,2025-04-12,ACTIVE,False,2025-09-21 22:50:35
CUST00001633,Rafael Porto,1989-03-23,marcelo33@example.com,Montes Claros,MG,2025-11-03,ACTIVE,True,2026-01-14 02:53:58
CUST00000545,Erick da Mota,1971-11-21,ncasa-grande@example.net,Camaçari,BA,2019-04-22,ACTIVE,True,2025-01-23 02:17:23
CUST00003688,Agatha Machado,1978-06-01,gjesus@example.net,Ponta Grossa,PR,2024-10-11,ACTIVE,True,2025-01-17 08:50:57
CUST00002234,Sr. Eduardo Oliveira,1978-09-06,erickbarbosa@example.org,Goiânia,GO,2021-06-27,INACTIVE,True,2021-10-15 08:41:17
CUST00000559,Sophie Almeida,1991-12-09,melojoao@example.net,São Paulo,SP,2025-09-29,ACTIVE,True,2026-04-02 01:40:09
CUST00004379,Dra. Ana Julia Machado,1963-08-23,josuemachado@example.com,Porto Alegre,RS,2026-04-05,ACTIVE,True,2026-04-09 20:00:51
CUST00001702,Dra. Marina Fonseca,1963-11-08,felipecorreia@example.com,Santa Maria,RS,2021-10-27,ACTIVE,True,2022-11-25 23:42:42
CUST00003557,Pietro Vargas,1982-02-11,benjamimabreu@example.net,Contagem,MG,2026-07-05,active,False,2026-07-28 05:38:52
CUST00000578,Pedro Henrique Porto,2007-11-05,bguerra@example.com,Nova Iguaçu,RJ,2023-01-29,ACTIVE,True,2024-06-10 02:27:52
CUST00000472,José Miguel Vargas,1999-02-13,oliveiraigor@example.org,São José dos Campos,SP,2024-09-25,ACTIVE,True,2025-08-16 04:28:35
CUST00003723,Dr. Juan Mendes,1978-02-10,alveszoe@example.com,Volta Redonda,RJ,2018-10-25,ACTIVE,True,2026-06-06 03:17:23
CUST00000354,Mathias da Cruz,2009-12-11,nicolas51@example.com,Londrina,PR,2023-07-27,BLOCKED,True,2024-04-11 08:49:48
CUST00000030,Raquel Cunha,2001-05-27,maria-juliada-cruz@example.com,Nova Iguaçu,RJ,2018-09-07,ACTIVE,True,2022-09-27 07:55:42
CUST00004733,Maria Flor Castro,1983-03-28,barbaracassiano@example.com,Fortaleza,CE,2020-01-11,ACTIVE,True,2022-01-15 12:35:58
CUST00000488,Eduardo Caldeira,1983-06-25,manuellamartins@example.com,Porto Alegre,RS,2019-04-15,ACTIVE,True,2024-07-03 16:52:13
CUST00001977,Laura Machado,1998-02-25,luiz-gustavoguerra@example.com,Montes Claros,MG,2024-03-03,ACTIVE,True,2024-05-13 15:29:59
CUST00004431,Isabela Souza,1962-06-04,aylla41@example.net,Salvador,BA,2020-06-24,ACTIVE,True,2021-05-30 15:31:06
CUST00001622,Maria Helena Camargo,1983-08-16,maria-isiscampos@example.com,Londrina,PR,2023-09-10,ACTIVE,False,2026-05-03 08:55:15
CUST00004215,Benício Carvalho,1982-08-20,qpeixoto@example.net,Salvador,BA,2019-02-17,ACTIVE,False,2026-05-27 16:12:55
CUST00000294,Gael Fonseca,2006-09-15,diogo68@example.com,Uberaba,MG,2024-03-22,ACTIVE,True,2025-09-22 18:52:51
CUST00000906,Eduarda Mendes,1996-10-17,vazevedo@example.org,Serra,ES,2018-07-11,ACTIVE,True,2025-10-13 10:43:24
CUST00004356,Raul Sampaio,2004-12-22,lopescaua@example.org,Vitória da Conquista,BA,2018-10-02,ACTIVE,True,2019-10-15 07:23:02
CUST00001155,Dra. Júlia Nunes,1962-06-19,anthonymoura@example.net,Duque de Caxias,RJ,2020-06-22,ACTIVE,True,2023-11-02 15:53:21
CUST00002770,Srta. Bruna Costela,1991-05-19,isaacrodrigues@example.net,Contagem,MG,2018-10-25,BLOCKED,False,2023-10-11 13:58:12
CUST00002828,Joana da Rosa,1975-01-06,lorenzoteixeira@example.org,Sorocaba,SP,2019-02-25,INACTIVE,False,2023-10-05 04:36:39
CUST00004527,Arthur Gabriel Mendonça,2001-06-30,icampos@example.com,Santos,SP,2019-05-04,ACTIVE,False,2020-06-10 17:17:27
CUST00000612,Isabela Barros,2007-10-01,zmacedo@example.net,Blumenau,SC,2021-11-26,INACTIVE,True,2023-10-31 09:17:41
CUST00001497,Sra. Ana Beatriz Castro,1997-02-04,maria-luizarios@example.com,Ponta Grossa,PR,2026-06-14,ACTIVE,False,2026-07-04 01:03:18
CUST00001644,Arthur Duarte,1991-08-23,pedro-lucasbarros@example.net,Ponta Grossa,PR,2020-02-14,ACTIVE,False,2024-12-16 04:54:11
CUST00003190,Dr. Thiago Rodrigues,1953-06-17,diego95@example.org,Duque de Caxias,RJ,2018-06-17,ACTIVE,False,2019-02-23 02:30:03
CUST00001363,Benício Câmara,1988-05-10,rioslucas-gabriel@example.net,Camaçari,BA,2018-03-05,ACTIVE,True,2024-03-23 04:28:36
CUST00001320,Dr. Mateus Alves,1986-04-23,luisada-conceicao@example.com,Campinas,SP,2021-03-25,ACTIVE,True,2026-06-06 01:54:22
CUST00000599,Luara Lima,1970-03-01,britocaleb@example.org,Montes Claros,MG,2018-09-06,ACTIVE,False,2025-09-02 22:44:23
CUST00003885,José Miguel Novais,1989-12-09,mariahmachado@example.com,Fortaleza,CE,2018-11-08,ACTIVE,True,2022-02-06 06:54:42
CUST00000309,Evelyn da Cruz,1978-09-13,ana-cecilia34@example.com,São Paulo,São Paulo,2023-06-01,ACTIVE,True,2023-11-28 07:22:42
CUST00002713,Isabela da Mata,1983-10-28,borgesemanuella@example.org,São Paulo,SP,2023-07-19,active,True,2024-10-26 16:35:54
CUST00004675,Dr. Henry Gabriel Pinto,2002-06-23,ana-laurada-conceicao@example.net,Vitória da Conquista,BA,2026-02-07,ACTIVE,True,2026-03-04 22:02:48
CUST00004130,Brayan Aragão,1990-05-19,agathacasa-grande@example.org,Santos,SP,2022-04-22,INACTIVE,True,2025-02-25 16:23:09
CUST00004735,Henry Gabriel da Paz,1953-03-26,freitasgiovanna@example.net,Londrina,PR,2025-07-15,INACTIVE,True,2025-07-29 08:18:52
CUST00002990,Aylla Câmara,1978-05-27,luiz-fernando85@example.com,Joinville,SC,2024-09-14,ACTIVE,True,2026-07-14 10:16:22
CUST00004288,Henrique Garcia,1988-01-04,andrealves@example.com,Volta Redonda,RJ,2019-07-29,ACTIVE,False,2024-09-07 02:07:47
CUST00003352,Mariah Almeida,1972-07-21,zoecardoso@example.com,Florianópolis,SC,2018-04-04,ACTIVE,True,2024-08-14 14:48:31
CUST00003845,Ana Luiza Fogaça,2004-11-10,duartemarina@example.net,Salvador,BA,2021-01-28,ACTIVE,True,2023-03-14 15:02:33
CUST00003168,Davi Lucca Aparecida,2009-02-14,valentinada-rocha@example.com,Rio de Janeiro,RJ,2019-07-12,INACTIVE,False,2025-01-24 05:36:27
CUST00002327,Sra. Bianca Câmara,1969-07-25,scassiano@example.org,São José dos Campos,SP,2025-10-10,ACTIVE,True,2026-06-06 05:03:25
CUST00004655,Vitor Ramos,1967-05-09,ramosana-carolina@example.org,Campinas,SP,2024-04-29,ACTIVE,False,2025-04-02 10:41:17
CUST00004055,Juan Sá,1976-10-06,matteo91@example.org,Vitória da Conquista,BA,2021-08-02,ACTIVE,False,2023-09-27 15:02:50
CUST00002982,Ana Julia Barros,1982-09-21,henry53@example.net,Londrina,PR,2025-07-02,active,True,2026-05-03 11:34:33
CUST00000366,Cecilia Pires,1986-06-23,davi-luizsantos@example.org,Montes Claros,MG,2018-12-14,ACTIVE,True,2025-12-04 12:51:53
CUST00004260,Caroline Machado,1972-07-18,diegoaragao@example.com,Santos,SP,2019-01-30,ACTIVE,True,2022-02-04 01:01:47
CUST00004536,Levi Mendes,1965-12-09,xmacedo@example.org,São José dos Campos,SP,2020-02-22,ACTIVE,True,2020-08-03 17:50:12
CUST00000733,João Felipe Melo,2008-06-30,emanuelly27@example.com,São José dos Campos,SP,2018-06-25,ACTIVE,True,2024-02-27 06:43:07
CUST00001775,Arthur Miguel da Costa,1978-10-20,wrezende@example.com,Uberaba,MG,2022-07-24,active,False,2023-08-02 21:49:47
CUST00003356,Benício Almeida,1984-11-08,santosmaya@example.net,Santa Maria,RS,2022-04-12,BLOCKED,True,2024-07-31 22:29:00
CUST00004210,Augusto Sampaio,1986-09-24,omachado@example.net,Ribeirão Preto,SP,2025-03-19,INACTIVE,True,2025-05-04 22:44:42
CUST00002767,Kamilly Rezende,2001-02-25,danilopimenta@example.org,Contagem,MG,2024-10-11,ACTIVE,False,2025-05-19 08:37:20
CUST00003381,Antony Pacheco,1998-01-24,ana-laura77@example.org,Uberlândia,minas gerais,2018-11-29,INACTIVE,True,2024-09-22 02:48:23
CUST00000032,Maria Sophia Martins,1964-09-11,rochagael-henrique@example.org,Ribeirão Preto,SP,2020-10-05,ACTIVE,True,2024-04-29 11:40:30
CUST00002785,Ana Júlia Lima,1983-06-25,fonsecalorenzo@example.com,Juiz de Fora,minas gerais,2023-05-22,ACTIVE,False,2024-08-15 02:08:21
CUST0000001@,Ana Carolina Lopes,1987-11-25,ualves@example.org,Campinas,SP,2019-01-25,ACTIVE,True,2025-07-31 12:29:07
CUST00003752,Sra. Hadassa Brito,1935-12-01,maria-helena90@example.com,Petrópolis,RJ,2019-01-16,INACTIVE,False,2022-12-10 18:38:48
CUST00004143,Arthur Montenegro,1984-06-19,carvalhoisadora@example.com,Maringá,PR,2019-07-17,ACTIVE,True,2024-06-04 17:16:00
CUST00003048,Ana Cecília Nascimento,1999-07-03,rpeixoto@example.net,Belo Horizonte,MG,2020-09-06,BLOCKED,True,2021-11-28 15:09:46
CUST00000137,Maria Luísa Borges,1973-05-31,ianmartins@example.org,São Paulo,SP,2023-05-05,ACTIVE,True,2023-10-21 09:49:41
CUST00004302,Calebe Cavalcante,1997-04-05,wfonseca@example.com,Canoas,RS,2023-12-12,ACTIVE,True,2025-01-13 06:03:21
CUST00004648,Ravi Lucca da Costa,1987-02-10,ycastro@example.org,São Paulo,SP,2024-06-10,ACTIVE,False,2026-07-23 07:44:00
CUST00003624,Eloá Sampaio,1989-10-17,bguerra@example.net,Cascavel,PR,2022-06-17,BLOCKED,True,2023-12-31 12:39:28
CUST00000688,José Pedro Cirino,1991-11-29,kpeixoto@example.net,Contagem,MG,2024-05-12,ACTIVE,True,2025-02-04 21:05:36
CUST00003229,Cauê Abreu,1972-09-24,correialeonardo@example.net,Uberlândia,MG,2022-10-10,ACTIVE,True,2023-05-06 21:28:47
CUST00002295,Jade Farias,1939-08-05,beatrizda-luz@example.com,Campinas,SP,2026-01-16,ACTIVE,True,2026-05-13 09:38:53
CUST00003368,Maria Vitória Silveira,1980-09-15,davi-migueloliveira@example.com,Uberlândia,MG,2019-07-20,INACTIVE,True,2020-05-18 12:03:51
CUST00004308,Otto Campos,1998-01-29,eduardomelo@example.net,Chapecó,SC,2021-01-14,ACTIVE,False,2024-04-12 18:14:58
CUST00003077,Stella Ribeiro,1970-01-24,andradebenicio@example.org,Canoas,RS,2020-01-20,BLOCKED,True,2021-12-05 09:40:36
CUST00003543,Heloisa Fernandes,1999-10-07,bella03@example.com,Niterói,RJ,2022-03-01,INACTIVE,False,2024-11-21 12:14:58
CUST00000635,Benicio Garcia,1999-06-23,yleao@example.net,Maringá,PR,2022-08-23,BLOCKED,True,2025-10-12 23:17:45
CUST00004120,Lucas Nogueira,2006-02-06,lais68@example.com,Santa Maria,RS,2020-03-17,ACTIVE,True,2021-12-12 16:46:15
CUST00002563,Marcos Vinicius Vargas,1971-04-23,lborges@example.org,Feira de Santana,BA,2018-01-09,ACTIVE,True,2024-06-07 23:54:14
CUST00003167,Joana Mendonça,1997-10-26,ravyalves@example.org,Uberlândia,MG,2019-05-03,ACTIVE,True,2019-09-10 00:23:34
CUST00002624,Luigi Fogaça,2000-10-20,lopesnicole@example.net,Anápolis,GO,2023-11-11,ACTIVE,False,2025-01-22 04:18:20
CUST00003311,Sara Teixeira,1979-04-18,rebecagoncalves@example.net,Contagem,MG,2022-12-26,ACTIVE,True,2025-08-06 05:01:09
CUST00000465,,1994-01-17,psiqueira@example.org,Caruaru,PE,2018-08-11,INACTIVE,False,2023-05-17 07:52:27
CUST00000843,João Felipe Pereira,1992-04-25,ravida-conceicao@example.net,Curitiba,PR,2023-11-08,ACTIVE,True,2024-12-03 04:05:05
CUST00004289,Hellena Mendonça,1997-08-16,isadorasiqueira@example.org,Duque de Caxias,RJ,2018-11-29,ACTIVE,True,2022-05-27 14:55:32
CUST00000440,Agatha Vasconcelos,1999-12-31,siqueiramaria-cecilia@example.net,Uberaba,MG,2021-06-07,ACTIVE,False,2023-11-27 13:41:31
CUST00001273,Rafael Abreu,2007-10-15,rramos@example.net,Petrópolis,RJ,2020-07-24,ACTIVE,True,2021-05-11 18:26:40
CUST00000336,Nicole Rocha,1971-03-08,augusto64@example.org,Campinas,SP,2022-12-13,ACTIVE,False,2023-10-23 06:58:09
CUST00001879,Guilherme Sales,1983-06-23,nascimentomaria-cecilia@example.com,Serra,ES,2019-05-06,ACTIVE,True,2022-01-15 02:13:21
CUST00004363,Lívia Viana,1977-02-10,tjesus@example.net,Niterói,RJ,2024-06-09,INACTIVE,True,2026-05-07 16:52:21
CUST00001985,Arthur Costela,1991-02-20,pmarques@example.net,Montes Claros,MG,2018-04-05,BLOCKED,True,2023-09-15 03:42:55
CUST00001627,Evelyn Pimenta,1962-04-27,zaragao@example.net,Ribeirão Preto,SP,2019-01-08,ACTIVE,True,2023-10-23 04:04:34
CUST00000694,Renan Pimenta,1982-05-09,vianasophia@example.net,Caucaia,CE,2019-06-07,INACTIVE,True,2019-11-19 01:27:35
CUST00004214,Francisco Novais,1937-01-12,das-nevesotto@example.com,Santa Maria,Rio Grande do Sul,2020-10-02,ACTIVE,False,2022-07-16 20:57:56
CUST00000737,Alexia Cavalcanti,2004-07-13,imonteiro@example.net,Caxias do Sul,RS,2018-09-16,INACTIVE,True,2022-02-15 23:56:04
CUST00003560,Lucas Fogaça,1988-06-05,diasgabriel@example.com,Curitiba,PR,2023-12-26,ACTIVE,False,2025-11-13 20:48:46
CUST00002413,Asafe Azevedo,2005-07-01,acarvalho@example.com,São Paulo,SP,2019-08-04,INACTIVE,True,2022-09-23 02:05:31
CUST00004619,Emilly Aparecida,1990-11-10,jose-pedrocavalcante@example.org,Canoas,RS,2022-01-19,ACTIVE,True,2022-12-19 11:24:01
CUST00001669,João Farias,1983-09-13,sda-mata@example.org,Camaçari,BA,2025-07-14,ACTIVE,False,2026-06-23 06:41:32
CUST00000255,Léo Lopes,2000-09-02,csouza@example.com,Ponta Grossa,PR,2018-10-27,ACTIVE,True,2023-06-04 08:04:31
CUST00002757,Srta. Hadassa Mendonça,1983-12-14,joao-guilherme98@example.net,Campinas,SP,2022-09-22,ACTIVE,False,2023-12-01 21:56:15
CUST00003413,Pietro Duarte,1965-10-14,moliveira@example.net,Uberaba,MG,2025-06-17,ACTIVE,True,2026-03-28 20:07:45
CUST00002470,Luiz Miguel Silva,1985-11-27,esther50@example.org,Uberlândia,MG,2024-09-26,ACTIVE,True,2025-11-15 01:31:10
CUST00003477,Srta. Aurora Duarte,1982-04-23,sousaigor@example.com,São José dos Campos,SP,2026-01-19,INACTIVE,True,2026-02-13 16:10:29
CUST00000971,Dra. Caroline Albuquerque,1980-09-03,carlos-eduardodas-neves@example.org,Chapecó,SC,2018-08-13,ACTIVE,True,2019-06-25 08:48:53
CUST00001469,Luiz Miguel Farias,1916-01-29,joao-vitor34@example.org,Niterói,RJ,2026-03-21,INACTIVE,True,2026-04-04 20:41:03
CUST00001828,Danilo Fogaça,1955-03-07,souzapedro-miguel@example.net,Uberlândia,MG,2022-09-07,active,False,2025-01-03 19:43:29
CUST00000980,Sra. Carolina Costela,1974-01-01,vitor-hugomoreira@example.com,Petrópolis,RJ,2024-06-27,ACTIVE,True,2025-05-18 05:02:45
CUST00001138,João Miguel Siqueira,1975-11-03,larissacirino@example.com,Sorocaba,SP,2021-02-21,INACTIVE,True,2023-04-15 18:05:45
CUST00004158,Benjamim Moura,1996-02-24,davi-luccanovaes@example.com,Sorocaba,SP,2019-07-23,INACTIVE,True,2024-11-27 09:51:54
CUST00003658,Raul Fonseca,2005-04-08,antonycirino@example.net,São José dos Campos,SP,2018-10-12,ACTIVE,False,2023-12-29 17:57:41
CUST00004220,Luiz Felipe Camargo,1978-01-22,mouraemanuella@example.com,Sorocaba,SP,2018-09-12,INACTIVE,False,2025-10-13 15:54:38
CUST00004245,Bruna Rocha,1996-08-19,ipereira@example.com,Porto Alegre,RS,2018-03-25,ACTIVE,True,2025-09-25 17:42:45
CUST00003134,Leandro Santos,1965-04-11,diogo49@example.org,Feira de Santana,BA,2019-10-01,ACTIVE,True,2025-08-22 01:27:46
CUST00000073,Maria Vitória Pires,1972-04-16,hadassamonteiro@example.com,Pelotas,RS,2023-12-23,ACTIVE,True,2025-06-05 02:01:13
CUST00001667,Sra. Heloisa Cavalcante,1940-02-12,correiaemilly@example.net,Chapecó,SC,2019-02-02,ACTIVE,True,2023-02-09 23:29:56
CUST00002464,Sr. Matteo Correia,1987-12-30,davi-lucca00@example.com,Montes Claros,MG,2019-05-19,ACTIVE,True,2021-12-15 10:31:03
CUST00004747,Davi Pereira,1985-07-13,juliaabreu@example.com,Ribeirão Preto,SP,2021-04-11,ACTIVE,True,2026-01-15 15:57:50
CUST00004151,Zoe Farias,1992-04-14,lucas-gabriel72@example.com,Rio de Janeiro,Rio de Janeiro,2019-04-09,INACTIVE,True,2026-04-04 17:15:10
CUST00003751,Dr. Pedro Miguel Nunes,2007-12-28,daniel64@example.net,Belo Horizonte,MG,2021-12-01,ACTIVE,True,2022-04-02 06:06:06
CUST00004285,Heloísa Camargo,1980-05-11,vnascimento@example.com,Duque de Caxias,RJ,2026-02-14,ACTIVE,True,2026-06-27 03:05:08
CUST00004458,Lucas Campos,1987-08-09,da-costaasafe@example.com,Uberaba,MG,2019-10-13,INACTIVE,False,2024-09-09 17:47:01
CUST00001223,Otávio Jesus,1972-02-17,borgesdavi@example.com,Campinas,SP,2024-06-01,BLOCKED,True,2025-03-27 06:54:01
CUST00004602,Mirella Macedo,1987-02-26,maria-helena03@example.net,Uberaba,MG,2026-06-15,INACTIVE,True,2026-07-20 21:36:35
CUST00002669,José Caldeira,1977-05-21,imelo@example.org,Feira de Santana,BA,2024-12-13,ACTIVE,yes,2025-01-08 20:53:36
CUST00002493,Théo Vasconcelos,1972-04-08,kcunha@example.org,Uberlândia,MG,2024-04-17,INACTIVE,True,2025-09-09 10:51:01
CUST00004628,Dom Almeida,1986-12-10,liamsiqueira@example.net,Petrópolis,RJ,2020-02-17,ACTIVE,False,2026-06-05 04:46:40
CUST00003244,Alícia Macedo,1963-10-09,maria-laura29@example.com,Camaçari,BA,2025-01-01,ACTIVE,True,2025-03-24 16:28:31
CUST00002594,Ana Cecília Gomes,1983-11-15,heloisa25@example.com,Belo Horizonte,MG,2025-06-06,ACTIVE,yes,2026-03-13 20:49:02
CUST00002203,Dr. Luan Rios,2005-08-18,ucarvalho@example.net,Ribeirão Preto,SP,2021-07-19,INACTIVE,False,2021-07-30 08:09:27
CUST00001410,Vicente Vieira,2010-04-25,garciaraquel@example.com,Juiz de Fora,MG,2026-01-27,INACTIVE,yes,2026-03-30 14:25:41
CUST00000408,Clarice Ferreira,1999-07-16,mendesgustavo-henrique@example.com,Goiânia,GO,2019-06-01,ACTIVE,True,2023-02-12 17:16:24
CUST00000072,Apollo Aparecida,1980-07-16,maria-laurapimenta@example.org,Volta Redonda,RJ,2020-09-21,ACTIVE,False,2025-10-30 09:56:05
CUST00003350,Renan Machado,1996-11-03,da-cunhagabriel@example.org,Santos,SP,2019-05-06,ACTIVE,False,2024-06-04 18:57:38
CUST00001558,Sabrina Nascimento,2010-03-01,hadassabarros@example.net,São Paulo,São Paulo,2019-04-06,BLOCKED,True,2026-07-17 22:27:24
CUST00004157,Gabriela Albuquerque,2004-12-07,araujodanilo@example.net,Caruaru,pernambuco,2023-09-21,ACTIVE,False,2025-08-25 18:45:28
CUST00000282,Theo Pires,1962-12-15,ana-julia73@example.net,Campinas,SP,2024-12-13,ACTIVE,False,2025-10-17 06:41:08
CUST00003775,Gustavo Barbosa,1963-07-09,gsilveira@example.net,Santos,SP,2023-05-15,ACTIVE,True,2024-11-07 21:17:05
CUST00000300,Maitê Montenegro,1989-05-22,ksantos@example.com,Caruaru,PE,2021-04-08,active,True,2023-05-01 04:27:56
CUST00004106,Bella da Mota,2006-01-06,maria-lizdas-neves@example.com,Vitória da Conquista,BA,2024-09-22,BLOCKED,True,2025-12-08 02:28:56
CUST00000898,Emanuelly Santos,2001-06-28,wpimenta@example.com,Contagem,minas gerais,2024-06-18,ACTIVE,True,2025-05-08 00:00:20
CUST00001641,Ana Beatriz Campos,1996-11-12,cecilia79@example.net,Ribeirão Preto,SP,2020-12-07,ACTIVE,True,2021-09-01 18:08:08
CUST00001774,Leandro Sousa,1965-06-07,joaquimfreitas@example.net,São José dos Campos,SP,2026-02-23,INACTIVE,True,2026-04-07 15:16:33
CUST00003046,Diogo da Cunha,1976-01-09,julianarios@example.org,Sorocaba,SP,2024-09-25,ACTIVE,True,2025-09-16 03:43:42
CUST00000546,Maria Liz Andrade,1975-12-13,sfarias@example.org,Juiz de Fora,MG,2023-10-17,ACTIVE,False,2024-11-05 15:42:52
CUST00003295,Carlos Eduardo Moraes,1982-12-28,fogacalais@example.net,Belo Horizonte,MG,2025-09-11,ACTIVE,True,2025-12-21 06:27:15
CUST00003340,Heloísa Pastor,1969-09-26,otavio09@example.com,Itajaí,SC,2022-03-17,active,False,2025-05-30 15:29:00
CUST00001457,Arthur Gabriel Barros,1961-11-05,duartemelina@example.com,Duque de Caxias,RJ,2018-11-13,ACTIVE,True,2022-01-03 20:35:20
CUST00004764,Allana Câmara,1986-08-13,leticiateixeira@example.com,São José dos Campos,SP,2023-02-22,ACTIVE,False,2026-01-25 01:52:34
CUST00002428,Natália Ferreira,1973-06-11,alice50@example.net,Itajaí,SC,2025-11-07,INACTIVE,True,2026-04-29 09:48:27
CUST00001284,Davi Lucas Araújo,1994-12-24,taraujo@example.net,Belo Horizonte,MG,2018-07-24,ACTIVE,True,2025-03-28 17:28:30
CUST00003369,Nicolas Nogueira,1978-07-07,albuquerquecamila@example.com,Rio de Janeiro,RJ,2021-02-18,ACTIVE,True,2024-12-08 10:52:49
CUST00000463,Vitor Gabriel Nascimento,2005-02-23,agathabarros@example.com,Belo Horizonte,MG,2023-07-31,ACTIVE,True,2025-05-01 13:05:43
CUST00001495,Luiz Gustavo Souza,1971-08-31,wabreu@example.net,Nova Iguaçu,RJ,2026-01-06,ACTIVE,True,2026-04-29 18:36:49
CUST00001021,Rodrigo Freitas,2007-05-08,calebe25@example.com,São José dos Campos,SP,2023-03-17,ACTIVE,True,2025-12-31 15:34:41
CUST00003195,Diego Pereira,1990-04-19,benjaminrezende@example.com,Sorocaba,SP,2018-04-28,ACTIVE,True,2024-12-26 08:41:12
CUST00002484,José Pedro Cavalcante,2009-07-21,lucas-gabrielpires@example.com,São José dos Campos,SP,2018-09-14,ACTIVE,True,2023-05-30 17:00:57
CUST00004009,Dante Porto,1989-09-12,mariana80@example.net,Rio de Janeiro,RJ,2023-05-24,INACTIVE,False,2024-06-26 02:50:34
CUST00000548,Samuel Sampaio,1991-11-11,da-conceicaojoao-felipe@example.com,São José dos Campos,SP,2025-08-30,INACTIVE,True,2025-11-29 05:03:59
CUST00000756,Luana Ferreira,2005-07-23,onogueira@example.org,Ponta Grossa,PR,2018-05-18,active,True,2025-05-12 15:55:10
CUST00001032,Hellena Viana,1992-05-18,matteo01@example.net,Belo Horizonte,minas gerais,2025-12-28,ACTIVE,False,2026-03-04 14:06:53
CUST00004683,Ian Ferreira,1992-01-22,duartediogo@example.com,São José dos Campos,SP,2019-01-24,INACTIVE,True,2022-03-12 12:19:05
CUST00003034,Alícia Rezende,1944-05-26,felipeleao@example.net,Rio de Janeiro,RJ,2025-07-22,BLOCKED,True,2026-05-18 05:53:50
CUST00002244,Laís Peixoto,1983-01-16,omontenegro@example.com,Florianópolis,SC,2027-03-02,BLOCKED,True,2026-06-14 14:30:51
CUST00003103,Thomas Viana,1963-03-19,isabelly39@example.net,Chapecó,SC,2021-02-28,ACTIVE,True,2025-10-30 10:03:31
CUST00004454,Brayan Costela,1963-01-16,dribeiro@example.com,Sorocaba,SP,2022-11-07,ACTIVE,True,2023-09-10 19:03:56
CUST00000663,Ana Júlia Sá,1948-06-23,jramos@example.org,Santos,SP,2024-04-14,INACTIVE,True,2025-02-20 12:48:00
CUST00003000,Raul Nascimento,1969-05-06,leo90@example.net,Contagem,MG,2022-09-05,Inactive,True,2022-10-26 05:35:51
CUST00004290,Srta. Manuella Oliveira,1996-03-27,joao-vitorvasconcelos@example.net,Canoas,RS,2018-02-04,ACTIVE,True,2026-04-16 14:17:45
CUST00004397,Bella Rodrigues,2010-06-07,milena37@example.com,Nova Iguaçu,Rio de Janeiro,2022-01-21,ACTIVE,True,2023-07-03 16:37:26
CUST00000403,Pietra Pacheco,2003-12-13,gnascimento@example.net,Juiz de Fora,MG,2022-04-12,ACTIVE,True,2026-01-07 05:25:20
CUST00000726,Cauê Campos,1965-04-21,rochamarina@example.net,São José dos Campos,SP,2021-09-12,Inactive,True,2025-11-14 11:42:43
CUST00001449,Melina Freitas,1987-01-01,camposigor@example.org,Jaboatão dos Guararapes,PE,2024-08-26,ACTIVE,True,2026-07-15 15:19:59
CUST00002136,Davi Luiz Duarte,1999-08-23,stephanypacheco@example.org,São Paulo,SP,2024-07-07,ACTIVE,True,2025-07-25 23:27:14
CUST00000015,Vitor Gabriel da Luz,1975-12-13,zpacheco@example.com,Sorocaba,São Paulo,2019-10-10,ACTIVE,False,2024-01-12 06:24:21
CUST00001349,Zoe da Rocha,2008-01-10,sampaiopedro-henrique@example.com,Niterói,RJ,2025-09-04,ACTIVE,True,2025-09-20 07:03:15
CUST00000321,Bianca Farias,1988-04-08,maria88@example.com,Santa Maria,RS,2023-09-02,ACTIVE,yes,2025-06-08 15:49:32
CUST00004331,Lorena Macedo,1937-04-29,sferreira@example.org,Niterói,Rio de Janeiro,2025-07-23,ACTIVE,True,2025-10-31 10:51:17
CUST00001611,Rael Cardoso,1971-11-19,lporto@example.org,Montes Claros,minas gerais,2026-07-28,INACTIVE,False,2026-07-30 17:50:36
CUST00003153,Bianca Almeida,2003-05-31,ravi79@example.com,Volta Redonda,RJ,2019-10-24,ACTIVE,True,2021-02-28 17:35:02
CUST00001245,Diego Cirino,2006-06-08,felipe24@example.com,Nova Iguaçu,RJ,2020-06-09,ACTIVE,True,2026-02-23 19:06:33
CUST00004526,Ana Carolina Gomes,1991-09-30,yoliveira@example.net,Duque de Caxias,RJ,2022-03-15,ACTIVE,True,2025-04-06 21:30:28
CUST00000940,Olívia da Rosa,1984-04-27,wsouza@example.net,Salvador,BA,2021-10-24,ACTIVE,True,2024-07-06 01:44:58
CUST00003297,Melina Souza,1986-01-19,lcastro@example.com,Santos,SP,2021-08-20,active,True,2025-02-10 14:19:26
CUST00002590,Benício Casa Grande,1989-02-26,rpinto@example.com,Santos,SP,2024-04-05,BLOCKED,True,2026-07-14 17:13:31
CUST00003491,Dr. Eduardo Garcia,2006-12-06,teixeiramaria-eduarda@example.org,São José dos Campos,SP,2024-08-14,BLOCKED,True,2026-07-04 12:11:03
CUST00003726,Maria Luísa Cardoso,1994-05-05,pcirino@example.com,Maringá,PR,2021-03-17,ACTIVE,True,2025-10-05 13:53:05
CUST00003580,Maria Liz Abreu,2003-09-05,caroline09@example.com,Feira de Santana,BA,2023-09-08,Inactive,True,2025-06-10 06:57:39
CUST00000511,Davi Lucca Fernandes,1985-06-11,aylaaraujo@example.org,Belo Horizonte,MG,2025-06-07,active,False,2025-10-13 19:32:52
CUST00003729,Melissa Abreu,1985-04-09,hellenamoreira@example.com,Uberaba,MG,2021-08-20,ACTIVE,False,2025-02-08 16:55:22
CUST00001928,Caleb das Neves,1968-06-28,ceciliamarques@example.com,Ponta Grossa,PR,2019-04-09,ACTIVE,True,2024-03-17 01:19:19
CUST00004059,Dr. Yan Araújo,1992-10-01,eribeiro@example.net,Contagem,MG,2024-07-05,ACTIVE,False,2025-01-13 08:59:24
CUST00003052,Luiz Otávio Nascimento,1942-05-05,raelda-cruz@example.com,Campinas,SP,2018-04-19,active,True,2026-03-09 23:42:11
CUST00000717,Nicolas Montenegro,1999-02-27,novaisdiogo@example.net,São Paulo,SP,2025-07-18,ACTIVE,True,2025-08-24 22:37:06
CUST00001388,Daniela Novaes,1998-07-12,theogarcia@example.com,Camaçari,BA,2018-09-07,ACTIVE,True,2021-05-20 19:20:29
CUST00003592,Joana da Paz,2008-01-09,lopesana-clara@example.org,Blumenau,SC,2018-12-18,ACTIVE,True,2024-05-16 13:05:07
CUST00004315,Emanuelly Caldeira,1972-07-25,marcos-viniciusguerra@example.org,Nova Iguaçu,RJ,2021-06-28,ACTIVE,True,2022-03-19 22:16:34
CUST00002992,Arthur Gabriel Araújo,1995-06-14,kmendonca@example.net,Cascavel,PR,2026-01-22,ACTIVE,True,2026-04-11 14:43:45
CUST00004117,Dr. Dom Nogueira,1973-05-26,thales53@example.org,Campinas,SP,2019-01-18,ACTIVE,True,2021-01-06 06:54:16
CUST00002021,Alana Dias,1994-12-16,kmonteiro@example.org,Recife,PE,2024-04-02,ACTIVE,False,2025-04-02 09:36:24
CUST00003326,Luiz Fernando Moraes,1973-02-27,pnunes@example.org,Belo Horizonte,MG,2021-02-23,ACTIVE,False,2024-07-19 10:21:13
CUST00002426,Anthony Brito,1991-08-09,vitor-hugoaraujo@example.org,Sorocaba,SP,2019-08-17,ACTIVE,True,2022-03-23 14:02:29
CUST00000518,Luiz Felipe Dias,1999-03-01,felipesantos@example.net,Ribeirão Preto,SP,2026-01-17,INACTIVE,True,2026-05-25 05:55:04
CUST00002823,Ravi Lucca Aragão,1963-12-18,knogueira@example.org,Sorocaba,São Paulo,2021-04-24,ACTIVE,True,2026-05-02 17:32:38
CUST00000899,Sr. Vitor Barros,1969-10-22,inunes@example.org,Montes Claros,MG,2021-11-21,ACTIVE,True,2024-05-03 19:38:25
CUST00000065,Luísa Pinto,1995-02-18,josue48@example.com,Cascavel,PR,2019-06-07,BLOCKED,True,2024-06-18 22:43:27
CUST00001588,Leonardo Novaes,1964-09-20,monteirogabriel@example.com,São Paulo,SP,2024-08-15,INACTIVE,True,2025-11-05 02:26:15
CUST00001448,Aurora Vasconcelos,1976-09-25,yrezende@example.com,Campinas,SP,2026-07-23,INACTIVE,False,2026-07-28 02:37:15
CUST00000510,Antônio Moura,1989-03-26,vabreu@example.net,Uberlândia,MG,2024-08-12,ACTIVE,True,2025-09-05 05:36:46
CUST00003060,Dr. Thomas Borges,1996-11-28,leo69@example.org,Pelotas,RS,2026-02-25,INACTIVE,True,2026-03-13 02:04:48
CUST00001630,Matteo Teixeira,1984-08-22,liam53@example.org,Santos,SP,2025-09-02,ACTIVE,True,2025-11-14 01:01:20
CUST00002615,Nicolas Correia,1989-06-21,levicunha@example.net,Campinas,SP,2025-08-04,ACTIVE,False,2025-12-31 04:58:41
CUST00001673,Heloisa Borges,1999-03-10,ana-carolina15@example.net,Campinas,SP,2025-11-09,ACTIVE,True,2026-03-20 01:53:39
CUST00002793,José Mendes,1999-09-09,carvalhotheodoro@example.com,Florianópolis,SC,2025-10-04,INACTIVE,True,2026-07-25 00:16:10
CUST00004558,Ravi Lucca Garcia,1968-05-15,evelynabreu@example.com,Canoas,RS,2023-07-27,ACTIVE,False,2026-03-10 19:02:41
CUST00004088,Vitória Carvalho,1976-10-23,da-rochamarcela@example.net,Porto Alegre,RS,2020-01-08,ACTIVE,True,2020-03-28 00:30:27
CUST00004072,Asafe Brito,1980-10-21,vasconcelosyan@example.net,Montes Claros,MG,2025-11-05,ACTIVE,no,2026-06-25 21:44:30
CUST00003096,José Cassiano,2005-11-05,leandro22@example.net,Blumenau,SC,2024-05-16,ACTIVE,True,2024-12-28 03:17:34
CUST00004684,Davi Lucas da Cruz,1992-12-01,beatrizbrito@example.org,Petrópolis,Rio de Janeiro,2024-01-16,INACTIVE,False,2024-05-27 21:05:42
CUST00000930,Maria da Rocha,1970-02-07,lucas-gabriel09@example.net,Ribeirão Preto,SP,2021-04-01,ACTIVE,True,2023-11-04 08:49:31
CUST00003974,Luísa da Rosa,1984-12-08,leonardo03@example.com,Porto Alegre,RS,2025-09-23,INACTIVE,False,2025-12-31 01:47:10
CUST00003415,Srta. Aylla Araújo,1976-08-23,vitorramos@example.net,Pelotas,RS,2023-08-17,ACTIVE,True,2024-04-14 09:08:00
CUST00000426,Sabrina Jesus,1971-12-20,tleao@example.com,São José dos Campos,SP,2019-03-19,ACTIVE,True,2024-08-29 06:12:23
CUST00002827,Alícia Siqueira,1961-08-27,nicole01@example.net,Pelotas,RS,2019-09-04,ACTIVE,True,2022-05-09 08:26:47
CUST00003518,Bianca Lima,1962-05-01,danilovasconcelos@example.com,Florianópolis,SC,2026-07-22,INACTIVE,True,2026-07-29 20:31:56
CUST00002179,Maria Laura Aparecida,2004-10-14,qcardoso@example.net,São José dos Campos,SP,2022-02-13,ACTIVE,True,2023-10-17 11:10:00
CUST00003210,Dr. Murilo da Paz,1988-03-10,tsouza@example.net,Belo Horizonte,MG,2021-08-12,ACTIVE,True,2025-09-23 21:06:52
CUST00003698,Maria Vitória Cardoso,1971-11-23,ana-vitoriaazevedo@example.org,Caruaru,PE,2023-09-05,INACTIVE,True,2026-07-14 19:24:24
CUST00001191,Gael Melo,1984-09-10,luna38@example.org,Belo Horizonte,MG,2021-04-03,active,True,2026-07-30 18:25:04
CUST00003303,Maria Luísa Ribeiro,1964-09-13,alicia24@example.com,Ribeirão Preto,SP,2021-12-07,ACTIVE,no,2022-02-12 12:43:42
CUST00003035,Ana Sophia Melo,2006-12-07,gabriela90@example.org,São José dos Campos,SP,2024-12-16,ACTIVE,False,2025-06-20 01:33:01
CUST00001432,Natália Dias,1995-08-08,ana-carolinacamara@example.com,Feira de Santana,bahia,2024-07-31,ACTIVE,True,2026-07-31 13:01:57
CUST00000284,Maria Vitória Mendes,1940-08-29,vcostela@example.net,Curitiba,PR,2022-07-19,ACTIVE,True,2025-04-03 03:41:20
CUST00003206,Anthony Caldeira,1978-09-24,mourabeatriz@example.com,Nova Iguaçu,RJ,2023-06-05,ACTIVE,True,2024-10-15 04:18:39
CUST00004618,Vitória Porto,2001-07-08,znogueira@example.org,São José dos Campos,SP,2023-07-06,ACTIVE,False,2026-05-02 12:29:53
CUST00003208,Agatha Aparecida,1976-03-06,kcavalcanti@example.net,Canoas,RS,2020-05-25,INACTIVE,True,2021-08-06 20:42:18
CUST00001629,Sr. Pedro Henrique da Conceição,1995-01-12,santosjose@example.net,Contagem,MG,2018-12-04,ACTIVE,True,2023-09-12 18:03:22
CUST00003198,Isabelly Martins,1991-05-30,juliacavalcanti@example.net,São Paulo,SP,2025-12-27,ACTIVE,True,2026-07-24 15:47:37
CUST00001315,Ana Carolina Costela,1977-08-18,nathanmachado@example.org,São Paulo,SP,2025-01-20,BLOCKED,True,2025-05-09 04:16:35
CUST00004325,Juan Albuquerque,1988-06-30,ana-lauracardoso@example.net,Santa Maria,RS,2021-12-11,INACTIVE,False,2025-03-05 02:51:24
CUST00000966,Samuel Gomes,2010-07-20,vieiravalentina@example.net,Ribeirão Preto,SP,2018-04-14,BLOCKED,True,2021-11-20 18:19:42
CUST00001092,Josué da Costa,1983-07-22,enzo-gabriel14@example.org,Ribeirão Preto,SP,2024-06-04,BLOCKED,True,2024-10-28 21:12:00
CUST00000846,Gael Câmara,2003-12-05,jesusarthur@example.com,Belo Horizonte,MG,2021-07-20,active,True,2023-11-29 21:19:49
CUST00000824,Clara da Paz,1984-08-24,fernandeshenry@example.com,Petrópolis,RJ,2021-03-11,ACTIVE,True,2022-04-13 07:08:24
CUST00000107,Luísa Fogaça,1993-07-24,tda-mata@example.com,Cascavel,PR,2023-02-09,INACTIVE,False,2024-02-14 23:18:57
CUST00003702,José Miguel Andrade,1980-11-06,novaisdaniela@example.net,Uberaba,MG,2020-06-11,ACTIVE,True,2022-02-14 05:04:03
CUST00001028,Luísa Ramos,1957-09-25,maria-julia49@example.net,Caxias do Sul,RS,2026-02-13,ACTIVE,True,2026-07-21 09:05:05
CUST00001847,Vitor Gabriel Costela,1984-02-22,pimentabella@example.org,Uberaba,MG,2021-06-09,ACTIVE,False,2024-12-28 14:04:19
CUST00001075,Bella Sousa,1972-09-14,davi-luccafonseca@example.org,Jaboatão dos Guararapes,pernambuco,2020-08-13,ACTIVE,True,2021-07-25 01:16:59
CUST00002579,Ana Julia Abreu,1975-11-22,samuel65@example.net,Niterói,RJ,2022-08-13,ACTIVE,False,2024-01-30 01:41:02
CUST00000676,Clara Sousa,1992-04-29,cfogaca@example.org,Londrina,PR,2021-08-07,ACTIVE,True,2024-04-24 13:31:59
CUST00003080,Davi Vargas,1971-10-10,isabellamoura@example.net,Santos,SP,2019-05-08,ACTIVE,True,2022-01-10 08:45:06
CUST00001576,Lívia Alves,2002-09-04,alexiacastro@example.net,Petrópolis,RJ,2020-05-05,INACTIVE,True,2020-11-04 23:55:45
CUST00000972,Eloá Pastor,1972-11-28,ppereira@example.com,Sorocaba,SP,2022-07-04,ACTIVE,False,2026-03-15 23:45:02
CUST00001934,Sr. Murilo Vargas,1981-06-23,alexia69@example.com,Salvador,BA,2018-12-09,active,False,2023-12-03 03:26:12
CUST00004797,Luiz Miguel Duarte,1967-01-25,danielfarias@example.org,São Paulo,São Paulo,2019-09-03,ACTIVE,False,2024-06-26 10:40:41
CUST00000718,Luigi Camargo,1984-06-13,stephany94@example.net,Montes Claros,MG,2021-03-06,ACTIVE,True,2021-12-16 15:38:21
CUST00000102,Sr. Ryan Cunha,1941-09-17,valentim54@example.net,Caxias do Sul,Rio Grande do Sul,2021-06-26,ACTIVE,True,2023-05-25 02:53:42
CUST00002334,Pietra Porto,1986-10-07,rochamariane@example.org,Cascavel,PR,2020-03-31,ACTIVE,False,2021-06-24 23:03:53
CUST00001549,Lucas Gabriel Campos,1947-09-27,enzo-gabriel09@example.org,São Paulo,SP,2023-09-08,ACTIVE,True,2025-08-17 20:28:14
CUST00002693,Ana Luiza Silveira,1973-07-25,nmonteiro@example.net,Montes Claros,MG,2024-01-27,ACTIVE,False,2025-12-06 05:36:17
CUST00001832,Hellena Rocha,1966-05-29,viniciusmelo@example.org,Petrópolis,RJ,2023-11-28,ACTIVE,True,2026-02-12 20:48:18
CUST00000489,Bárbara Nascimento,1968-02-14,oliver74@example.com,Caruaru,PE,2022-04-12,INACTIVE,False,2024-06-17 04:46:42
CUST00000390,Ayla Peixoto,1978-08-01,helena04@example.com,Montes Claros,MG,2025-09-21,ACTIVE,True,2026-06-20 15:11:34
CUST00002822,João Cavalcante,1978-08-23,iribeiro@example.org,Recife,PE,2018-07-22,ACTIVE,True,2019-09-08 08:46:25
CUST00004721,Dra. Rafaela Caldeira,1992-04-05,kamillycaldeira@example.com,Nova Iguaçu,RJ,2019-03-16,ACTIVE,True,2021-05-05 03:33:41
CUST00004711,Melina Moreira,1985-10-20,gustavo45@example.com,Sorocaba,SP,2022-05-27,ACTIVE,True,2024-03-04 20:57:17
CUST00001883,Gabriela Barbosa,1978-09-18,gustavosiqueira@example.org,Itajaí,SC,2024-09-21,INACTIVE,True,2025-04-14 05:02:31
CUST00004458,Lucas Campos,1987-08-09,raquel95@example.net,Uberaba,MG,2019-10-13,INACTIVE,False,2024-04-13 17:14:55
CUST00002779,Sr. Luan Carvalho,1993-01-15,allanagarcia@example.org,Belo Horizonte,MG,2024-08-19,ACTIVE,True,2026-05-27 20:57:02
CUST00000002,Yago Borges,1990-11-10,bandrade@example.org,Campinas,SP,2020-08-10,ACTIVE,True,2026-02-19 02:53:44
CUST00003587,Brenda Rodrigues,1976-08-04,earaujo@example.com,Santa Maria,RS,2026-07-20,ACTIVE,True,2026-07-24 15:37:30
CUST00002313,Rhavi Costa,1983-10-02,benicio43@example.org,São José dos Campos,SP,2018-03-16,ACTIVE,True,2022-06-03 00:45:35
10000009,Yasmin Cunha,1983-01-10,kpacheco@example.org,Blumenau,SC,2023-06-09,ACTIVE,False,2025-11-25 16:35:11
CUST00002559,Brayan Cassiano,1968-01-14,bcaldeira@example.org,Montes Claros,MG,2025-01-05,ACTIVE,True,2025-07-03 00:06:31
CUST00000431,Josué da Rosa,1963-05-14,machadovinicius@example.com,São Paulo,SP,2023-04-13,ACTIVE,True,2026-07-11 03:39:09
CUST00003346,Bárbara Viana,1952-06-24,sahadassa@example.com,Curitiba,PR,2020-03-16,ACTIVE,True,2023-03-28 04:00:46
CUST00000784,Marcela Duarte,1997-03-16,mda-mota@example.net,Santos,SP,2022-12-31,INACTIVE,True,2026-02-24 22:09:19
CUST00003571,Sra. Pietra Carvalho,1991-05-09,lviana@example.org,Montes Claros,MG,2026-01-27,ACTIVE,True,2026-07-09 16:20:36
CUST00002067,Bento Peixoto,2003-07-02,ana-beatrizfreitas@example.net,Sorocaba,SP,2026-01-16,ACTIVE,False,2026-03-29 07:01:45
CUST00001318,Maria da Conceição,1974-04-22,martinsolivia@example.net,Contagem,MG,2018-10-18,ACTIVE,True,2021-05-01 13:24:56
CUST00004089,Cecília Vasconcelos,2002-01-15,matheusmacedo@example.net,Anápolis,GO,2022-01-03,ACTIVE,True,2022-01-16 14:32:01
CUST00001307,Isabella Freitas,1989-06-27,luigi89@example.com,São José dos Campos,SP,2021-05-25,INACTIVE,True,2025-07-05 22:36:59
CUST00003854,Clara Pastor,1983-09-15,hellenanovaes@example.net,Blumenau,SC,2019-02-07,ACTIVE,True,2020-03-17 17:35:31
CUST00002949,Sra. Maria Luísa da Mota,2009-11-15,marquesluigi@example.org,Maringá,paraná,2021-11-07,ACTIVE,False,2024-02-27 05:39:03
CUST00000700,Bárbara Moreira,1997-11-30,garcianoah@example.net,Ribeirão Preto,SP,2018-01-31,ACTIVE,False,2024-02-21 12:15:40
CUST00003182,Isis Sales,1994-01-24,luiz-henrique95@example.net,Itajaí,SC,2021-07-13,active,False,2021-07-27 20:57:28
CUST00002283,Bernardo Carvalho,2009-11-21,gustavomoreira@example.org,Rio de Janeiro,RJ,2021-02-08,INACTIVE,True,2022-03-22 15:01:18
CUST00003276,Matteo Cardoso,2002-06-12,fernandoazevedo,Curitiba,PR,2025-03-18,ACTIVE,True,2025-10-11 12:22:07
CUST00002714,Lorena Borges,1980-12-15,ana-beatriz71@example.com,Vitória da Conquista,BA,2024-04-14,ACTIVE,True,2024-08-12 19:27:13
CUST00003408,Sophie da Mota,1990-11-16,theolopes@example.org,Montes Claros,MG,2020-09-14,ACTIVE,True,2023-10-07 07:13:17
CUST00003061,Dr. Mateus Gonçalves,1941-02-09,maite21@example.org,Duque de Caxias,RJ,2026-12-14,ACTIVE,True,2025-03-23 22:00:50
CUST00000984,Hellena Martins,1991-12-24,yuriaragao@example.org,Blumenau,SC,2018-06-29,BLOCKED,True,2019-12-22 01:18:45
CUST00003522,Sra. Alice Brito,1991-08-28,leo64@example.com,São Paulo,SP,2020-06-23,ACTIVE,True,2025-07-16 22:41:06
CUST00001850,Fernanda Castro,2002-02-26,osilva@example.com,Santos,SP,2024-06-30,ACTIVE,True,2024-10-03 05:46:28
CUST00003584,Enrico da Rosa,2001-05-06,fborges@example.net,Santos,SP,2025-10-13,ACTIVE,True,2026-03-14 13:57:55
CUST00003265,Benicio da Conceição,1959-06-15,ana-carolina44@example.org,Uberaba,MG,2018-09-21,ACTIVE,True,2022-09-21 16:40:36
CUST00002310,Dra. Daniela Cunha,1986-11-01,goncalvesgabriela@example.org,Santos,SP,2026-01-17,ACTIVE,yes,2026-06-15 10:39:05
CUST00000240,Cecilia Teixeira,1977-05-21,nmachado@example.org,São José dos Campos,SP,2018-08-31,INACTIVE,True,2020-08-21 11:35:34
CUST00001803,Valentina Moreira,1974-12-12,rdias@example.org,Santos,SP,2021-11-27,ACTIVE,yes,2025-12-22 17:50:21
CUST00000333,Vitor Gabriel Cassiano,1969-09-02,beatrizmoreira@example.com,Cascavel,PR,2025-02-13,ACTIVE,True,2026-04-04 02:23:38
CUST00003675,José Miguel Moura,1980-07-17,carlos-eduardomoreira@example.com,Santos,SP,2019-10-14,INACTIVE,True,2023-06-27 17:55:17
CUST00002753,Josué Almeida,1993-04-22,vicente49@example.com,São Paulo,SP,2025-05-29,INACTIVE,True,2026-06-27 07:08:21
CUST00000796,Brayan da Rosa,1996-04-22,cunharafaela@example.org,Ribeirão Preto,SP,2021-12-11,INACTIVE,True,2024-05-03 08:01:45
CUST00000881,Vicente da Rosa,2003-02-15,stella03@example.net,Santos,SP,2023-10-01,ACTIVE,yes,2025-10-10 02:57:32
CUST00000904,Bella Guerra,1992-10-21,duartediego@example.com,São Paulo,SP,2022-01-09,INACTIVE,True,2023-07-05 19:40:44
CUST00001427,Isabel Câmara,1962-07-23,igor41@example.org,São José dos Campos,SP,2021-01-31,ACTIVE,True,2023-03-28 03:52:38
CUST00001618,Dra. Maya Porto,1941-06-07,gael-henrique11@example.org,Sorocaba,SP,2026-06-07,ACTIVE,True,2026-06-12 21:54:33
CUST00004472,Bruno da Conceição,2001-09-20,,Belo Horizonte,MG,2018-01-25,ACTIVE,True,2024-04-03 15:38:31
CUST00004532,Carolina Carvalho,1964-08-14,vitor-hugovasconcelos@example.org,Sorocaba,XX,2026-04-05,ACTIVE,True,2026-06-17 07:50:10
CUST00001521,João Guilherme Sampaio,1993-07-11,amandaaparecida@example.net,Montes Claros,MG,2021-05-14,INACTIVE,yes,2022-09-06 07:38:10
CUST00003316,Ana Julia Freitas,2004-03-29,juan86@example.com,Uberlândia,MG,2021-05-05,ACTIVE,True,2023-02-09 07:01:18
CUST00003638,Elisa da Mata,1957-02-22,oliviasouza@example.com,Santa Maria,RS,2019-09-04,Inactive,True,2026-07-10 04:22:36
CUST00000507,Dra. Maria Alice Pastor,1986-12-22,santosclarice@example.net,Belo Horizonte,MG,2019-12-21,ACTIVE,True,2021-02-27 23:16:51
CUST00003763,José Pedro Aparecida,1962-12-14,joao-felipeduarte@example.org,São Paulo,SP,2019-10-02,ACTIVE,False,2021-01-25 03:26:36
CUST00000272,Luiz Miguel Novaes,1992-02-11,maria-helena82@example.net,Cascavel,PR,2020-09-07,ACTIVE,False,2024-08-25 14:09:15
CUST00001161,Lorenzo Araújo,1976-09-24,novaesgiovanna@example.org,São José dos Campos,SP,2024-09-22,ACTIVE,False,2025-11-17 06:30:45
CUST00000870,Lucas Moura,1963-12-12,nmoura@example.net,Campinas,SP,2018-08-12,ACTIVE,True,2020-01-02 03:32:28
CUST00000222,Maria Luísa Vasconcelos,1997-06-16,caua51@example.com,Ribeirão Preto,SP,2023-01-19,active,True,2025-12-10 23:05:59
CUST00003260,Luiz Henrique Ramos,1996-11-28,bentopereira@example.org,Campinas,SP,2026-02-10,ACTIVE,True,2026-05-12 07:44:12
CUST00000922,Dra. Mariana Pinto,1982-05-25,mariamoraes@example.com,Cascavel,PR,2021-10-20,BLOCKED,False,2026-05-03 20:53:02
CUST00004442,Mirella Aragão,1940-11-21,levicasa-grande@example.org,Santos,SP,2021-01-28,INACTIVE,True,2022-08-22 01:54:14
CUST00004720,Antony Rocha,2006-12-08,gael-henriquegarcia@example.com,Uberlândia,MG,2019-03-06,ACTIVE,True,2021-08-19 16:57:00
CUST00001649,Júlia Dias,1995-08-02,pereirahadassa@example.com,Uberlândia,MG,2019-03-02,ACTIVE,yes,2023-12-14 06:49:21
CUST00004261,Joaquim da Cruz,2003-01-23,fernanda01@example.net,Curitiba,PR,2018-04-17,ACTIVE,True,2019-03-16 05:29:11
CUST00001356,Enrico Cavalcante,2000-05-07,pereiraguilherme@example.org,Olinda,PE,2024-05-04,ACTIVE,True,2026-02-12 11:09:23
CUST00004134,Dra. Maya Ferreira,1962-06-27,xguerra@example.com,Caxias do Sul,RS,2020-09-22,active,True,2021-11-19 18:53:59
CUST00002963,Noah Siqueira,1979-09-22,pintoolivia@example.org,Campinas,SP,2018-04-22,active,True,2020-12-25 18:52:06
CUST00003890,Maria Vitória Jesus,1999-05-12,abarbosa@example.org,São Paulo,SP,2019-10-05,active,True,2020-01-08 16:11:07
CUST00000368,Rafaela Ribeiro,1964-11-12,aalmeida@example.net,Maringá,PR,2021-07-26,ACTIVE,True,2022-09-21 21:14:05
CUST00003443,Levi da Mata,2005-04-04,ana-lizaragao@example.com,Campinas,São Paulo,2022-05-14,ACTIVE,True,2026-02-06 14:58:44
CUST00004057,Sr. Luiz Felipe Cavalcanti,1962-08-14,wramos@example.com,Petrópolis,RJ,2020-07-18,ACTIVE,True,2022-07-24 09:44:39
CUST00003246,Alícia Novais,1990-07-17,novaesmaria-cecilia@example.com,Vitória,ES,2022-11-08,ACTIVE,True,2026-06-26 21:14:30
CUST00002398,Alícia Mendonça,1990-07-19,csilveira@example.com,Santos,SP,2024-09-18,ACTIVE,no,2025-06-11 14:29:48
CUST00002824,Noah Araújo,1959-12-25,benjaminpires@example.net,São José dos Campos,SP,2024-03-30,BLOCKED,True,2025-08-23 16:05:22
CUST00002476,Levi Pastor,1975-09-13,manuellada-luz@example.com,São Paulo,SP,2023-08-20,ACTIVE,True,2025-07-16 22:00:53
CUST00001436,Gustavo Henrique Siqueira,1984-05-29,cauavasconcelos@example.org,São Paulo,SP,2020-01-18,ACTIVE,True,2025-05-17 20:32:30
CUST00000828,Guilherme Vieira,1974-08-12,caue70@example.org,Duque de Caxias,RJ,2020-12-28,ACTIVE,True,2023-09-07 09:01:08
CUST00000010,Maria Clara Castro,2001-05-18,daniela34@example.net,Canoas,RS,2021-01-01,ACTIVE,False,2023-09-05 16:05:01
CUST00001093,Sr. Antônio Nascimento,1978-09-20,breno76@example.net,Montes Claros,MG,2025-11-18,ACTIVE,True,2026-03-24 07:21:13
CUST00000957,Isis Vasconcelos,2005-12-22,falmeida@example.org,Chapecó,SC,2018-02-08,ACTIVE,True,2023-11-23 09:48:36
CUST00004607,Eloah da Paz,1990-08-03,luanda-conceicao@example.org,Pelotas,RS,2025-06-26,ACTIVE,False,2026-05-18 06:30:29
CUST00003232,Dra. Ana Luiza Moura,1977-09-05,tduarte@example.net,Volta Redonda,RJ,2026-07-16,BLOCKED,True,2026-07-23 07:53:04
CUST00002840,Maria Laura Cirino,2006-07-20,caleb96@example.net,Uberlândia,minas gerais,2020-06-07,ACTIVE,False,2026-06-10 22:05:10
CUST00004412,Heloisa Fogaça,1981-06-14,nascimentojoana@example.com,Sorocaba,São Paulo,2018-11-12,ACTIVE,True,2021-07-10 20:39:27
CUST00000746,Dr. João Vitor Santos,2001-06-12,isabela47,Santos,SP,2021-03-13,ACTIVE,True,2025-01-18 21:08:11
CUST00001487,Kaique Mendes,1989-03-03,vinicius30@example.net,Rio de Janeiro,RJ,2022-04-20,ACTIVE,yes,2025-10-15 17:43:24
CUST00001355,Yan Ribeiro,1973-07-03,lunacarvalho@example.com,Pelotas,RS,2020-05-30,ACTIVE,True,2021-09-08 06:22:46
CLIENT00000010,Isadora Ribeiro,1989-02-17,portojuan@example.com,São Paulo,SP,2021-10-29,INACTIVE,False,2023-05-02 04:13:09
CUST00002329,Isaque Sá,1977-08-18,nda-rosa@example.net,Sorocaba,SP,2022-10-15,ACTIVE,True,2024-10-13 09:48:38
CUST00004034,Enrico da Mota,1994-04-07,emillymachado@example.org,Sorocaba,SP,2023-03-05,ACTIVE,True,2024-09-23 17:28:01
CUST00001565,Luiz Otávio Casa Grande,2001-04-04,da-cruzeduardo@example.org,Caxias do Sul,RS,2019-10-26,ACTIVE,True,2023-12-07 06:05:15
CUST00000818,Srta. Catarina Mendes,1964-01-03,mariahgoncalves@example.net,Niterói,Rio de Janeiro,2022-04-17,ACTIVE,True,2023-02-10 07:09:21
CUST00001762,Benjamin Alves,1981-04-10,sophiepereira@example.com,Campinas,SP,2021-10-24,INACTIVE,True,2023-10-04 15:31:59
CUST00001132,Matteo Garcia,1979-03-08,asafealmeida@example.net,São Paulo,SP,2020-12-15,blocked,True,2022-08-23 10:42:19
CUST00003820,Vinicius Albuquerque,1992-05-07,anna-liz07@example.org,Camaçari,BA,2020-04-09,ACTIVE,False,2021-06-22 14:44:51
CUST00004578,Dom Nogueira,1993-03-04,marcos-viniciusborges@example.net,Uberlândia,MG,2019-03-16,INACTIVE,False,2021-08-19 11:32:51
CUST00002468,Lívia Casa Grande,1968-11-19,carvalhorhavi@example.net,Campinas,SP,2019-05-27,ACTIVE,True,2024-10-20 12:06:51
CUST00001188,Raquel da Conceição,1982-01-06,mouraarthur-miguel@example.com,Caucaia,CE,2018-07-07,ACTIVE,True,2018-08-02 08:13:10
CUST00000840,Yasmin Silveira,1968-07-03,cirinoanna-liz@example.org,Campinas,SP,2018-04-30,ACTIVE,False,2023-01-04 23:37:27
CUST00003315,Sr. Antônio Sousa,1987-03-28,gustavo-henriquemacedo@example.com,Campinas,SP,2018-04-03,BLOCKED,True,2021-04-08 23:42:51
CUST00002520,Maria Laura Carvalho,2002-05-22,yuricamargo@example.net,Nova Iguaçu,RJ,2021-07-22,ACTIVE,False,2025-01-21 07:09:30
CUST00002546,José Miguel Albuquerque,1963-11-24,rcampos@example.net,Campinas,SP,2022-07-26,ACTIVE,False,2025-10-17 23:03:21
CUST00004639,Alana Brito,1991-02-17,caio19@example.com,Sorocaba,SP,2023-01-20,ACTIVE,True,2024-02-14 07:33:41
CUST00002288,Amanda Aragão,1991-12-31,lorenzo33@example.org,São José dos Campos,SP,2025-09-09,BLOCKED,True,2026-07-13 23:29:29
CUST00004054,Pedro Lucas Siqueira,1982-06-18,samuel70@example.net,Duque de Caxias,RJ,2026-05-08,ACTIVE,True,2026-07-25 13:27:09
CUST00001938,Heitor da Rosa,1990-02-11,vborges@example.com,Santos,SP,2023-08-16,ACTIVE,True,2025-08-13 08:54:15
CUST00002160,Maitê Marques,1986-08-13,cviana@example.org,Ribeirão Preto,São Paulo,2018-08-17,ACTIVE,True,2023-09-05 20:36:12
CUST00002718,,1992-08-02,ngomes@example.net,Montes Claros,MG,2020-12-26,ACTIVE,True,2026-01-19 12:39:19
CUST00004110,Ravi Vieira,1999-02-01,guerrasara@example.net,Joinville,SC,2023-07-04,ACTIVE,True,2024-05-05 13:31:57
CUST00004494,Sr. Joaquim Almeida,1987-08-21,vmarques@example.com,Cariacica,ES,2022-05-28,UNKNOWN,True,2023-11-06 18:31:05
CUST00002347,Marcos Vinicius Aparecida,2008-11-12,luiz-otavio35@example.net,São José dos Campos,SP,2025-06-03,ACTIVE,True,2025-12-09 05:58:55
CUST00001047,Allana da Luz,2007-04-14,danilocasa-grande@example.com,Londrina,paraná,2019-09-26,INACTIVE,True,2025-12-12 04:13:58
CUST00004695,Dr. Isaac Dias,1987-08-18,antonyvasconcelos@example.org,São José dos Campos,SP,2025-12-07,ACTIVE,False,2026-03-05 19:59:34
CUST00004359,Lunna Abreu,1989-10-30,eduardo88@example.com,São Paulo,SP,2021-04-30,ACTIVE,False,2023-06-09 20:14:48
CUST00001287,Anthony Marques,1994-10-28,ymartins@example.com,Recife,PE,2020-12-06,INACTIVE,True,2025-09-22 23:59:57
CUST00001852,Anthony Gabriel Andrade,1998-02-16,sasara@example.org,São Paulo,SP,2018-05-09,INACTIVE,False,2019-12-09 15:06:26
CUST00004715,Bryan Lima,1996-12-10,daniela60@example.com,São José dos Campos,SP,2020-08-08,ACTIVE,True,2022-05-23 23:01:34
CUST00004729,João Vitor Câmara,1960-04-24,levi94@example.net,São José dos Campos,SP,2019-02-09,ACTIVE,True,2019-09-12 22:06:41
CUST00002641,Dr. Dante Casa Grande,2004-09-04,bfernandes@example.net,Duque de Caxias,RJ,2025-08-30,ACTIVE,True,2026-07-29 20:40:30
CUST00001308,Srta. Bárbara Casa Grande,1994-07-04,mateuscorreia@example.net,Niterói,RJ,2024-06-17,ACTIVE,True,2025-07-30 02:47:52
CUST00004293,Dra. Clara Pacheco,1973-04-27,barrosyasmin@example.com,Cascavel,PR,2023-02-11,ACTIVE,False,2025-05-26 19:49:55
CLIENT00000004,Srta. Esther Carvalho,2005-04-03,samuelda-mata@example.com,São Paulo,SP,2023-12-09,ACTIVE,True,2026-07-19 02:47:13
CUST00004732,Sara Sales,1976-02-20,elisabrito@example.net,Santos,SP,2019-07-10,ACTIVE,False,2019-11-16 18:20:59
CUST00004563,Mathias da Rosa,2004-08-12,isadora49@example.com,Curitiba,PR,2021-01-15,ACTIVE,True,2024-06-04 03:30:59
CUST00001660,Luan Pastor,1965-07-08,kda-costa@example.org,Sorocaba,SP,2018-04-08,ACTIVE,True,2019-09-25 10:39:39
CUST00004229,Bárbara Moraes,2002-12-17,kgoncalves@example.org,Santos,SP,2019-10-18,ACTIVE,False,2024-01-30 04:20:55
CUST00004529,Sra. Isabela Rios,1993-09-09,zmacedo@example.net,Santa Maria,RS,2019-12-04,ACTIVE,False,2020-02-21 21:09:23
CUST00000573,Ana Sophia Melo,1996-10-09,melissacampos@example.net,São Paulo,SP,2018-01-01,ACTIVE,False,2023-11-07 19:50:10
CUST00002697,Isabela Freitas,1975-05-29,sampaiovitor-gabriel@example.org,Santos,SP,2023-01-06,active,True,2026-04-01 08:42:49
CUST00003152,Raul da Rocha,1978-07-08,viniciusjesus@example.org,Uberlândia,MG,2022-11-07,ACTIVE,False,2024-05-15 09:52:21
CUST00002527,Sra. Valentina da Rocha,1982-11-28,juliacamargo@example.com,Montes Claros,MG,2026-05-20,active,True,2026-06-09 19:42:09
CUST00003423,Ana Lívia Pires,1985-02-20,beatrizferreira@example.net,Londrina,PR,2023-12-07,ACTIVE,True,2024-08-05 11:40:22
CUST00003948,Noah Viana,1987-04-02,goncalvesstephany@example.org,Belo Horizonte,MG,2021-05-12,ACTIVE,yes,2024-10-13 02:13:32
CUST00001300,Srta. Nina Pinto,1963-10-12,rhavimendes@example.net,Salvador,bahia,2022-11-06,ACTIVE,True,2026-04-30 13:45:34
CUST00002076,Davi Lucas Duarte,2004-07-11,gael77@example.net,Itajaí,SC,2020-09-22,ACTIVE,True,2021-07-25 04:53:54
CUST00001672,Pietra Ribeiro,1949-08-13,uda-mota@example.net,Feira de Santana,BA,2023-10-04,ACTIVE,True,2025-11-02 13:56:54
CUST00003328,Dr. Caleb Fonseca,1995-09-04,manuella31@example.net,Anápolis,GO,2022-03-16,ACTIVE,yes,2024-07-21 04:55:54
CUST00004012,Sr. Kevin Barbosa,1997-10-02,jose81@example.net,Ribeirão Preto,SP,2024-11-13,Inactive,True,2026-04-27 21:49:56
CUST00001494,Dr. Fernando Nascimento,1974-12-12,henrique77@example.org,Camaçari,BA,2022-04-28,ACTIVE,True,2023-05-08 21:04:10
CUST00004508,Luiz Miguel Pastor,1951-11-06,hmartins@example.org,Uberlândia,MG,2022-12-09,ACTIVE,True,2026-01-13 17:30:17
CUST00002730,Mariana Novais,1994-11-02,guilhermeda-paz@example.com,Belo Horizonte,MG,2024-02-23,INACTIVE,True,2025-12-07 10:12:42
CUST00002178,Gabriel Vasconcelos,1977-12-16,mda-cunha@example.org,Juiz de Fora,MG,2022-01-22,ACTIVE,False,2022-06-17 11:41:24
CUST00003816,Heloisa Alves,1982-07-06,davi-miguel34@example.net,Campinas,SP,2025-09-25,ACTIVE,False,2026-02-14 12:26:17
CUST00000842,Kamilly Cassiano,2000-02-20,heitorcardoso@example.org,Chapecó,SC,2022-01-28,ACTIVE,no,2023-04-09 16:55:29
CUST00002218,Danilo Ribeiro,1982-10-10,sarahlima@example.org,São Paulo,SP,2024-10-28,ACTIVE,True,2026-06-05 11:15:29
CUST00004033,Matheus Cavalcanti,1921-09-15,znunes@example.com,Joinville,SC,2026-07-23,INACTIVE,True,2026-07-27 18:43:30
CUST00001090,Davi Lucas Fonseca,1988-09-15,benjamim56@example.org,Duque de Caxias,RJ,2025-10-04,BLOCKED,True,2026-04-02 01:45:10
CUST00002900,Sr. Leandro Albuquerque,1994-04-15,sampaiogustavo-henrique@example.net,Londrina,PR,2025-05-01,ACTIVE,True,2026-07-24 22:24:13
CUST00002270,Sr. Renan da Cruz,1974-03-26,andreduarte@example.com,Uberaba,MG,2020-02-04,ACTIVE,True,2020-04-20 15:05:21
CUST00003685,Mariane Pereira,2006-08-04,pintovicente@example.net,São José dos Campos,SP,2023-11-07,ACTIVE,True,2026-01-13 11:58:32
CUST00003694,Lucas Gabriel Pinto,1966-10-27,pastormiguel@example.net,São Paulo,SP,2023-01-25,active,False,2026-03-25 11:31:13
CUST00002068,Eduarda Leão,1961-06-11,luiz-fernandomoreira@example.org,Campinas,SP,2019-09-28,active,True,2021-07-24 04:20:26
CUST00002336,Beatriz Lima,1982-05-17,mariane06@example.org,Campinas,SP,2021-11-18,ACTIVE,True,2023-03-12 08:10:26
CUST00003432,Matheus Alves,1996-05-29,pintofelipe@example.com,São José dos Campos,SP,2022-08-28,ACTIVE,False,2023-10-12 18:09:47
CUST00003444,Sra. Maria Flor Novaes,1977-03-04,henrycassiano@example.org,Contagem,MG,2018-07-09,ACTIVE,True,2024-02-22 21:34:37
CUST00003494,Luiz Henrique Azevedo,1963-01-06,bcaldeira@example.com,Montes Claros,MG,2018-11-09,ACTIVE,True,2023-09-06 19:12:48
CUST00002765,Caleb Almeida,1967-05-19,lucas-gabrielvasconcelos@example.net,Santa Maria,RS,2024-02-18,ACTIVE,True,2026-01-19 19:11:07
CUST00001017,Juan Leão,1991-07-08,maria-juliaferreira@example.com,Campinas,SP,2021-01-26,INACTIVE,True,2021-08-21 08:46:59
CUST00001412,Dr. Isaque Fonseca,1991-10-09,ngarcia@example.org,Sorocaba,SP,2020-05-12,INACTIVE,False,2021-10-04 06:29:19
CUST00004284,Erick Pires,1997-02-26,freitasmarcelo@example.com,Uberaba,MG,2020-11-01,ACTIVE,False,2025-03-03 21:53:10
CUST00000882,Luísa Vieira,1992-03-06,davi-lucca24@example.org,Contagem,MG,2022-02-17,ACTIVE,True,2022-12-02 18:39:55
CUST00003981,Letícia Dias,1995-11-06,maria-vitoriasampaio@example.org,Montes Claros,MG,2022-12-20,INACTIVE,True,2025-11-01 18:32:45
CUST00002938,Stephany Oliveira,1972-02-10,gabriellyalbuquerque@example.com,Uberlândia,MG,2019-04-23,UNKNOWN,True,2023-02-26 14:52:18
CUST00003707,Sra. Luiza das Neves,1993-12-03,nogueirayuri@example.org,Sorocaba,SP,2024-11-13,ACTIVE,True,2026-05-18 18:05:30
CUST00002158,Leonardo da Rocha,2005-05-03,ferreiraluiz-miguel@example.net,São José dos Campos,SP,2026-03-02,ACTIVE,False,2026-07-26 03:51:56
CUST00002977,Ravi Vasconcelos,1991-12-17,mbrito@example.net,Niterói,RJ,2021-03-27,Inactive,False,2024-08-01 12:21:17
CUST00003782,Joaquim Santos,1989-02-19,zcorreia@example.net,Duque de Caxias,RJ,2024-01-20,ACTIVE,True,2025-10-27 12:55:38
CUST00001323,Sr. Yago Costa,1976-05-15,matteo54,Florianópolis,SC,2020-08-23,ACTIVE,False,2025-10-31 05:01:26
CUST00001661,Antony Ramos,1992-02-27,martinsalice@example.org,Cascavel,PR,2024-06-13,ACTIVE,True,2025-10-17 15:37:41
CUST00003054,Dr. Nathan Alves,1990-10-02,vitor57@example.net,Uberlândia,MG,2021-12-24,ACTIVE,False,2023-12-10 12:52:46
CUST00002293,Miguel Cunha,1995-02-02,stellaabreu@example.net,Florianópolis,SC,2024-05-25,ACTIVE,True,2024-08-26 21:32:11
CUST00004321,Srta. Emanuelly Sampaio,1976-07-25,marquesmaria-sophia@example.net,Santos,SP,2019-06-23,ACTIVE,True,2023-07-02 16:21:26
CUST00002410,Sofia Araújo,2002-07-26,kcarvalho@example.org,Feira de Santana,BA,2025-08-24,ACTIVE,True,2025-11-02 13:11:15
CUST00001027,Raul Dias,2004-09-02,anthonysousa@example.net,São Paulo,SP,2021-10-12,INACTIVE,True,2023-08-28 06:43:50
CUST00002085,Sr. Nathan Machado,1983-09-28,mariapinto@example.com,São José dos Campos,SP,2024-08-27,ACTIVE,True,2024-12-17 18:25:36
CUST00000913,Melissa Costa,1964-04-21,anna-lizda-rosa@example.net,Caruaru,PE,2018-05-02,ACTIVE,False,2026-05-11 19:06:36
CUST00002652,Sra. Ana Júlia Marques,1989-10-20,lvasconcelos@example.net,Recife,PE,2022-09-29,ACTIVE,False,2025-05-14 03:31:35
CUST00002271,Rafaela Novais,1978-10-22,yagodias@example.com,Sorocaba,SP,2019-04-15,ACTIVE,True,2021-03-16 01:39:58
CUST00000296,Dr. Luiz Otávio Sá,1988-10-14,miguelpereira@example.net,Niterói,Rio de Janeiro,2019-07-23,ACTIVE,True,2020-02-04 13:32:27
CUST00003139,Yasmin Ramos,1955-07-02,guilherme32@example.org,Londrina,PR,2020-08-18,ACTIVE,True,2022-06-23 09:56:39
CUST00001735,Maria Julia Albuquerque,1986-11-19,bernardo97@example.org,Ribeirão Preto,SP,2023-05-19,active,True,2023-08-28 05:15:27
CUST00000687,Enrico Carvalho,1982-02-13,oliveirajuan@example.org,Uberaba,MG,2020-09-25,ACTIVE,False,2021-04-18 05:47:08
CUST00000972,Eloá Pastor,1972-11-28,caldeiraian@example.com,Sorocaba,SP,2022-07-04,ACTIVE,False,2026-03-08 01:58:51
CUST00002437,Manuela Pimenta,2000-03-10,maria-isis49@example.net,Camaçari,BA,2019-12-27,ACTIVE,True,2024-09-06 11:17:10
CUST00001151,Ian Cirino,1971-01-25,melovicente@example.org,Niterói,RJ,2020-05-10,ACTIVE,True,2025-09-26 16:15:17
CUST00004392,Sra. Manuela da Cruz,1974-03-31,lavinia53@example.com,Chapecó,SC,2026-06-07,INACTIVE,False,2026-07-19 01:01:05
CUST00001154,Luiz Fernando Borges,1944-06-30,qpacheco@example.net,Nova Iguaçu,RJ,2019-03-12,ACTIVE,True,2023-03-26 09:35:33
CUST00004159,Bruna Siqueira,1971-01-30,das-nevessophia@example.org,São José dos Campos,SP,2021-07-10,ACTIVE,True,2025-03-27 12:59:51
CUST00004213,Sr. Luiz Gustavo Andrade,2003-09-28,anthonyda-rosa@example.com,Camaçari,BA,2024-11-08,INACTIVE,True,2025-04-23 07:37:59
CUST00003575,Cauê Nascimento,1986-12-17,claricesiqueira@example.net,Ribeirão Preto,SP,2024-05-08,BLOCKED,True,2026-02-09 01:23:57
CUST00000516,Matteo Vargas,2000-01-24,cirinoanna-liz@example.net,Contagem,MG,2020-07-01,ACTIVE,True,2024-08-21 15:01:44
CUST00004019,Lorena Sampaio,1966-07-18,nogueiraagatha,São Paulo,SP,2022-12-04,ACTIVE,True,2023-06-04 18:39:35
CUST00004535,Enzo Monteiro,2009-09-22,rafael66@example.net,Pelotas,RS,2022-11-29,ACTIVE,True,2023-05-14 23:11:08
CUST00000621,Raul Viana,1999-12-26,camilacaldeira@example.com,São Paulo,SP,2020-09-22,Inactive,False,2020-11-03 16:01:42
CUST00004148,Dra. Maria Sophia Porto,1983-02-03,rda-paz@example.org,Rio de Janeiro,RJ,2026-04-06,INACTIVE,True,2026-05-05 08:10:59
CUST00001759,Ana Carolina Ferreira,1974-09-30,leaoenrico@example.net,Santa Maria,RS,2025-05-01,ACTIVE,True,2026-06-06 08:39:47
CUST00003438,Maria Julia Ferreira,2000-07-22,evelyn44@example.org,São Paulo,SP,2025-09-17,ACTIVE,False,2026-05-17 16:42:27
CUST00001024,Carolina Macedo,1988-08-25,arthur32@example.org,São Paulo,SP,2025-07-27,ACTIVE,True,2026-07-25 03:26:13
CUST00002449,Carlos Eduardo Barros,1987-05-15,vieiraantony@example.org,Sorocaba,SP,2024-06-09,ACTIVE,True,2024-06-14 23:26:07
CUST00002196,Renan Oliveira,1989-04-21,rda-paz@example.net,Itajaí,Santa Catarina,2020-05-10,BLOCKED,True,2020-10-10 09:44:56
CUST00004404,Fernando Oliveira,1987-03-20,maysalima@example.com,São José dos Campos,SP,2023-11-14,ACTIVE,True,2026-04-20 08:51:51
CUST00002759,Dr. Benjamim Novaes,1974-07-05,luiz-felipeandrade@example.org,Salvador,BA,2020-01-02,ACTIVE,False,2025-08-06 13:22:17
CUST00003287,Gabrielly Andrade,1984-06-05,ravi78@example.net,Porto Alegre,RS,2020-10-15,ACTIVE,False,2024-05-17 22:49:49
CUST00001640,Elisa Cirino,2001-12-10,antonio29@example.net,Uberlândia,MG,2024-01-09,ACTIVE,False,2025-09-18 14:08:28
CUST00003288,Henry Correia,1998-03-23,mourapedro-henrique@example.com,São Paulo,São Paulo,2023-04-11,ACTIVE,True,2023-10-21 13:27:16
CUST00003951,Sophie Rezende,1976-07-25,maria-eduardaborges@example.org,Anápolis,GO,2022-08-02,ACTIVE,False,2022-11-18 22:37:52
CUST00000316,Dr. Carlos Eduardo Rodrigues,1974-05-28,anthonynovaes@example.org,Montes Claros,MG,2021-07-07,active,True,2022-06-26 21:45:39
CUST00002382,Sr. Asafe Azevedo,1978-10-18,cda-cruz@example.net,Petrópolis,RJ,2022-04-12,ACTIVE,False,2024-09-30 02:45:54
CUST00003569,Dr. Vitor Hugo Rios,2005-12-13,lda-luz@example.com,Montes Claros,MG,2019-09-22,ACTIVE,True,2026-06-12 07:18:33
CUST00000562,Maria Laura Pacheco,1996-09-10,abreunina@example.net,Montes Claros,minas gerais,2023-09-22,ACTIVE,False,2025-05-05 23:21:23
CUST00001127,Ester Pires,1998-11-10,pvieira@example.org,Montes Claros,MG,2021-09-18,INACTIVE,True,2025-10-16 02:49:27
CUST00000807,Yuri Moraes,1963-07-29,gabrielandrade@example.com,São José dos Campos,SP,2019-02-09,INACTIVE,False,2023-02-22 21:21:13
CUST00001613,Marcos Vinicius Cunha,2000-09-06,otto39@example.org,Goiânia,GO,2025-12-26,ACTIVE,True,2026-01-19 17:03:46
CUST00000960,Srta. Ágatha Câmara,2006-05-17,gomesmaria-luisa@example.org,Duque de Caxias,RJ,2019-11-30,ACTIVE,True,2025-08-18 09:02:28
CUST00004170,Maria Alice Ramos,1983-03-19,sagustavo-henrique@example.com,Salvador,BA,2022-07-20,active,True,2026-07-02 06:28:09
CUST00004502,Valentim Vasconcelos,1997-06-21,maria-laura47@example.com,Canoas,Rio Grande do Sul,2026-04-12,ACTIVE,True,2026-06-08 19:40:27
CUST00000973,Hellena Azevedo,1982-06-14,leticiafernandes@example.net,Sorocaba,SP,2023-03-17,ACTIVE,False,2023-08-21 07:54:53
CUST00002745,Bárbara Ramos,1996-12-04,ecavalcanti@example.com,Ribeirão Preto,SP,2026-04-30,ACTIVE,yes,2026-07-17 19:27:06
CUST00000795,Maria Vitória Freitas,1999-01-09,pimentavitor@example.net,Ponta Grossa,PR,2026-06-10,ACTIVE,True,2026-07-09 05:32:57
CUST00004296,Dra. Maria Liz Rezende,1980-02-04,mendesbruna@example.net,Fortaleza,CE,2021-04-23,ACTIVE,True,2025-06-28 21:52:14
CUST00002001,Diogo Pacheco,1956-08-10,da-luzemanuella@example.net,Cascavel,PR,2025-07-13,ACTIVE,yes,2026-02-13 17:18:15
CUST00002314,Sra. Agatha Rezende,1950-03-17,nunesluara@example.net,Joinville,SC,2019-05-08,ACTIVE,False,2020-02-19 00:12:33
CUST00004340,Igor Nascimento,2002-04-27,kborges@example.com,Volta Redonda,RJ,2025-02-19,ACTIVE,True,2025-06-03 17:26:52
CUST00004515,Vitor Gabriel Fonseca,1982-10-19,cecilia80@example.net,Cascavel,PR,2025-06-02,ACTIVE,True,2026-06-04 15:20:45
CUST00003913,Rafaela Nascimento,2003-06-21,ocavalcante@example.org,Uberaba,MG,2020-05-12,ACTIVE,True,2021-01-23 06:51:51
CUST00000093,Bruna Nunes,2002-03-28,maria-florsampaio@example.com,São José dos Campos,SP,2024-05-20,INACTIVE,True,2025-09-04 09:20:28
CUST00003091,Eduardo Gonçalves,1999-08-26,fogacapedro-miguel@example.net,Campinas,SP,2019-09-13,active,False,2025-10-28 02:10:45
CUST00001199,Dom Sales,1982-01-08,santoscarlos-eduardo@example.com,Joinville,SC,2022-12-11,ACTIVE,False,2024-07-13 11:54:56
CUST00002062,Maria Cecília Mendes,1999-03-30,nicole17@example.org,Ribeirão Preto,SP,2023-03-13,ACTIVE,True,2024-11-29 15:09:25
CUST00000969,Stephany Marques,1960-06-13,ravi-luccabarbosa@example.org,Santa Maria,Rio Grande do Sul,2020-08-27,INACTIVE,False,2024-05-20 11:07:40
CUST00003365,Beatriz Sales,1995-01-16,dcunha@example.com,Caruaru,PE,2020-04-16,ACTIVE,False,2025-08-16 00:52:48
CUST00001920,Sr. Luiz Henrique Albuquerque,1979-07-05,lauramelo@example.com,Campinas,SP,2020-03-20,ACTIVE,True,2024-01-15 10:41:23
CUST00004770,Maria Flor Vasconcelos,1975-08-16,nicole48@example.org,Campinas,SP,2022-05-29,INACTIVE,True,2025-05-22 20:29:09
CUST00003759,Vitor Hugo da Luz,1993-08-30,anthony-gabrielramos@example.org,Curitiba,paraná,2019-02-03,INACTIVE,True,2025-01-20 08:22:50
CUST00003917,Fernanda da Cruz,1999-03-26,freitasvinicius@example.org,Sorocaba,São Paulo,2025-06-19,ACTIVE,False,2025-10-19 05:04:00
CUST00003300,Ana Sales,2007-12-02,camargocalebe@example.net,Pelotas,Rio Grande do Sul,2018-08-17,BLOCKED,True,2023-03-18 08:35:09
CUST00000791,Guilherme Caldeira,1998-02-02,oazevedo@example.net,Santos,SP,2023-07-13,BLOCKED,True,2026-05-15 21:56:46
CUST00000424,Francisco Dias,1941-01-02,dpinto@example.com,Sorocaba,SP,2021-11-29,active,True,2026-05-04 13:34:31
CUST00002851,Maria Luísa Abreu,1983-08-18,marcelo30@example.com,São Paulo,SP,2022-08-24,INACTIVE,True,2024-05-03 22:23:20
CUST00003098,Ana Julia Gomes,2006-07-20,maria-luizada-cruz@example.org,São Paulo,SP,2023-05-01,ACTIVE,False,2026-05-05 14:06:42
CUST00002499,Manuela Campos,1998-05-02,vianaanna-liz@example.org,Niterói,RJ,2023-12-04,ACTIVE,False,2024-05-29 05:05:47
CUST00001094,Mariah da Mata,2002-05-12,sampaiomaria-isis@example.net,Caxias do Sul,RS,2022-07-19,INACTIVE,yes,2026-01-08 21:13:25
CUST00004292,Sr. João Lucas Azevedo,1975-08-19,da-luzcarlos-eduardo@example.com,Londrina,PR,2025-07-22,ACTIVE,True,2026-01-12 19:56:26
CUST00001782,Dra. Ana Laura Caldeira,1962-11-05,rsilveira@example.com,Petrópolis,RJ,2020-12-16,ACTIVE,True,2026-03-04 16:35:57
CUST00003832,Luiz Miguel Silveira,1996-05-29,nsilva@example.com,São Paulo,SP,2027-02-06,ACTIVE,True,2024-07-28 01:55:06
CUST00002125,Lorenzo Almeida,2005-02-27,correiaana-luiza@example.net,Sorocaba,SP,2024-01-24,INACTIVE,True,2024-04-18 07:39:28
CUST00003732,Dra. Aurora Ramos,1974-07-23,ada-mata@example.net,Uberaba,MG,2020-12-04,active,True,2026-01-29 18:19:17
CUST00002331,Gustavo Henrique Cirino,1937-04-09,azevedothiago@example.com,Uberlândia,MG,2020-03-29,ACTIVE,True,2021-04-20 08:54:39
CUST00002980,Dr. Bryan Rodrigues,1982-03-23,alexandrebarros@example.net,São Paulo,SP,2021-10-19,ACTIVE,True,2025-05-10 18:16:03
CUST00003533,Pedro Silva,1997-09-01,zmachado@example.net,Ribeirão Preto,SP,2023-07-12,ACTIVE,False,2025-05-14 10:29:11
CUST00002357,Alice Camargo,1986-09-15,sofia04@example.org,Nova Iguaçu,Rio de Janeiro,2023-01-18,INACTIVE,False,2024-10-31 02:53:24
CUST00003214,Enrico Pimenta,1982-08-29,sophia31@example.com,Niterói,RJ,2026-05-09,INACTIVE,True,2026-05-25 12:21:50
CUST00002226,João Machado,1966-06-25,cfernandes@example.com,São Paulo,SP,2018-08-30,ACTIVE,False,2024-08-06 15:46:00
CUST00002821,Dra. Lavínia Pacheco,1973-09-27,pimentamaite@example.org,Ponta Grossa,PR,2023-03-30,ACTIVE,True,2025-09-07 10:05:45
CUST00000944,João Felipe Brito,1991-09-28,heloisa73@example.net,Duque de Caxias,Rio de Janeiro,2023-09-15,ACTIVE,True,2024-11-06 07:46:00
CUST00002686,Sr. Ian Ribeiro,1990-05-30,msilveira@example.net,São José dos Campos,SP,2018-07-22,ACTIVE,True,2022-06-23 06:18:52
CUST00002545,Srta. Hellena Sousa,1974-09-05,pedro-henriquefreitas@example.org,Canoas,RS,2019-03-31,ACTIVE,yes,2023-04-11 13:05:35
CUST00004544,Cauê Pacheco,1994-01-22,pvieira@example.net,Ponta Grossa,XX,2023-08-26,ACTIVE,True,2024-12-26 09:22:06
CUST00002567,Lucca Moura,1994-03-24,da-luzvicente@example.com,Ponta Grossa,PR,2025-07-20,active,False,2026-05-03 09:25:03
CUST00004104,Bento da Paz,1965-10-15,da-matarodrigo@example.org,São José dos Campos,SP,2019-04-27,ACTIVE,True,2026-07-24 14:22:19
CUST00002269,Rael Gomes,1994-08-05,yurisilva@example.org,Campinas,SP,2022-09-13,ACTIVE,False,2026-06-18 09:39:28
CUST00004470,Sarah Almeida,1978-06-09,uda-mota@example.net,Contagem,MG,2024-10-03,BLOCKED,True,2025-12-05 00:01:29
CUST00000686,Enrico Ramos,1983-01-02,palmeida@example.org,São José dos Campos,SP,2019-03-15,ACTIVE,True,2023-09-25 04:23:18
CUST00003742,Dr. Nathan Castro,1989-08-29,estercassiano@example.org,Belo Horizonte,MG,2023-05-19,ACTIVE,True,2025-05-20 03:10:26
CUST00002371,Levi Duarte,2005-01-26,mateusferreira@example.com,Cascavel,PR,2021-08-31,ACTIVE,False,2023-04-21 17:58:32
CUST00004417,Lunna Fernandes,1997-09-16,oliveirarebeca@example.com,Cascavel,PR,2019-06-10,ACTIVE,True,2021-10-16 02:28:18
CUST00002029,Lucas Gabriel Siqueira,1963-04-10,ana-vitoria74@example.com,Uberlândia,MG,2019-06-15,ACTIVE,True,2025-10-30 10:29:31
CUST00000844,Luiz Henrique Barros,1990-02-16,gcarvalho@example.net,São Paulo,SP,2021-07-07,ACTIVE,True,2023-07-10 00:49:05
CUST00001872,Eloá Pires,1976-06-13,vcarvalho@example.net,Campinas,SP,2024-02-12,INACTIVE,False,2024-06-25 06:07:39
CUST00002036,João Lucas Pereira,1999-01-20,garaujo@example.org,São José dos Campos,SP,2025-08-19,INACTIVE,yes,2026-05-26 13:27:00
CUST00000487,Dr. João Gabriel da Conceição,1989-11-20,costajoao-gabriel@example.net,Campinas,SP,2025-06-10,ACTIVE,True,2026-07-27 01:12:58
CUST00002004,Eloá Moura,1997-11-12,ecavalcanti@example.com,Campinas,SP,2021-07-10,ACTIVE,False,2024-06-15 01:45:38
CUST00000833,Antony Ferreira,1985-01-01,daniela43@example.net,São Paulo,SP,2025-04-22,INACTIVE,True,2026-03-24 06:02:10
CUST00001413,Dr. Carlos Eduardo Abreu,1983-08-03,zsampaio@example.net,Sorocaba,SP,2020-01-05,ACTIVE,True,2022-08-30 20:30:49
CUST00001359,Srta. Yasmin Cunha,1989-09-10,dsampaio@example.net,Duque de Caxias,RJ,2026-03-21,BLOCKED,True,2026-05-28 08:22:01
CUST00000540,Pedro Henrique Costa,1979-05-28,valentimdias@example.net,Santos,SP,2022-06-25,ACTIVE,True,2023-05-02 04:06:44
CUST00003087,Ian Lima,1967-06-09,gborges@example.com,Rio de Janeiro,RJ,2023-02-23,ACTIVE,True,2025-05-25 20:38:21
CUST00000055,Cauã Fogaça,2004-11-08,vpinto@example.org,Rio de Janeiro,RJ,2023-02-09,ACTIVE,True,2026-02-28 21:52:36
CUST00001418,Luiz Fernando Lima,1985-06-12,sribeiro@example.org,Ribeirão Preto,SP,2024-10-13,ACTIVE,no,2026-03-16 05:41:08
CUST00003797,Lavínia Azevedo,1998-10-27,dmoreira@example.com,Londrina,PR,2026-05-12,ACTIVE,False,2026-07-04 11:20:33
CUST00003045,Enzo Gabriel Gomes,1993-01-05,luaracampos@example.org,São Paulo,SP,2021-01-26,ACTIVE,False,2022-01-04 15:44:57
CUST00001908,Srta. Nicole Borges,1950-11-08,borgesluiz-otavio@example.net,Ponta Grossa,PR,2022-09-16,ACTIVE,True,2023-07-04 01:43:46
CUST00004086,Dra. Nicole Carvalho,1984-12-04,igor84@example.net,São Paulo,SP,2024-09-25,INACTIVE,True,2025-06-30 05:38:18
CUST00001598,Bryan Cirino,1951-06-25,goncalvesluana@example.org,Campinas,SP,2024-07-11,ACTIVE,yes,2025-09-19 08:12:11
CUST00000598,Ana Julia Brito,2007-04-09,brunoda-rocha@example.com,Rio de Janeiro,RJ,2018-02-23,INACTIVE,True,2026-01-16 10:47:54
CUST00000200,Raquel Pereira,1984-04-28,rleao,Blumenau,SC,2022-12-24,ACTIVE,True,2024-07-16 00:53:08
CUST00000924,Theo Siqueira,1973-02-01,melissada-mata@example.com,Curitiba,PR,2021-09-04,ACTIVE,True,2025-07-16 11:46:43
CUST00001534,Gustavo Pacheco,1997-12-09,ccassiano@example.org,Juiz de Fora,MG,2020-03-26,ACTIVE,False,2025-05-14 08:56:15
CUST00004252,Anna Liz Freitas,1994-05-24,danielda-cunha@example.com,Londrina,PR,2018-11-20,ACTIVE,True,2020-11-19 22:36:19
CUST00000543,Carlos Eduardo Caldeira,1990-04-20,vianaallana@example.net,Nova Iguaçu,RJ,2021-04-20,ACTIVE,True,2023-06-29 15:00:41
CUST00000576,Bruno Mendonça,1995-04-22,luiz-gustavo50@example.org,Caxias do Sul,RS,2020-12-13,ACTIVE,True,2026-03-02 04:42:54
CUST00001547,Dr. Henry Gabriel Rodrigues,2004-10-29,,Uberlândia,MG,2022-04-08,ACTIVE,True,2026-07-30 06:32:19
CUST00001253,Gabrielly Viana,1975-12-11,evelynnogueira@example.org,Santa Maria,RS,2018-01-21,INACTIVE,False,2018-10-15 15:59:09
CUST00004199,Marcelo Câmara,1984-07-19,bianca14@example.com,Uberlândia,MG,2021-09-11,INACTIVE,True,2023-02-26 08:14:08
CUST00000126,Pedro Sousa,1975-05-02,theodoro01@example.org,Caruaru,PE,2019-01-05,ACTIVE,True,2020-01-23 23:26:38
CUST00004336,Matheus Barbosa,1967-07-07,alvesmurilo@example.com,Joinville,SC,2020-05-23,ACTIVE,True,
CUST00001476,Emilly Macedo,1996-03-23,maria-helena84@example.com,Ribeirão Preto,SP,2021-03-24,ACTIVE,True,2026-03-24 14:03:26
CUST00002013,Pietra Martins,1986-03-07,nascimentocaua@example.com,Cascavel,PR,2026-03-15,ACTIVE,True,2026-04-28 23:28:06
CUST00004031,Srta. Lorena Camargo,1993-02-02,caroline36@example.net,São José dos Campos,SP,2022-08-10,ACTIVE,True,2025-09-29 14:50:57
CUST00002472,Sofia da Mota,1991-09-16,lmoura@example.net,São José dos Campos,SP,2020-10-17,ACTIVE,True,2021-05-16 05:39:41
CUST00004079,Cecilia Dias,1995-08-04,jesusjose-pedro@example.net,Contagem,MG,2021-09-07,ACTIVE,True,2024-02-28 06:33:33
CUST00000253,Dr. Théo Gonçalves,1987-08-29,cda-cunha@example.net,Cascavel,PR,2019-01-08,INACTIVE,True,2022-11-16 18:21:47
CUST00000894,Théo Caldeira,1979-07-26,vitoriaferreira@example.net,Belo Horizonte,MG,2019-04-23,ACTIVE,True,2023-02-04 09:26:06
CUST00004660,Noah Viana,1973-03-20,cauepeixoto@example.org,Juiz de Fora,MG,2022-11-28,INACTIVE,True,2025-01-02 07:17:39
CUST00001066,Heitor Montenegro,1983-06-13,sfonseca@example.net,São José dos Campos,SP,2026-06-05,INACTIVE,True,2026-07-21 03:17:41
CUST00002441,José Miguel Caldeira,1984-02-06,pietroviana@example.org,Belo Horizonte,MG,2025-04-19,ACTIVE,False,2026-07-15 01:17:17
CUST00002988,Luiz Fernando Cardoso,2008-03-14,cunhaliz@example.org,Aparecida de Goiânia,GO,2020-03-15,ACTIVE,True,2023-07-31 00:04:11
CUST00004640,Rafaela Rios,1981-05-09,benjaminpinto@example.org,Volta Redonda,RJ,2021-10-31,ACTIVE,True,2026-05-12 23:29:57
CUST00004394,Alice Andrade,1976-01-12,maria-flor09@example.net,Caxias do Sul,Rio Grande do Sul,2024-07-28,ACTIVE,True,2026-07-17 16:34:58
CUST00000257,Bryan Siqueira,1975-02-09,bbarros@example.net,Contagem,MG,2023-01-12,INACTIVE,False,2023-05-16 15:56:11
CUST00002264,Luan Sales,2000-03-03,ana-sophiaporto@example.com,São José dos Campos,SP,2018-05-11,ACTIVE,True,2025-06-29 11:10:26
CUST00002607,Sofia Monteiro,1991-04-01,heloisa17@example.net,Santos,SP,2018-05-13,INACTIVE,True,2025-04-12 19:24:05
CUST00002892,Srta. Fernanda Barbosa,2000-07-17,carvalhomathias@example.org,Rio de Janeiro,RJ,2023-10-05,UNKNOWN,False,2025-12-24 22:57:13
CUST00004724,Ana Laura Fernandes,1994-08-30,arthur-miguelsantos@example.com,Chapecó,SC,2019-07-08,ACTIVE,True,2026-06-15 00:57:59
CUST00003359,Luana Brito,1939-10-05,joao-pedrosa@example.com,Juiz de Fora,MG,2024-04-08,ACTIVE,True,2025-05-07 17:06:38
CUST00001400,Noah Sá,2000-07-25,caldeiracatarina@example.org,Sorocaba,SP,2024-04-16,ACTIVE,yes,2026-07-23 07:16:56
CUST00001744,José Camargo,1982-11-14,souzadiogo@example.com,Volta Redonda,RJ,2019-10-16,INACTIVE,True,2025-09-07 17:50:32
CUST00002376,Sr. Theo Freitas,1943-12-12,heloisamendes@example.net,Florianópolis,SC,2024-06-07,ACTIVE,False,2025-12-19 00:16:22
CUST00000527,Eduarda Aragão,1965-04-04,fariasnoah@example.org,Juiz de Fora,MG,2018-06-27,ACTIVE,True,2025-03-15 01:31:52
CUST00004670,Arthur Miguel Santos,1994-08-31,lopesana-clara@example.com,Sorocaba,SP,2023-07-19,BLOCKED,True,2026-05-10 20:33:55
CUST00001742,Cauê Monteiro,1975-01-18,wduarte@example.org,Contagem,MG,2018-12-21,ACTIVE,False,2022-01-08 08:16:33
CUST00003736,Dr. Luiz Otávio da Conceição,2005-08-18,oliveiramarcelo@example.com,Sorocaba,SP,2018-11-02,ACTIVE,False,2021-09-06 20:12:38
CUST00002692,Apollo Pimenta,1987-04-15,yda-mota@example.org,Caruaru,PE,2018-08-23,INACTIVE,True,2025-04-28 19:20:16
CUST00003293,Sr. Levi Cirino,1990-03-18,macedoana-laura@example.com,Campinas,SP,2023-11-15,ACTIVE,False,2024-04-22 10:17:15
CUST00004189,Dom Fernandes,1971-10-01,azevedonatalia@example.com,Nova Iguaçu,RJ,2019-11-17,ACTIVE,True,2021-08-13 19:58:48
CUST00001877,Enzo Moura,1991-03-01,ualbuquerque@example.com,Rio de Janeiro,RJ,2025-06-15,INACTIVE,True,2025-06-20 18:39:02
CUST00001150,Clarice Novais,2006-10-08,maragao@example.org,São José dos Campos,SP,2019-08-30,INACTIVE,True,2021-12-17 05:05:03
CUST00004793,Matteo da Rosa,2001-01-21,lcostela@example.net,Volta Redonda,RJ,2019-04-06,active,False,2022-06-19 05:25:33
CUST00004520,José Guerra,1996-01-04,tporto@example.org,Porto Alegre,RS,2026-04-20,INACTIVE,True,2026-05-29 11:50:47
CUST00002997,Natália Garcia,1963-03-11,brunaduarte@example.org,Pelotas,RS,2018-12-29,ACTIVE,False,2023-03-11 15:15:30
CUST00002112,Stella Rios,1995-05-15,maparecida@example.org,Ponta Grossa,PR,2020-11-05,ACTIVE,yes,2020-11-21 23:37:31
CUST00000080,Ana Vitória Silva,2007-05-11,ravy45@example.com,Uberlândia,MG,2021-06-08,ACTIVE,True,2025-12-13 12:24:31
CUST00003788,Maya da Rocha,1917-06-12,jose-miguelcardoso@example.net,São José dos Campos,SP,2020-06-21,INACTIVE,True,2025-01-24 22:41:59
CUST00001687,Ana Julia Ramos,1997-07-16,heloisa37@example.org,Caxias do Sul,RS,2023-12-14,ACTIVE,False,2026-01-19 06:51:07
CUST00000708,Ravy Peixoto,1966-09-27,eborges@example.com,Ribeirão Preto,SP,2021-02-24,ACTIVE,True,2026-04-15 00:11:50
CUST00004044,Davi da Conceição,1980-01-04,melissaaparecida@example.com,Campinas,SP,2026-07-17,ACTIVE,True,2026-07-22 10:19:36
CUST00000049,Sr. João Montenegro,1962-09-05,dda-cunha@example.org,Volta Redonda,RJ,2026-04-07,ACTIVE,True,2026-06-10 02:50:37
CUST00001419,Sra. Laís Pereira,1967-10-15,joao-pedromoreira@example.net,Campinas,SP,2020-06-05,ACTIVE,False,2021-08-24 07:42:28
CUST00000955,Bianca Casa Grande,1985-07-10,ncunha@example.net,Montes Claros,MG,2025-04-21,ACTIVE,True,2026-04-01 18:41:47
CUST00002177,Júlia Jesus,1941-07-10,leaojulia@example.com,Santos,SP,2023-10-07,ACTIVE,True,2026-02-19 00:48:40
CUST00002056,Otávio da Mata,1989-06-12,pedro-henriquevargas@example.com,Petrópolis,Rio de Janeiro,2021-05-27,ACTIVE,True,2024-08-29 03:35:15
CUST00001884,Felipe da Luz,1975-11-27,cardosorebeca@example.net,Feira de Santana,BA,2024-06-18,ACTIVE,False,2024-07-26 02:53:36
CUST00003336,Nicolas da Luz,1964-02-04,freitasjosue@example.org,Belo Horizonte,minas gerais,2020-04-14,ACTIVE,True,2020-12-07 05:25:52
CUST00003282,Ana Lívia Araújo,1987-12-10,caua80@example.com,Santa Maria,RS,2024-01-16,ACTIVE,False,2024-12-05 04:24:48
CUST00000763,Isabella Moreira,1993-09-04,alice84@example.com,Petrópolis,RJ,2022-02-09,ACTIVE,True,2023-11-07 00:28:38
CUST00001610,Luiza Camargo,1998-12-08,hda-luz@example.net,Santos,SP,2018-09-25,BLOCKED,True,2026-05-11 10:02:34
CUST00001148,Lara Souza,2001-04-20,lorena44@example.net,Campinas,SP,2024-08-22,ACTIVE,False,2025-08-10 18:02:07
CUST00000905,Nicole Guerra,1962-10-01,nda-costa@example.org,São Paulo,SP,2021-10-15,ACTIVE,True,2026-07-27 00:22:26
CUST00002039,Guilherme Novais,1985-02-14,macedosamuel@example.com,Belo Horizonte,MG,2025-03-30,ACTIVE,True,2026-06-06 22:38:29
CUST00002059,Gustavo Vargas,1968-11-20,rda-mata@example.org,Blumenau,SC,2020-05-06,INACTIVE,True,2024-01-12 20:44:51
CUST00000392,Eloá Carvalho,1990-01-11,ana-julia47@example.org,Joinville,SC,2021-09-18,ACTIVE,True,2023-02-21 14:35:35
CUST00002474,Mirella Aparecida,1973-07-31,brenda06@example.net,Volta Redonda,RJ,2020-10-06,active,True,2026-07-04 11:36:32
CUST00004036,Luiz Henrique Cirino,1991-08-13,enzoduarte@example.net,Santos,SP,2020-06-20,ACTIVE,False,2025-02-15 17:23:45
CUST00001535,Dra. Maya Freitas,1980-08-25,maria-luizaborges@example.com,São José dos Campos,SP,2022-08-10,active,False,2026-02-21 23:04:14
CUST00003073,Henry Macedo,1991-09-22,imachado@example.net,Sorocaba,SP,2026-06-20,BLOCKED,False,2026-07-13 19:55:36
CUST00004753,Cauã das Neves,1972-05-14,fernandesenzo-gabriel@example.net,Uberaba,MG,2022-08-11,ACTIVE,True,2024-09-30 20:28:45
CUST00002326,Dr. Vicente Ribeiro,1988-07-03,kcamara@example.com,São José dos Campos,SP,2022-03-10,BLOCKED,True,2024-01-01 09:59:20
CUST00001754,Maria Alice Azevedo,1980-07-16,aliciabarbosa@example.net,Uberaba,MG,2024-12-15,INACTIVE,False,2025-12-30 20:00:43
CUST00000168,Benício Porto,1974-02-15,tsampaio@example.net,Uberaba,MG,2019-10-13,ACTIVE,False,2023-04-05 00:03:18
CUST00000557,João Miguel Alves,1977-10-16,karagao@example.net,Duque de Caxias,RJ,2020-03-14,ACTIVE,False,2024-03-22 12:28:07
CUST00003131,Paulo da Rosa,1976-11-13,emanueldias@example.net,Pelotas,RS,2024-09-14,ACTIVE,True,2025-03-04 09:20:44
CUST00000106,Isabelly das Neves,2009-05-03,maria-julia88@example.com,Santa Maria,RS,2025-05-27,ACTIVE,yes,2026-06-07 04:46:40
CUST00001424,Henry Silveira,1985-07-10,maria-laura12@example.net,Niterói,RJ,2018-04-14,INACTIVE,False,2021-03-23 23:00:01
CUST00004551,Liz Vasconcelos,1998-10-06,nascimentoalana@example.com,Montes Claros,MG,2021-03-16,INACTIVE,True,2023-07-25 22:09:42
CUST00001564,Cauê Ribeiro,2000-11-02,mendeslevi@example.org,Cascavel,PR,2025-02-01,ACTIVE,True,2025-02-12 02:58:35
CUST00001185,Rael Pacheco,1968-09-23,nathanda-rocha@example.net,Santos,SP,2025-04-02,ACTIVE,True,2025-06-01 10:27:25
CUST00002124,Marcela Fernandes,1947-03-09,wfonseca@example.org,Porto Alegre,RS,2025-12-24,INACTIVE,True,2026-02-16 04:51:17
CUST00002538,Evelyn Cirino,2005-07-22,siqueiraana-laura@example.net,Sorocaba,SP,2018-02-19,ACTIVE,True,2023-09-09 04:07:33
CUST00004017,Diogo Brito,2003-11-21,liviada-cunha@example.org,Duque de Caxias,RJ,2024-10-22,active,True,2025-11-25 23:43:09
CUST00003125,Sr. Antônio Jesus,1987-10-17,claricedias@example.net,Santos,SP,2018-03-07,ACTIVE,False,2019-07-21 16:35:18
CUST00002783,Maria Alice Novaes,2004-02-22,,Itajaí,SC,2018-05-20,ACTIVE,False,2022-12-03 22:03:25
CUST00003284,Heloísa Teixeira,1976-02-13,paulo52@example.com,Caxias do Sul,RS,2021-03-10,ACTIVE,True,2026-06-18 23:06:59
CUST00000779,Emanuel Monteiro,1971-08-21,rodriguescamila@example.net,Cascavel,PR,2021-10-19,ACTIVE,False,2022-12-26 04:09:15
CUST00001024,Carolina Macedo,1988-08-25,ester23@example.net,São Paulo,SP,2025-07-27,ACTIVE,True,2026-06-16 20:45:20
CUST00002866,Giovanna Leão,1962-06-23,theo62@example.org,Anápolis,GO,2021-05-30,INACTIVE,yes,2022-10-14 02:55:05
CUST00003299,Jade Garcia,1963-01-17,vda-luz@example.org,Contagem,MG,2025-11-19,ACTIVE,True,2026-05-11 02:14:57
CUST00000985,Dom Rodrigues,1996-10-30,lmonteiro@example.org,Maringá,PR,2024-03-21,ACTIVE,True,2025-05-01 16:11:11
CUST00001727,Dante Moreira,1987-11-19,da-cruznicolas@example.org,Petrópolis,RJ,2020-06-07,ACTIVE,True,2021-12-21 02:18:32
CUST00003277,Isabela Vasconcelos,1992-04-02,maria-fernandamonteiro@example.org,Niterói,Rio de Janeiro,2018-05-25,ACTIVE,True,2021-08-24 13:12:47
CUST00004098,Isis Pereira,1981-09-22,luara92@example.org,Santos,SP,2020-12-08,ACTIVE,True,2023-10-25 22:39:56
CUST00003002,Anthony Gabriel Sousa,1985-11-10,oliveirabruno@example.net,Santos,SP,2019-10-01,BLOCKED,True,2020-05-20 01:04:35
CUST00003819,João Felipe Camargo,1976-03-30,eloagomes@example.net,Campinas,SP,2018-06-15,ACTIVE,True,2023-10-26 10:32:26
CUST00002991,Marcelo Rodrigues,1976-09-10,juan05@example.com,Sorocaba,SP,2024-06-03,ACTIVE,False,2024-11-20 15:01:52
CUST00002242,Esther Sampaio,2000-08-22,sampaiodom@example.org,Nova Iguaçu,RJ,2021-09-27,INACTIVE,True,2025-12-07 21:24:55
CUST00003565,Sra. Luna Sampaio,1976-04-14,pastorluiz-miguel@example.net,Caxias do Sul,RS,2021-05-28,ACTIVE,False,2021-10-26 15:52:28
CUST00003174,Vitor Gabriel Macedo,1983-05-15,maria-isispires@example.org,São José dos Campos,SP,2021-01-01,ACTIVE,False,2022-12-12 08:42:02
CUST00004165,Mariane Moreira,2006-01-19,ferreiraana-julia@example.com,São José dos Campos,SP,2020-12-21,ACTIVE,True,2026-04-25 09:02:30
CUST00002495,Natália Gomes,2000-07-05,emilly30@example.org,Uberaba,MG,2023-03-11,ACTIVE,True,2025-11-15 12:50:40
CUST00001365,Esther Pinto,1982-12-02,vitoriagoncalves@example.com,Chapecó,SC,2021-12-22,ACTIVE,True,2024-06-20 12:53:07
CUST00001265,Dr. Felipe Vargas,1995-06-08,camposmaria-eduarda@example.com,Campinas,São Paulo,2022-07-08,ACTIVE,True,2024-08-12 19:20:48
CUST00000590,Dra. Alexia da Rosa,1993-02-10,gribeiro@example.net,Pelotas,RS,2022-12-02,ACTIVE,True,2024-06-10 09:27:07
CUST00000893,Dr. Dante da Mata,1998-09-14,levida-mota@example.org,Duque de Caxias,RJ,2025-01-08,INACTIVE,True,2025-08-29 17:30:56
CUST00003674,Ester Freitas,1985-02-03,talbuquerque@example.org,Santos,SP,2026-05-15,INACTIVE,True,2026-05-19 12:52:19
CUST00004242,Josué Lopes,2002-07-05,rael10@example.net,São José dos Campos,SP,2020-03-21,ACTIVE,True,2025-11-02 15:38:48
CLIENT00000005,Ana Vitória da Rocha,1964-04-25,nvieira@example.com,Florianópolis,SC,2022-06-05,ACTIVE,True,2022-09-12 21:06:41
CUST00000974,Maria Liz Duarte,2001-06-01,rodrigueszoe@example.org,Juiz de Fora,MG,2024-08-04,ACTIVE,yes,2026-02-09 00:51:52
CUST00004795,Alana da Conceição,2007-05-19,theodororibeiro@example.org,Olinda,PE,2018-10-08,ACTIVE,False,2021-05-07 19:40:09
CUST00002478,Asafe Câmara,1986-10-12,zda-costa@example.org,Campinas,SP,2026-07-30,ACTIVE,True,2026-07-30 21:40:04
CUST00000719,Maria Flor Nunes,2003-10-01,pvargas@example.com,Niterói,RJ,2024-09-21,ACTIVE,False,2024-11-27 02:21:31
CUST00004346,Srta. Sofia Lopes,1970-01-30,tmachado@example.net,Juiz de Fora,MG,2023-05-06,ACTIVE,False,2024-07-29 15:36:04
CUST00003312,Bryan Cirino,1963-04-11,bentocostela@example.net,Itajaí,SC,2023-06-24,INACTIVE,True,2025-01-25 12:10:29
CUST00001111,Emanuelly Ramos,2005-02-06,silveiramaria-vitoria@example.org,Petrópolis,RJ,2018-08-05,INACTIVE,True,2024-08-11 03:12:13
CUST00003010,Maria Eduarda Fogaça,1964-05-22,eduardoda-cunha@example.com,São Paulo,SP,2025-05-17,BLOCKED,True,2025-12-25 08:25:23
CUST00003169,Antony Borges,1979-06-22,ksilva@example.org,Ribeirão Preto,SP,2023-01-23,ACTIVE,True,2024-04-14 19:52:15
CUST00003794,Luigi Gonçalves,1967-07-27,gsouza@example.net,Petrópolis,RJ,2026-06-17,ACTIVE,False,2026-07-04 21:04:50
CUST00001600,Dra. Olívia Camargo,1984-10-08,maria08@example.org,Feira de Santana,BA,2026-01-11,ACTIVE,True,2026-06-09 14:41:54
CUST00001293,Vitor Hugo Vasconcelos,1975-04-23,juanmelo@example.com,São José dos Campos,SP,2018-01-25,ACTIVE,False,2025-11-23 17:05:34
CUST00004061,Matteo Mendes,1998-02-14,yalves@example.net,Santos,SP,2018-12-24,ACTIVE,False,2020-11-01 14:49:47
CUST00002061,Maria Alice Souza,1981-12-04,kamilly33@example.org,Sorocaba,SP,2026-04-13,ACTIVE,True,2026-07-02 15:45:18
CUST00003889,Maria Flor Machado,1984-06-19,mcampos@example.net,Belo Horizonte,MG,2023-04-05,ACTIVE,False,2023-11-19 09:44:07
CUST00002122,Caleb Porto,1996-10-29,ndias@example.com,Jaboatão dos Guararapes,PE,2023-05-20,ACTIVE,True,2024-10-01 16:56:36
CUST00003848,Eduardo Almeida,2001-01-14,fguerra@example.org,Canoas,RS,2020-02-03,ACTIVE,False,2024-09-12 03:00:29
CUST00002337,Aurora Melo,1979-06-13,yasmin11@example.org,Santos,SP,2022-07-17,ACTIVE,True,2023-12-23 08:10:25
CUST00000504,Benjamin Melo,2007-05-27,ravi-lucca21@example.org,Sorocaba,SP,2021-09-06,ACTIVE,True,2022-12-23 11:23:30
CUST00003828,Sr. Leonardo Azevedo,1973-10-05,rsousa@example.net,Contagem,MG,2018-12-24,ACTIVE,True,2019-12-19 07:41:17
CUST00000750,Valentina Teixeira,2003-10-31,caldeiravinicius@example.net,Contagem,MG,2019-08-17,ACTIVE,True,2022-12-02 09:26:27
CUST00001780,Arthur Gabriel Nogueira,1981-12-26,benjamim95@example.com,Petrópolis,RJ,2025-01-20,ACTIVE,True,2026-04-26 17:02:58
CUST00000007,Dr. Augusto Siqueira,1980-02-03,hnascimento@example.com,Salvador,BA,2022-04-06,ACTIVE,True,2023-08-24 08:22:06
CUST00001135,Léo Cavalcante,2010-06-21,albuquerquesara@example.com,São Paulo,SP,2022-04-07,ACTIVE,True,2024-03-26 00:29:47
CUST00000203,André Costela,2002-07-16,otavio24@example.com,Campinas,SP,2025-12-31,ACTIVE,True,2026-05-04 02:46:26
CUST00002748,Hadassa Sousa,1963-05-25,gcavalcante@example.net,Rio de Janeiro,RJ,2019-02-26,ACTIVE,False,2025-04-20 09:23:36
CUST00000043,Stephany Dias,1968-01-18,nicolas53@example.com,Feira de Santana,BA,2022-08-16,ACTIVE,False,2025-12-13 09:28:57
CUST00000453,Alexia Pimenta,2002-09-17,lunnaferreira@example.net,Santos,SP,2022-11-28,BLOCKED,True,2024-06-28 20:21:38
CUST00002996,Leandro Pacheco,1984-12-23,rael00@example.com,Caxias do Sul,RS,2025-09-09,ACTIVE,False,2025-09-26 16:56:02
CUST00004599,Alexia Lopes,1995-09-08,lsilveira@example.net,Uberlândia,MG,2020-02-07,ACTIVE,False,2024-06-11 21:00:44
CUST00000878,Ana Cavalcanti,1967-02-12,biancafernandes@example.net,São Paulo,SP,2026-05-05,ACTIVE,False,2026-05-13 23:39:34
CUST00003023,Yuri Cunha,1992-10-11,moraesian@example.net,Curitiba,PR,2021-12-09,INACTIVE,True,2026-07-30 08:21:57
CUST00003120,Maria Flor da Mata,1991-10-12,maria-alice47@example.org,Sorocaba,SP,2018-12-06,ACTIVE,yes,2025-01-08 13:17:08
CUST00002367,Léo da Mota,1987-07-13,dda-mota@example.net,Santos,SP,2022-08-07,ACTIVE,True,2026-02-26 21:06:12
CUST00001484,Valentina Câmara,1987-09-24,domfonseca@example.org,Uberaba,MG,2021-02-16,ACTIVE,True,2026-07-07 01:02:28
CUST00000059,Apollo Ribeiro,1989-06-23,isabellyfarias@example.com,Cascavel,PR,2023-01-18,ACTIVE,True,2024-03-23 18:54:59
CUST00002825,Joana Brito,2000-05-31,da-costaester@example.net,São Paulo,SP,2025-01-27,ACTIVE,False,2025-11-25 08:53:06
CUST00001891,Lara Silva,1994-11-05,luizanovais@example.com,Ribeirão Preto,SP,2021-01-24,ACTIVE,False,2025-04-03 14:51:20
CUST00003853,Dra. Ana Carolina Campos,1974-12-19,juliasales@example.org,Santos,SP,2023-10-27,ACTIVE,True,2026-07-19 20:51:37
CUST00003140,Pietro Cardoso,1997-08-27,salesluiz-felipe@example.org,Porto Alegre,RS,2018-08-27,ACTIVE,True,2023-02-17 05:30:50
CUST00003801,Pedro Miguel Cassiano,1943-12-25,isabelacampos@example.org,Salvador,BA,2022-01-13,ACTIVE,True,2025-06-07 22:05:49
CUST00004141,Lucas Gabriel Monteiro,1969-01-29,barrosbella@example.org,Juiz de Fora,MG,2022-08-11,ACTIVE,False,2023-06-06 15:11:44
CUST00001966,Maria Julia Melo,2006-05-28,fernandescarolina@example.com,Sorocaba,SP,2023-12-11,ACTIVE,False,2024-07-14 09:14:37
CUST00002129,Sra. Antonella Duarte,1963-01-03,luisaaparecida@example.org,São Paulo,SP,2024-02-17,INACTIVE,False,2026-05-28 06:07:16
CUST00001246,Eloá Araújo,2002-08-26,luiz-miguel00@example.com,Contagem,MG,2021-07-25,INACTIVE,True,2025-10-06 14:24:28
CUST00003121,Srta. Agatha Carvalho,1968-08-27,dnovais@example.com,São José dos Campos,SP,2021-04-03,ACTIVE,False,2024-03-21 16:19:12
CUST00001982,Enzo Nunes,2004-05-18,frodrigues@example.com,Ribeirão Preto,SP,2022-02-08,ACTIVE,True,2024-03-20 03:11:39
CUST00003452,Fernando Borges,1972-02-08,esterdas-neves@example.org,Belo Horizonte,MG,2019-05-21,ACTIVE,False,2024-02-19 16:12:18
CUST00001927,Fernanda Nunes,1985-07-22,xmartins@example.org,Cascavel,PR,2019-01-08,INACTIVE,True,2023-01-26 16:18:33
CUST00000608,Isadora Mendes,1976-09-18,helena28@example.net,Itajaí,SC,2024-03-28,ACTIVE,True,2024-05-25 14:54:40
CUST00002597,Bryan Melo,2000-01-30,adas-neves@example.com,Santos,SP,2025-02-22,ACTIVE,True,2025-06-29 02:13:38
CUST00001491,Sr. Carlos Eduardo Lopes,1997-08-16,fcosta@example.net,São José dos Campos,SP,2020-03-29,ACTIVE,True,2022-01-01 03:34:50
CUST00000460,Mariah Fonseca,1994-10-20,maria-juliavargas@example.org,Ribeirão Preto,SP,2024-11-15,ACTIVE,True,2025-12-12 16:27:45
CUST00000139,Isabelly Marques,1991-07-31,hadassacorreia@example.net,Sorocaba,SP,2022-07-04,ACTIVE,True,2026-05-17 04:06:18
CUST00002072,Diego Jesus,1974-01-18,nogueiragabriela@example.net,Sorocaba,São Paulo,2021-04-02,ACTIVE,True,2023-06-22 00:23:54
CUST00004604,Ester Souza,1974-09-10,qazevedo@example.org,Niterói,RJ,2020-01-10,ACTIVE,False,2023-08-12 23:20:25
CUST00003507,Ana Júlia Jesus,2006-10-19,da-luzpietra@example.net,Uberaba,MG,2019-06-20,ACTIVE,False,2024-02-21 21:15:03
CUST00002705,Maitê Silveira,2004-08-29,vcavalcanti@example.com,São Paulo,SP,2025-09-07,ACTIVE,False,2026-03-10 02:00:55
CUST00000482,Lorena Caldeira,1995-11-08,sofiada-costa@example.com,Ponta Grossa,PR,2026-04-13,ACTIVE,False,2026-06-09 02:58:03
CUST00000313,Rhavi Cunha,1984-03-09,stephanyda-mata@example.net,Sorocaba,SP,2025-01-23,ACTIVE,True,2025-11-26 06:11:24
CUST00000359,Nina Nascimento,1984-09-09,ana-liz45@example.net,Campinas,SP,2022-09-01,INACTIVE,True,2025-02-04 20:24:18
CUST00000752,Sra. Melina Pires,2006-11-21,joaomoura@example.org,Sorocaba,SP,2023-02-22,ACTIVE,False,2024-05-25 12:25:07
CUST00000437,Sra. Isadora Teixeira,1978-10-06,jmendonca@example.net,Niterói,RJ,2023-06-29,active,False,2026-02-07 13:27:54
CUST00004445,Sr. Augusto Farias,2004-01-31,santosjuan@example.net,Montes Claros,MG,2023-08-09,ACTIVE,True,2026-01-04 17:55:58
CUST00004369,Laura Oliveira,1988-08-08,joananovais@example.org,Blumenau,SC,2020-10-08,BLOCKED,True,2023-01-26 03:01:22
CUST00002902,Otávio Ferreira,1974-08-29,agathada-cunha@example.com,Santos,SP,2026-01-05,ACTIVE,True,2026-04-23 23:04:58
CUST00002796,Heloísa Brito,1989-09-10,rguerra@example.org,Petrópolis,RJ,2023-09-16,ACTIVE,True,2024-02-11 06:07:08
CUST00002999,Luara da Cunha,1971-10-22,heloisacirino@example.com,Rio de Janeiro,RJ,2018-04-13,active,True,2025-11-18 10:02:05
CUST00001146,Maitê Martins,2026-10-19,felipedias@example.net,São José dos Campos,SP,2020-02-19,ACTIVE,True,2024-08-30 07:49:46
CUST00004418,Dra. Ana Vitória Cavalcante,2010-04-27,xfarias@example.net,Petrópolis,RJ,2021-07-07,INACTIVE,True,2023-12-05 19:00:03
CUST00002199,João Pedro Porto,1963-07-13,hellenada-cunha@example.org,Santa Maria,RS,2025-07-13,INACTIVE,False,2026-01-15 17:48:49
CUST00001074,Antonella Campos,1962-02-12,isabelaguerra@example.net,Ponta Grossa,PR,2018-09-22,ACTIVE,True,2024-04-14 15:46:58
CUST00002852,Sr. Murilo Farias,1986-08-27,cavalcanteeloah@example.com,Curitiba,PR,2022-12-20,ACTIVE,True,2023-12-24 18:46:55
CUST00002746,Helena Costa,2007-03-30,tviana@example.net,Porto Alegre,RS,2023-03-24,ACTIVE,True,2025-05-11 19:50:22
CUST00001540,Maria Isis Almeida,1999-03-10,albuquerquecaio@example.org,Petrópolis,RJ,2023-02-03,ACTIVE,True,2023-03-08 08:57:50
CUST00000304,Maria Helena Casa Grande,1975-02-22,beniciooliveira@example.net,Porto Alegre,RS,2023-01-14,BLOCKED,True,2025-04-23 02:39:38
CUST00003321,Luara Ferreira,1971-05-20,da-cruzleticia@example.org,Salvador,BA,2020-12-01,ACTIVE,False,2021-08-02 10:54:30
CUST00003923,Cecília Almeida,2008-07-09,guerralais@example.org,Contagem,MG,2026-04-05,active,True,2026-04-12 03:36:36
CUST00000991,Ravy Pacheco,2004-03-25,baragao@example.org,Montes Claros,MG,2026-06-04,ACTIVE,True,2026-06-21 09:05:48
CUST00002543,Cecilia da Conceição,1989-04-18,naparecida@example.com,Campinas,SP,2024-01-24,INACTIVE,True,2026-01-27 04:19:36
CUST00003791,Laura Novais,1985-03-30,rafael40@example.org,Ribeirão Preto,São Paulo,2025-11-17,ACTIVE,True,2026-01-11 22:24:41
CUST00001524,Maria Julia Guerra,1996-03-01,noah20@example.org,Maringá,PR,2023-01-17,ACTIVE,True,2023-01-25 19:29:13
CUST00002229,Maria Helena Gomes,1935-09-06,,Uberaba,MG,2019-07-12,ACTIVE,True,2026-05-31 12:46:25
CUST00003291,Emanuella Novais,1984-08-09,fogacaluiz-fernando@example.com,Uberaba,MG,2024-01-17,ACTIVE,True,2025-10-12 17:04:42
CUST00002503,Nicolas Almeida,1988-04-15,da-pazbeatriz@example.org,Pelotas,RS,2019-01-02,ACTIVE,True,2023-08-01 22:33:55
CUST00000976,Diego Sá,1974-03-12,scavalcante@example.com,Campinas,SP,2018-06-30,ACTIVE,True,2022-11-10 05:25:40
CUST00002781,Dra. Agatha Cunha,1940-08-16,jose-miguel97@example.org,Ribeirão Preto,SP,2020-01-19,ACTIVE,False,2024-11-24 15:15:32
CUST00004704,Sr. Vinícius Rodrigues,1991-05-20,laura90@example.com,Vitória da Conquista,BA,2019-09-19,INACTIVE,no,2021-05-16 23:23:48
CUST00001196,Benicio Almeida,1969-09-04,vicente52@example.org,Contagem,MG,2021-07-08,ACTIVE,True,2023-11-25 07:03:40
CUST00003619,Maysa Rios,1965-06-25,augustoguerra@example.com,Belo Horizonte,MG,2022-10-30,ACTIVE,True,2023-04-05 07:33:00
CUST00002250,Maria Eduarda Monteiro,1990-10-06,mariana58@example.net,Jaboatão dos Guararapes,PE,2019-02-14,ACTIVE,False,2023-01-24 15:38:57
CUST00003830,Liam Viana,2006-10-23,gsampaio@example.com,Santos,SP,2024-08-22,INACTIVE,True,2025-12-15 01:38:32
CUST00000386,Daniela Sousa,2010-01-13,xdias@example.org,Pelotas,RS,2026-01-15,ACTIVE,False,2026-02-07 03:06:06
CUST00002530,Rael Costa,2005-11-28,maria-liz64@example.org,Porto Alegre,RS,2020-12-09,ACTIVE,False,2021-08-30 01:30:04
CUST00002078,Bryan Souza,1974-05-19,silvaisis@example.com,Volta Redonda,RJ,2023-03-23,ACTIVE,True,2025-01-31 23:36:58
CUST00003667,Maria Luísa da Paz,1994-12-26,cardosoesther@example.net,Uberaba,MG,2023-03-17,ACTIVE,True,2024-06-09 17:34:15
CUST00001882,Lorena Freitas,1994-01-15,jda-cunha@example.net,Santos,SP,2022-07-25,ACTIVE,False,2023-05-08 00:57:14
CUST00000798,Isadora Nunes,1961-09-28,kamillysouza@example.org,Nova Iguaçu,RJ,2023-12-20,ACTIVE,False,2025-09-28 07:47:46
CUST00003032,Luiz Felipe Silva,1993-05-09,lunnamarques@example.com,Contagem,MG,2021-03-24,ACTIVE,True,2021-07-15 03:07:27
CUST00003653,Dante Marques,1967-12-06,portoluiz-fernando@example.com,São Paulo,SP,2024-02-03,ACTIVE,True,2024-03-23 19:46:55
CUST00004595,Rael Fonseca,1975-01-31,clara65@example.com,Chapecó,SC,2023-11-05,INACTIVE,True,2025-11-01 03:53:05
CUST00002811,Pietro Pastor,1986-08-30,drios@example.org,Juiz de Fora,MG,2021-04-28,ACTIVE,True,2025-11-05 07:33:56
CUST00003218,Srta. Brenda Sousa,1973-12-22,araujopedro-lucas@example.com,São Paulo,SP,2026-06-01,ACTIVE,True,2026-07-07 10:30:19
CUST00003383,Dr. Calebe Câmara,1959-02-14,maria-isisjesus@example.org,Recife,PE,2025-11-30,ACTIVE,False,2026-01-29 18:35:42
CUST00000264,Maria Eduarda Freitas,1997-05-30,eteixeira@example.net,Feira de Santana,BA,2022-08-21,active,True,2026-05-18 14:06:39
CUST00001162,Jade Cavalcanti,1976-03-15,isabellyborges@example.org,Salvador,BA,2020-04-08,ACTIVE,False,2021-08-27 20:55:53
CUST00002383,Calebe Souza,1973-08-20,ccostela@example.net,Juiz de Fora,MG,2018-09-21,ACTIVE,True,2021-04-16 14:03:54
CUST00003734,Bento Sousa,1983-09-01,benjamincasa-grande@example.com,Olinda,PE,2024-02-14,ACTIVE,True,2024-09-12 18:46:57
CUST00000169,Bruna Carvalho,1972-05-12,andradeana-julia@example.com,São José dos Campos,SP,2025-04-05,ACTIVE,yes,2026-01-30 06:04:44
CUST00004784,Kevin Teixeira,1997-06-16,jsales@example.com,Pelotas,RS,2023-12-11,ACTIVE,True,2026-01-14 02:13:00
CUST00001366,Igor Cunha,2002-01-29,fogacaayla@example.org,Salvador,BA,2026-02-06,ACTIVE,False,2026-05-04 04:00:14
CUST00002687,Sra. Sofia da Rocha,1986-10-07,ana-ceciliapereira@example.com,Uberlândia,MG,2022-03-14,ACTIVE,True,2023-07-03 08:46:18
CUST00003620,Srta. Catarina Cirino,1987-10-02,laurajesus@example.com,Canoas,RS,2024-10-24,ACTIVE,False,2025-08-21 19:40:41
CUST00002523,Camila Freitas,1987-01-16,juliana68@example.net,Vitória da Conquista,BA,2019-04-04,INACTIVE,True,2023-10-30 09:09:46
CUST00001670,Raul Campos,1999-07-09,antonellacasa-grande@example.net,Santos,SP,2025-08-06,ACTIVE,True,2025-10-21 13:24:06
CUST00003211,Pedro Henrique Silveira,2008-03-14,pedro-henriqueda-rocha@example.net,Uberaba,MG,2023-10-06,ACTIVE,True,2026-07-01 14:16:30
CUST00003817,Alice Pacheco,2000-09-08,eporto@example.net,Itajaí,SC,2025-03-27,BLOCKED,True,2026-01-27 07:21:29
CUST00002815,Sarah Andrade,2000-10-06,maysa69@example.net,Sorocaba,São Paulo,2018-10-29,ACTIVE,True,2022-01-02 21:14:47
CUST00001562,Gustavo Henrique Câmara,1970-07-30,souzajoao-guilherme@example.org,Santos,SP,2020-01-27,ACTIVE,True,2024-01-01 20:20:20
CUST00000691,Thomas da Luz,1976-05-24,carolinemarques@example.net,Montes Claros,MG,2018-09-09,ACTIVE,False,2026-05-16 07:38:57
CUST00004575,Maria Cecília Machado,1977-09-05,beatrizbarros@example.com,Rio de Janeiro,RJ,2020-04-22,ACTIVE,False,2022-12-15 06:09:09
CUST00000751,Bryan Rezende,1994-07-21,odas-neves@example.org,Maringá,PR,2021-01-09,ACTIVE,True,2025-11-10 18:47:53
CUST00001789,Helena Jesus,1985-08-28,pachecoemanuel@example.com,Campinas,SP,2019-05-19,ACTIVE,False,2019-09-23 11:45:44
CUST00004281,Sra. Maria Helena Azevedo,1983-02-06,ana-cecilia66@example.org,Chapecó,SC,2023-07-05,ACTIVE,False,2023-10-11 17:58:27
CUST00002246,Isis da Paz,1975-10-30,davi-luccaaraujo@example.org,Blumenau,SC,2021-01-02,ACTIVE,True,2021-01-04 00:28:11
CUST00002564,Srta. Ana Júlia da Conceição,1996-08-03,novaismaria-luiza@example.com,Cascavel,PR,2023-02-01,ACTIVE,True,2023-02-06 05:13:15
CUST00003644,Ana Clara Camargo,1981-04-29,maragao@example.org,Cascavel,PR,2025-11-01,INACTIVE,False,2026-05-05 23:45:26
CUST00003093,Vitor da Luz,1998-04-18,mmendes@example.com,Contagem,minas gerais,2025-07-30,ACTIVE,True,2025-10-02 14:49:34
CUST00002255,Ester Cunha,2007-05-07,almeidaheloisa@example.com,Serra,Espirito Santo,2024-11-25,ACTIVE,True,2025-08-30 23:29:30
CUST00004772,Rafael Martins,1995-06-22,sadiego@example.com,Juiz de Fora,minas gerais,2021-03-19,ACTIVE,True,2022-09-25 09:18:33
CUST00001608,Maria Julia Albuquerque,1973-03-24,eduardosilveira@example.net,Caxias do Sul,XX,2023-03-21,ACTIVE,False,2025-11-06 06:45:27
CUST00002341,Ana Montenegro,1999-12-25,gazevedo@example.org,Sorocaba,São Paulo,2019-12-16,ACTIVE,True,2025-08-08 21:12:22
CUST00004273,Luiz Miguel da Luz,1989-04-30,laura97@example.org,Contagem,MG,2018-09-14,active,True,2022-06-29 11:28:10
CUST00000149,Srta. Maya Brito,2005-10-13,macedolucas-gabriel@example.net,Maringá,PR,2021-10-23,ACTIVE,True,2025-03-21 04:38:49
CUST00003578,João Guilherme Borges,2007-03-20,luiz-fernando90@example.org,Vitória da Conquista,BA,2018-06-09,ACTIVE,False,2025-09-10 12:54:08
CUST00002182,Laura da Paz,1977-10-26,henrique16@example.org,Volta Redonda,RJ,2025-03-12,ACTIVE,True,2025-04-04 20:23:04
CUST00002707,Maria Eduarda Caldeira,1988-03-05,mirellacaldeira@example.net,Uberlândia,MG,2021-01-16,ACTIVE,True,2022-04-16 12:16:02
CUST00003625,Dr. Antônio Rios,1992-02-16,joao-guilherme21@example.net,Porto Alegre,RS,2021-09-10,ACTIVE,False,2022-02-23 12:24:16
CUST00002548,Caleb da Cunha,1992-07-06,caiomelo@example.net,São Paulo,SP,2019-08-05,BLOCKED,False,2025-10-21 08:27:47
CUST00004139,Ana Vitória Teixeira,1982-10-07,ryan90@example.com,Rio de Janeiro,RJ,2021-12-15,ACTIVE,False,2025-04-27 02:00:08
CUST00002431,Maysa Siqueira,2002-10-22,joao-pedro23@example.org,Curitiba,PR,2018-09-13,ACTIVE,False,2023-04-15 08:45:02
CUST00003651,Maria Isis Camargo,1987-10-15,maria-juliaguerra@example.com,Caucaia,CE,2018-02-18,ACTIVE,True,2026-04-23 15:46:42
CUST00003520,Isabel Andrade,1971-11-25,luiz-fernando16@example.net,Ribeirão Preto,SP,2018-09-27,ACTIVE,True,2022-10-20 17:29:01
CUST00000593,Guilherme Vasconcelos,1993-06-23,rebeca35@example.net,Santos,SP,2020-12-14,ACTIVE,True,2025-04-03 22:56:34
CUST00003712,Matteo Duarte,2003-05-05,camilaborges@example.com,Uberlândia,MG,2019-11-23,INACTIVE,False,2025-05-31 16:57:24
CUST00001722,Alana Martins,1986-06-18,faragao@example.org,Uberlândia,MG,2022-06-15,ACTIVE,True,2025-08-14 03:47:46
CUST00000352,Ester Sá,1989-12-04,oda-costa@example.com,Sorocaba,SP,2026-03-09,BLOCKED,True,2026-03-25 17:46:50
CUST00001537,Srta. Larissa Almeida,1987-05-13,luan26@example.net,Volta Redonda,RJ,2018-10-02,ACTIVE,True,2025-05-23 04:52:32
CUST00003370,Luara Alves,1970-01-16,britomaya@example.org,Ponta Grossa,PR,2018-03-05,ACTIVE,True,2019-03-16 17:17:36
CUST00003143,Joaquim Albuquerque,1981-08-26,da-rosaagatha@example.net,Ponta Grossa,PR,2025-08-29,ACTIVE,False,2025-12-08 22:47:24
CUST00002120,Luna Sousa,1984-07-16,wsa@example.org,Volta Redonda,RJ,2018-09-24,ACTIVE,True,2019-10-02 16:34:21
CUST00004393,Guilherme Rocha,1997-04-14,julianalopes@example.org,Contagem,MG,2018-07-11,ACTIVE,True,2024-03-26 09:21:48
CUST00001243,Luigi Lopes,1989-01-08,kamillyalves@example.net,Belo Horizonte,MG,2020-05-31,ACTIVE,True,2021-06-14 23:37:04
10000003,Giovanna Pimenta,2008-11-16,caue79@example.net,São José dos Campos,SP,2022-09-28,INACTIVE,True,2025-12-26 16:15:51
CUST00003274,Levi Abreu,1989-10-08,ibarros@example.com,Camaçari,BA,2018-06-09,ACTIVE,False,2020-12-27 07:43:49
,Pietra Oliveira,1979-09-07,maria-florcaldeira@example.net,Santos,SP,2019-05-19,INACTIVE,True,2026-07-18 10:48:25
CUST00003837,Maria Cecília Fernandes,1997-12-13,kamilly98@example.net,Porto Alegre,RS,2026-07-25,INACTIVE,True,2026-07-29 11:09:09
CUST00000995,Eloá Teixeira,1986-03-19,pedro-lucas49@example.org,São Paulo,SP,2023-03-21,ACTIVE,True,2025-03-16 07:33:51
CUST00003390,Theodoro Moura,1990-09-12,ana-livia74@example.org,Nova Iguaçu,RJ,2020-11-06,ACTIVE,True,2026-03-29 01:11:40
CUST00003561,Davi Miguel Brito,1945-06-25,da-rosarenan@example.net,Ponta Grossa,PR,2025-01-19,BLOCKED,True,2025-08-05 07:11:50
CUST00004046,Benicio Caldeira,1984-06-12,ryancunha@example.com,São José dos Campos,SP,2022-01-31,ACTIVE,True,2023-09-30 07:14:38
CUST00003867,Arthur Miguel Pacheco,1992-05-05,nmachado@example.com,Duque de Caxias,Rio de Janeiro,2025-08-29,INACTIVE,True,2025-10-12 01:54:54
CUST00004069,Sarah Garcia,1961-07-02,npimenta@example.org,Juiz de Fora,minas gerais,2020-10-27,ACTIVE,True,2023-12-24 07:02:04
CUST00000357,Dr. Anthony Gabriel Cunha,1997-04-18,isaacsouza@example.com,Ponta Grossa,PR,2025-07-24,ACTIVE,True,2025-07-24 23:56:24
CUST00000385,Josué Silva,1989-04-27,barrosvitor-gabriel@example.org,Belo Horizonte,MG,2018-08-19,ACTIVE,True,2022-09-12 01:26:32
CUST00004496,Henrique Pereira,1981-08-14,isabella78@example.com,Fortaleza,CE,2026-02-17,ACTIVE,True,2026-03-11 21:00:37
CUST00001855,Marcos Vinicius Rezende,2005-12-21,vcardoso@example.com,Campinas,SP,2020-09-10,ACTIVE,True,2022-05-31 09:15:16
CUST00000174,Sr. Miguel da Mota,2000-01-20,joaquimmarques,Uberaba,MG,2026-04-14,INACTIVE,True,2026-05-09 10:43:58
CUST00002435,João Siqueira,1964-11-14,eviana@example.org,Joinville,SC,2019-12-28,INACTIVE,False,2024-04-03 10:07:50
CUST00003708,Yago Cassiano,1995-08-21,enriconogueira@example.org,Sorocaba,SP,2018-06-21,INACTIVE,True,2021-12-19 03:50:41
CUST00002979,Srta. Eloá Porto,2003-07-29,guerraester@example.org,Vitória da Conquista,BA,2026-05-22,ACTIVE,True,2026-06-28 16:42:18
CUST00000613,Aurora Monteiro,1972-05-03,hdias@example.com,Chapecó,SC,2018-08-10,ACTIVE,True,2023-05-31 02:57:31
CUST00000662,Francisco Câmara,1977-11-15,mathias12@example.net,São Paulo,SP,2023-03-20,ACTIVE,True,2025-10-30 20:20:40
CUST00004362,Stella Duarte,1986-02-14,da-motaayla@example.org,Blumenau,SC,2022-07-02,ACTIVE,True,2023-08-11 02:58:05
CUST00004665,Dr. Pietro das Neves,1993-12-11,levioliveira@example.net,Sorocaba,SP,2021-02-28,ACTIVE,True,2024-04-02 07:39:21
CUST00003165,Dr. Josué Souza,1965-08-19,cavalcantiagatha@example.net,Rio de Janeiro,RJ,2025-03-21,ACTIVE,False,2026-04-08 05:47:04
CUST00003389,Mariah Cardoso,2006-04-03,maria-fernandagarcia@example.org,Londrina,PR,2021-06-04,ACTIVE,True,2024-09-01 11:57:04
CUST00003786,Lara Peixoto,1985-06-07,da-cunhanatalia@example.com,Petrópolis,RJ,2024-11-17,ACTIVE,True,2025-12-30 12:49:52
CUST00003531,Thales Cirino,1991-01-07,castroisaac@example.com,Contagem,MG,2022-07-24,ACTIVE,False,2023-11-03 18:02:46
CUST00000659,Maria Fernanda Albuquerque,1990-07-19,josueaparecida@example.org,Volta Redonda,RJ,2023-12-07,BLOCKED,True,2026-07-03 11:45:31
CUST00001296,Manuella Costa,1982-10-19,nathanviana@example.org,Cascavel,PR,2019-07-13,ACTIVE,True,2022-02-01 20:08:56
CUST00001688,Arthur Miguel Oliveira,1999-06-14,rhavi18@example.org,São Paulo,SP,2023-07-17,ACTIVE,False,2025-05-15 03:05:44
CUST00003430,Sr. José Pedro das Neves,2001-07-11,csilveira@example.com,São José dos Campos,SP,2018-02-15,ACTIVE,False,2024-04-03 19:26:21
CUST00000298,Dr. Valentim Marques,1988-06-13,oliviacarvalho@example.com,Uberlândia,MG,2021-06-01,UNKNOWN,True,2024-08-24 06:38:53
CUST00004396,Dr. Breno Barros,1982-10-12,fdias@example.org,Uberlândia,minas gerais,2023-04-02,ACTIVE,False,2023-12-16 19:43:07
CUST00001443,Luiz Miguel Silveira,1988-07-03,rochajuan@example.com,Sorocaba,SP,2020-12-04,ACTIVE,True,2026-04-17 19:14:44
CUST00004448,Dr. Rhavi da Luz,2004-01-28,sguerra@example.net,Campinas,SP,2021-08-28,ACTIVE,True,2025-09-27 04:11:56
CUST00003193,Sara Melo,1989-10-11,luigi25@example.net,Uberlândia,minas gerais,2020-10-10,ACTIVE,True,2021-07-06 21:25:06
CUST00000524,Antônio Dias,1973-08-09,gustavo-henrique15@example.org,Rio de Janeiro,RJ,2020-07-30,ACTIVE,True,2022-04-19 16:12:05
CUST00002329,Isaque Sá,1977-08-18,nda-rosa@example.net,Sorocaba,SP,2022-10-15,ACTIVE,True,2024-10-13 09:48:38
CUST00001190,Thales Pinto,1979-10-16,manuela60@example.org,São José dos Campos,SP,2023-08-25,ACTIVE,False,2023-09-30 19:03:08
CUST00004680,Gustavo Henrique Aragão,1977-04-27,raullima@example.com,Contagem,MG,2026-06-08,INACTIVE,True,2026-06-17 07:39:21
CUST00000787,Srta. Allana Pinto,1962-03-01,rhavi51@example.net,Curitiba,PR,2018-01-28,ACTIVE,False,2021-01-18 17:56:11
CUST00000262,Maysa Andrade,1990-08-29,davi-luizda-costa@example.net,São Paulo,São Paulo,2022-07-06,ACTIVE,True,2023-02-08 16:37:58
CUST00003050,Maria Helena da Luz,1978-10-11,murilonovais@example.com,Uberlândia,MG,2018-07-08,ACTIVE,no,2023-08-30 23:35:27
CUST00003777,Luiz Miguel Aragão,1970-12-08,gabrielaandrade@example.com,Jaboatão dos Guararapes,PE,2018-04-26,ACTIVE,True,2022-09-22 19:11:01
CUST00003018,Dra. Aylla Garcia,1990-02-24,santoscarlos-eduardo@example.com,Contagem,MG,2022-07-14,ACTIVE,True,2024-02-04 01:11:53
CUST00000801,Sr. Vitor Peixoto,2002-09-10,ufogaca@example.net,Campinas,SP,2021-06-13,ACTIVE,yes,2025-01-22 19:45:43
CUST00003438,Maria Julia Ferreira,2000-07-22,icassiano@example.com,São Paulo,SP,2025-09-17,ACTIVE,False,2026-01-28 01:20:45
CUST00003267,Maria Liz Freitas,2000-10-27,ana-juliaandrade@example.com,Londrina,PR,2021-06-05,ACTIVE,True,2023-09-23 00:27:35
CUST00003517,Ravi Freitas,2005-06-28,mlima@example.org,Maringá,PR,2020-07-01,INACTIVE,False,2020-11-11 15:06:09
CUST00003466,Srta. Nina Camargo,1992-09-01,,Contagem,MG,2023-02-17,ACTIVE,True,2023-03-03 14:04:56
CUST00003744,Bella Leão,1998-09-04,ana-luizanogueira@example.com,Petrópolis,RJ,2022-08-16,ACTIVE,True,2023-01-05 06:45:04
CUST00003523,Bento Lima,1976-12-02,barbosamanuella@example.com,Florianópolis,SC,2019-02-15,ACTIVE,True,2020-01-18 19:44:01
CUST00003909,Lorenzo da Paz,1997-04-24,lunnamonteiro@example.net,Ribeirão Preto,SP,2021-12-24,ACTIVE,True,2023-12-11 07:29:55
CUST00001579,Ana Clara Nunes,1970-07-11,daparecida@example.com,Ponta Grossa,PR,2025-07-16,ACTIVE,True,2025-10-30 23:34:09
CUST00000532,Olivia Mendonça,1997-05-13,fernando86@example.org,Cariacica,ES,2026-06-20,ACTIVE,True,2026-07-13 10:06:56
CUST00003908,Luiza Cunha,1968-04-09,carvalhoantony@example.com,Contagem,MG,2024-09-25,INACTIVE,True,2025-08-28 11:12:38
CUST00003564,Davi Lucca Cassiano,1965-08-24,montenegrozoe@example.org,Curitiba,PR,2018-12-11,ACTIVE,True,2021-12-05 19:29:14
CUST00001270,Sarah Monteiro,1978-03-22,mathiasribeiro@example.net,São José dos Campos,São Paulo,2018-10-12,ACTIVE,True,2019-12-26 15:53:00
CUST00002945,Luiz Otávio da Mata,1987-04-08,gustavo-henriquenovaes@example.com,Sorocaba,SP,2018-08-04,ACTIVE,True,2024-12-25 03:56:51
CUST00000045,Beatriz Barbosa,1994-01-16,nataliada-luz@example.org,Campinas,SP,2020-07-02,ACTIVE,True,2022-11-14 14:08:58
CUST00003780,Pedro Henrique Melo,1974-03-22,natalia26@example.com,Sorocaba,SP,2025-02-16,ACTIVE,True,2025-11-16 12:26:18
CUST00004759,Eduardo Marques,1972-05-12,maria-julia94@example.org,Sorocaba,SP,2025-10-10,INACTIVE,True,2026-02-12 18:09:06
CUST00001378,Apollo da Conceição,1978-06-19,caroline33@example.net,Maringá,PR,2019-10-04,ACTIVE,True,2026-01-05 04:28:35
CUST00003136,Larissa Câmara,1991-08-18,julia40@example.net,Chapecó,SC,2025-07-06,ACTIVE,True,2025-10-23 17:05:43
CUST00000146,Diego Jesus,1970-10-19,dommelo@example.com,Caruaru,PE,2021-12-11,ACTIVE,True,2026-01-17 02:38:51
CUST00004259,Ágatha Montenegro,1962-07-29,aparecidadom@example.org,São Paulo,SP,2020-03-14,INACTIVE,False,2020-06-29 09:39:03
CUST00000105,Melissa Vieira,1988-12-15,borgesana-beatriz@example.org,Vitória da Conquista,BA,2022-08-27,ACTIVE,False,2026-02-21 16:18:06
CUST00004620,Breno Mendes,1979-07-19,borgesaylla@example.net,Maringá,paraná,2019-06-01,INACTIVE,True,2022-03-22 08:14:59
CUST00004387,Maria Barros,1991-08-13,livia53@example.com,Santa Maria,RS,2019-10-15,ACTIVE,True,2019-11-28 10:10:28
CUST00003690,Leandro Mendonça,1979-06-11,isaque25@example.org,Montes Claros,MG,2025-03-17,BLOCKED,True,2026-04-18 18:16:10
CUST00001376,Gabrielly Ramos,1972-10-01,da-costalivia@example.net,Sorocaba,São Paulo,2021-04-23,INACTIVE,False,2025-02-01 17:14:35
CUST00004754,Srta. Eduarda Dias,1975-12-15,macedoandre@example.com,Maringá,PR,2019-09-23,ACTIVE,True,2021-12-04 12:20:15
CUST00003789,José Miguel Garcia,1983-10-21,cardosoguilherme@example.org,São José dos Campos,SP,2026-09-23,INACTIVE,True,2026-06-18 19:32:20
CUST00002830,Alexia Nogueira,2006-02-08,davialves@example.com,Porto Alegre,RS,2022-02-08,ACTIVE,True,2023-10-19 10:04:40
CUST00000517,Cauã Monteiro,2027-03-13,biancasouza@example.org,Campinas,SP,2022-12-07,ACTIVE,True,2024-02-16 05:20:14
CUST00000895,Dr. Diego Santos,1946-02-17,samuel21@example.com,Sorocaba,SP,2024-07-25,ACTIVE,True,2024-09-02 13:15:29
CUST00000328,Emanuel Guerra,1982-12-27,isaac45@example.net,Ribeirão Preto,SP,2019-11-21,ACTIVE,False,2024-10-04 10:15:37
10000004,Mariane Fonseca,1997-09-24,manuella83@example.net,São Paulo,SP,2025-12-31,ACTIVE,True,2026-07-06 20:04:11
CUST00001746,Guilherme Costa,1976-02-19,mariane74@example.org,Juiz de Fora,MG,2026-03-17,INACTIVE,True,2026-06-26 13:55:14
CUST00000620,Sra. Bianca da Cunha,1984-07-16,marcos-viniciuscampos@example.com,Duque de Caxias,RJ,2018-07-03,INACTIVE,True,2021-09-06 10:05:55
CUST00003037,Vitor Hugo da Mota,1972-05-21,pintohellena@example.com,Volta Redonda,RJ,2018-03-27,ACTIVE,True,2025-11-05 00:35:03
CUST00003319,Miguel Almeida,1996-12-04,camposrodrigo@example.net,Ribeirão Preto,SP,2021-09-28,ACTIVE,True,2024-08-25 10:07:18
CUST00003950,Oliver Brito,2007-05-22,pietro81@example.org,Santos,SP,2018-07-01,BLOCKED,True,2025-06-09 16:23:52
CUST00001115,Levi Farias,2006-04-18,vsouza@example.org,Duque de Caxias,Rio de Janeiro,2018-02-13,BLOCKED,True,2026-01-18 23:52:16
CUST00001043,Kaique Porto,1996-09-10,pcampos@example.net,Volta Redonda,RJ,2020-04-04,ACTIVE,False,2023-04-26 04:22:20
CUST00001791,Thales Cardoso,1991-12-24,luiz-fernandocasa-grande@example.net,São Paulo,SP,2021-10-14,BLOCKED,False,2025-06-10 08:24:29
CUST00003709,Giovanna Pastor,2006-02-01,xgoncalves@example.org,Sorocaba,SP,2021-06-20,ACTIVE,False,2026-04-06 01:07:18
CUST00004198,Ágatha Monteiro,2002-04-29,eloaramos@example.com,Nova Iguaçu,RJ,2020-06-06,ACTIVE,True,2021-07-22 23:43:19
CUST00002380,Benjamim Lima,2000-04-15,gpeixoto@example.com,Campinas,SP,2025-06-09,ACTIVE,True,2026-04-12 18:32:35
CUST00000815,Sra. Melissa Sá,1994-12-18,camaraluana@example.com,Maringá,PR,2026-07-30,ACTIVE,True,2026-07-31 22:52:56
CUST00004129,Alexandre Vasconcelos,2003-01-07,albuquerqueluisa@example.org,Contagem,MG,2021-05-23,ACTIVE,True,2024-09-10 00:04:48
CUST00000052,Alexia Camargo,1991-01-12,saleskaique@example.net,Campinas,SP,2022-10-27,ACTIVE,True,2024-10-18 08:00:58
CUST00003676,Isadora Brito,1963-11-22,murilo98@example.net,Uberaba,MG,2024-03-11,ACTIVE,True,2024-07-17 02:11:00
CUST00002582,Heloísa Duarte,1985-09-28,carlos-eduardo54@example.org,São Paulo,SP,2021-03-20,ACTIVE,False,2021-06-26 12:15:23
CUST00002816,Heloisa Ramos,1982-08-25,costamaria-fernanda@example.net,Florianópolis,SC,2020-06-04,INACTIVE,True,2023-03-28 06:36:38
CUST00000346,Ana Julia da Cruz,1967-06-27,guerraluna@example.org,Ribeirão Preto,SP,2023-09-19,ACTIVE,True,2023-12-12 18:29:04
CUST00002751,Srta. Ágatha Costela,2002-09-03,ana-liz46@example.org,Uberaba,MG,2025-03-08,INACTIVE,False,2026-02-23 20:02:59
CUST00003673,Sra. Maria Liz Novais,1988-07-31,fsantos@example.com,Santos,SP,2026-04-20,ACTIVE,yes,2026-06-18 10:21:16
CUST00002688,Dra. Sophie Novaes,1945-07-25,ramosenzo-gabriel@example.com,Montes Claros,MG,2020-11-07,ACTIVE,True,2025-06-10 18:59:43
CUST00001950,Maria Eduarda da Cunha,2002-06-20,rfernandes@example.com,Sorocaba,SP,2018-06-17,INACTIVE,True,2021-10-10 07:37:25
CUST00000581,Sra. Luana Cardoso,1975-10-14,gomesmilena@example.net,Belo Horizonte,MG,2021-09-14,ACTIVE,False,2022-03-07 02:31:19
CUST00003398,Samuel Rodrigues,1978-01-11,enovais@example.net,Rio de Janeiro,RJ,2025-07-21,ACTIVE,True,2026-05-15 04:17:57
CUST00004221,Vinícius Correia,1963-12-06,cecilia45,Volta Redonda,RJ,2025-06-04,ACTIVE,True,2026-07-17 03:50:01
CUST00003014,Dra. Eloá Azevedo,2009-05-05,sabrina18@example.net,São José dos Campos,SP,2018-09-24,INACTIVE,True,2023-10-23 11:15:22
CUST00004175,Maya Macedo,1937-07-18,nunesmathias@example.com,Rio de Janeiro,RJ,2026-07-25,ACTIVE,False,2026-07-29 05:07:04
CUST00004677,Dra. Emilly Vieira,1969-02-16,luiz-fernando87@example.net,Contagem,MG,2019-03-27,ACTIVE,False,2025-10-22 07:29:29
CUST00001234,Luana Nunes,1949-12-09,yfernandes@example.com,Uberaba,MG,2024-09-23,ACTIVE,True,2024-12-26 10:40:09
CUST00002539,Isis Sampaio,1999-02-17,murilo69@example.net,Curitiba,PR,2024-09-01,ACTIVE,False,2026-07-26 19:37:12
CUST00001768,Benjamin Cardoso,1989-01-01,scirino@example.org,Rio de Janeiro,RJ,2024-04-11,ACTIVE,True,2024-11-03 22:36:30
,Ana Liz Abreu,1964-07-12,yagomarques@example.com,Rio de Janeiro,RJ,2025-11-27,INACTIVE,True,2026-01-13 00:24:34
CUST00001025,Srta. Luiza Ferreira,1983-01-05,esthermachado@example.net,Volta Redonda,RJ,2025-05-27,INACTIVE,True,2026-05-06 20:30:42
CUST00001160,Milena Duarte,2000-10-07,otavioaragao@example.net,São Paulo,SP,2026-07-25,INACTIVE,False,2026-07-28 00:20:06
CUST00000847,Hellena Souza,1969-06-07,nicolasazevedo@example.org,Montes Claros,MG,2022-02-15,UNKNOWN,True,2022-06-03 03:34:44
CUST00003445,Dr. José Pereira,1975-06-06,,Ribeirão Preto,SP,2020-08-29,ACTIVE,True,2023-11-01 10:03:34
CUST00004780,Rhavi Vasconcelos,1985-02-21,cunharavi-lucca@example.com,Petrópolis,RJ,2024-04-18,ACTIVE,True,2025-05-05 22:31:41
CUST00000939,Sr. João Sá,1978-01-12,aragaolucas-gabriel@example.com,Santa Maria,RS,2022-12-25,ACTIVE,True,2024-09-09 04:06:36
CUST00001211,Liz Silveira,1996-07-11,catarina04@example.net,Sorocaba,SP,2019-08-28,ACTIVE,True,2023-02-10 14:23:03
CUST00004092,Davi Miguel Viana,1990-11-20,acosta@example.org,Blumenau,SC,2021-05-02,ACTIVE,False,2025-09-21 19:03:25
CUST00002584,Ana Júlia Jesus,1982-10-29,rodrigojesus@example.net,São Paulo,SP,2018-05-02,ACTIVE,False,2020-01-14 22:38:56
CUST00003157,Kevin Costela,2006-06-05,danilo23@example.net,Duque de Caxias,RJ,2023-03-20,ACTIVE,True,2025-04-28 12:25:41
CUST00001286,,1990-07-14,nbrito@example.com,São Paulo,SP,2023-04-23,INACTIVE,True,2026-01-06 14:44:45
CUST00000606,Benício da Luz,1986-08-18,apollo89@example.net,Contagem,minas gerais,2023-01-07,BLOCKED,True,2024-03-23 22:15:50
CUST00001192,Maitê Pereira,2002-10-22,scardoso@example.net,Campinas,SP,2025-08-23,ACTIVE,False,2026-03-05 19:26:11
CUST00001583,Ana Carolina da Rocha,1974-06-05,kevinrodrigues@example.com,Londrina,PR,2023-11-12,ACTIVE,False,2026-05-30 14:05:24
CUST00000674,Miguel Fonseca,1954-08-03,ribeirorhavi@example.net,Cascavel,PR,2022-05-07,active,True,2023-09-02 02:13:25
CUST00004027,Elisa Porto,1998-01-22,rda-rocha@example.com,Campinas,SP,2020-10-30,ACTIVE,True,2025-04-05 20:23:15
CUST00000982,Aurora Pires,1992-02-09,cecilia60@example.net,Sorocaba,SP,2026-03-28,ACTIVE,False,2026-05-06 20:50:36
CUST00004462,Olívia Cunha,1937-12-02,nunesbianca@example.net,Duque de Caxias,RJ,2019-12-26,ACTIVE,True,2022-02-20 00:33:30
CUST00002385,Isabella da Conceição,1993-01-20,vitornovaes@example.com,Petrópolis,RJ,2022-09-26,ACTIVE,True,2025-11-02 18:08:08
CUST00002626,Cecília Pinto,2007-09-08,sabrinada-luz@example.com,São Paulo,SP,2026-04-14,ACTIVE,False,2026-04-17 00:05:48
CUST00002712,Eloah Aragão,1992-01-22,rebecasantos@example.com,Aparecida de Goiânia,GO,2022-10-22,INACTIVE,True,2023-03-26 11:30:19
CUST00003840,Amanda Cassiano,1979-09-09,rafaelmelo@example.net,Uberlândia,MG,2025-06-05,ACTIVE,True,2025-08-16 02:19:39
CUST00001527,Enzo Gabriel Câmara,1976-03-13,fariasanna-liz@example.net,Volta Redonda,RJ,2020-03-27,ACTIVE,True,2025-11-05 05:09:33
CUST00001922,Pedro Lucas Pimenta,1978-08-18,kpastor@example.net,Niterói,RJ,2023-04-25,ACTIVE,True,2025-07-31 00:47:10
CUST00004441,Sr. Davi Miguel Ribeiro,1966-05-11,marina22@example.net,Santos,SP,2024-03-09,ACTIVE,True,2025-07-02 02:49:21
CUST00000900,Sra. Aylla Marques,1974-01-21,maria-flor73@example.org,Campinas,SP,2023-09-11,ACTIVE,False,2026-04-03 07:55:11
CUST00001960,Helena Teixeira,1937-02-16,vda-mota@example.net,Nova Iguaçu,Rio de Janeiro,2023-07-28,ACTIVE,True,2023-12-23 01:19:55
CUST00000251,Sr. Ravi Sampaio,1971-09-09,lpires@example.org,Salvador,BA,2023-11-23,active,False,2026-04-17 09:44:04
CUST00003977,Bruno Duarte,1971-01-18,sbrito@example.org,Porto Alegre,RS,2024-08-16,ACTIVE,False,2026-05-21 14:51:51
CUST00004375,Dr. Diogo Aragão,1980-02-15,laviniacunha@example.com,Uberlândia,MG,2025-11-30,ACTIVE,True,2026-04-26 19:59:04
CUST00004167,Sr. Joaquim Albuquerque,1979-09-20,mmonteiro@example.net,Santos,SP,2024-02-08,ACTIVE,False,2024-04-25 12:32:25
CUST00004153,Ana Julia Borges,1994-10-11,gabriela05@example.org,Ribeirão Preto,SP,2026-06-04,ACTIVE,False,2026-06-14 13:22:14
CUST00003313,Manuela Sá,1987-01-29,hnascimento@example.org,Petrópolis,RJ,2023-08-20,ACTIVE,True,2024-06-10 13:20:25
CUST00001699,Dr. Anthony Gabriel Fogaça,1985-10-06,brenda89@example.com,Volta Redonda,RJ,2024-12-08,ACTIVE,True,2026-01-23 09:08:38
CUST00003468,Maria Isis da Cunha,1964-03-03,xmendonca@example.org,Curitiba,PR,2020-07-21,ACTIVE,True,2024-05-22 19:04:21
CUST00001182,Rodrigo Rezende,1964-03-04,rodrigolopes@example.net,Petrópolis,RJ,2024-06-01,ACTIVE,False,2025-01-30 13:57:05
CUST00001257,Sophia da Paz,1973-12-03,castrosophie@example.net,Santos,SP,2021-04-28,ACTIVE,True,2023-01-27 16:21:47
CUST00002404,Nicolas das Neves,1980-02-15,raquelazevedo@example.org,Uberlândia,MG,2019-12-20,ACTIVE,True,2026-05-02 07:36:14
CUST00000070,Olívia Vieira,1987-09-28,enzo-gabrielda-paz@example.net,Juiz de Fora,MG,2022-02-19,ACTIVE,True,2023-07-12 19:15:48
CUST00000334,Gustavo Silva,1985-05-08,gborges@example.com,Canoas,RS,2021-01-04,ACTIVE,True,2025-12-04 13:51:21
CUST00001983,Mathias Novaes,1991-11-08,lorenzomarques@example.com,São Paulo,SP,2023-08-12,INACTIVE,True,2024-05-10 01:04:59
CUST00003631,Otto Sampaio,1997-06-18,nicolas37@example.org,Contagem,MG,2025-08-01,INACTIVE,False,2025-11-04 03:40:39
CUST00003308,Nicole Siqueira,1992-09-23,carvalhoana-clara@example.net,Canoas,RS,2026-05-19,ACTIVE,True,2026-07-10 03:48:22
CUST00004372,Maria Flor Peixoto,2002-03-29,enzo-gabriel93@example.org,Londrina,PR,2025-06-30,BLOCKED,False,2025-12-08 19:47:28
CUST00000412,Antônio Fernandes,1990-07-02,rochalucas@example.net,Santa Maria,RS,2021-11-09,INACTIVE,True,2025-12-26 15:49:34
CUST00004509,Ana Julia Camargo,1992-04-25,fariasthiago@example.com,Itajaí,SC,2025-03-24,ACTIVE,True,2026-06-05 02:15:08
CUST00002510,Ágatha Caldeira,1973-06-13,liam98,Cascavel,PR,2024-05-16,ACTIVE,True,2024-08-17 18:08:48
CUST00003487,Joana Vargas,1977-01-22,marianemontenegro@example.net,Ribeirão Preto,SP,2021-10-09,ACTIVE,True,2023-11-10 11:00:59
CUST00001100,Dr. Bernardo Nunes,1989-01-28,isadoramarques@example.org,Volta Redonda,RJ,2021-07-05,ACTIVE,False,2026-03-14 03:54:43
CUST00000212,Clara da Costa,1991-08-15,casa-grandetheo@example.org,Ponta Grossa,PR,2021-10-14,INACTIVE,True,2022-06-23 08:24:54
CUST00003927,Augusto Barbosa,1985-03-01,teixeiraoliver@example.com,São José dos Campos,São Paulo,2022-12-15,ACTIVE,True,2023-12-03 22:56:35
CUST00000235,Dra. Camila da Paz,2002-12-27,teixeiralorenzo@example.com,Contagem,MG,2021-11-14,BLOCKED,False,2022-03-24 16:42:16
CUST00002881,Srta. Ayla Freitas,1992-02-27,sophie86@example.org,Santos,São Paulo,2019-09-23,INACTIVE,True,2020-03-29 18:49:40
CUST00000907,Dra. Marina Viana,1973-03-23,ynunes@example.com,Rio de Janeiro,RJ,2025-12-03,ACTIVE,False,2026-01-15 01:57:01
CUST00001533,Dra. Maria Helena Rezende,1999-11-18,noah73@example.com,Vitória da Conquista,BA,2022-01-19,INACTIVE,True,2023-08-14 02:28:32
CUST00002254,Dr. Dom Guerra,2004-06-10,arthur62@example.org,Petrópolis,RJ,2018-09-21,ACTIVE,True,2026-06-17 19:52:35
CUST00003991,Kamilly Moreira,1989-10-16,leticia69@example.com,Belo Horizonte,MG,2022-01-22,BLOCKED,True,2022-02-16 15:30:52
CUST00003246,Alícia Novais,1990-07-17,novaesmaria-cecilia@example.com,Vitória,ES,2022-11-08,ACTIVE,True,2026-06-26 21:14:30
CUST00001666,Benicio Albuquerque,2003-12-22,gustavo-henriqueduarte@example.net,Uberaba,MG,2024-03-12,ACTIVE,True,2025-04-03 09:55:31
CUST00003969,Helena Andrade,1917-10-01,da-cunhayasmin@example.org,Caxias do Sul,RS,2020-03-12,ACTIVE,True,2026-07-15 07:29:21
CUST00004600,Emilly Rezende,1995-06-25,nazevedo@example.net,Rio de Janeiro,RJ,2024-08-27,active,False,2026-02-28 17:08:29
CUST00001086,Mathias Mendonça,1998-11-09,nunesmariane@example.net,Contagem,MG,2026-08-19,INACTIVE,True,2021-05-05 08:58:10
CUST00003784,Srta. Larissa Oliveira,1995-06-18,uda-mata@example.net,Santos,SP,2018-11-24,ACTIVE,True,2026-03-01 21:12:41
CUST00003422,Yuri Sampaio,2003-05-22,heitor81@example.net,Sorocaba,São Paulo,2023-02-28,ACTIVE,True,2023-04-20 22:51:59
CUST00000979,André Cavalcanti,2006-01-22,santosalice@example.com,Campinas,SP,2025-03-08,INACTIVE,False,2025-08-02 01:50:37
CUST00003387,Enzo Gabriel Lopes,2006-11-07,ssa@example.com,Uberaba,MG,2020-01-23,ACTIVE,True,2020-05-18 22:34:42
CUST00003768,Esther da Conceição,1979-05-02,pietrada-mota@example.com,Sorocaba,SP,2018-11-18,ACTIVE,True,2019-04-14 07:50:19
CUST00003149,Dr. Mathias Câmara,1989-03-05,barbosapietro@example.net,Ribeirão Preto,SP,2019-05-27,ACTIVE,True,2024-07-23 00:46:07
CUST00001333,Lucas Nunes,1986-12-15,ngarcia@example.com,Itajaí,SC,2021-04-13,INACTIVE,True,2023-12-29 15:50:47
CUST00003121,Srta. Agatha Carvalho,1968-08-27,albuquerqueotto@example.com,São José dos Campos,SP,2021-04-03,ACTIVE,False,2025-07-25 20:16:34
CUST00002733,Lavínia Ramos,1988-04-20,vcassiano@example.org,Niterói,RJ,2021-06-01,active,True,2025-09-12 23:42:52
CUST00000761,Noah Novais,2000-11-15,pgoncalves@example.org,Santos,SP,2025-10-30,INACTIVE,True,2026-07-22 21:32:31
CUST00003129,Léo Pastor,1981-09-05,asilveira@example.org,Santos,SP,2018-06-02,ACTIVE,True,2021-10-17 07:53:15
CUST00001692,Dra. Pietra Sousa,1991-02-23,rhavi25@example.net,Duque de Caxias,RJ,2023-03-20,Inactive,True,2025-03-09 05:09:00
CUST00000161,Ana Beatriz Pacheco,1979-07-02,joao14@example.com,Campinas,SP,2020-11-14,active,True,2021-07-06 02:44:50
CUST00001422,Isabella da Cruz,1993-06-21,luigisa@example.net,São Paulo,SP,2024-10-15,INACTIVE,False,2026-07-24 11:31:20
CUST00001662,Ana Carolina Nascimento,1989-04-29,fernandesarthur-gabriel@example.org,Cascavel,PR,2021-07-19,ACTIVE,False,2021-11-05 16:16:48
CUST00004011,Apollo da Rosa,1992-03-24,pintoalicia@example.net,Santa Maria,Rio Grande do Sul,2022-04-14,INACTIVE,True,2024-12-08 00:05:33
CUST00004105,Dr. Matheus Moraes,1991-08-09,dom35@example.org,Caxias do Sul,RS,2023-05-31,ACTIVE,True,2025-07-05 13:30:55
CUST00003256,Vitor Hugo Novaes,1997-01-12,maria-juliada-luz@example.net,Vila Velha,ES,2024-10-08,ACTIVE,True,2026-06-03 15:58:41
CUST00004077,Vinícius Macedo,2027-03-14,leticia22@example.com,Pelotas,RS,2018-06-17,ACTIVE,False,2020-03-14 20:47:04
CUST00004781,Alexandre Sá,2001-02-04,das-nevesluiz-miguel@example.com,São José dos Campos,SP,2020-02-06,ACTIVE,True,2020-11-03 12:27:25
CUST00002098,Dra. Ana Lívia Araújo,2004-11-27,jcarvalho@example.com,Chapecó,SC,2019-05-20,ACTIVE,yes,2024-02-15 04:19:51
CUST00001544,Yago Sales,1960-01-09,yasmin10@example.org,Ponta Grossa,paraná,2021-11-28,BLOCKED,True,2023-11-12 21:47:12
CUST00001586,Dr. Asafe Silva,1959-05-30,nda-costa@example.net,São José dos Campos,SP,2023-06-12,ACTIVE,True,2025-04-15 20:00:25
CUST00002807,Pedro Henrique Gonçalves,1986-10-14,fcassiano@example.com,Salvador,BA,2019-01-12,ACTIVE,False,2025-12-04 22:24:50
CUST00003148,Bernardo da Luz,1978-03-18,ana-cecilia34@example.net,Ribeirão Preto,SP,2022-11-08,ACTIVE,True,2025-06-26 04:04:14
CUST00004150,Mariana Fonseca,1964-08-10,rafaelacasa-grande@example.com,Uberaba,MG,2018-03-27,active,True,2024-03-20 01:08:23
CUST00003027,Dra. Alice Cardoso,2007-03-15,portooliver@example.org,São Paulo,SP,2021-07-11,ACTIVE,False,2022-10-06 10:07:56
CUST00002858,Júlia Jesus,1938-06-27,vianarael@example.com,Ribeirão Preto,SP,2023-01-09,ACTIVE,True,2025-07-07 15:02:35
CUST00003331,Catarina Moraes,2008-01-05,maria-juliamendonca@example.org,Uberlândia,MG,2018-12-28,ACTIVE,True,2023-02-10 10:55:35
CUST00001624,Larissa da Mata,1989-01-20,ana-liz63@example.org,Chapecó,SC,2020-03-02,ACTIVE,False,2024-01-13 14:26:07
CUST00001678,Luiz Otávio Gomes,1975-09-24,gpinto@example.org,Salvador,BA,2018-04-05,INACTIVE,False,2020-04-28 20:29:15
CUST00002922,Cecilia Correia,1964-06-23,ana-luiza69@example.com,Nova Iguaçu,RJ,2018-08-07,INACTIVE,True,2021-03-03 23:59:54
CUST00000639,Paulo da Mota,1998-07-10,jose-pedro29@example.com,São Paulo,SP,2021-01-10,BLOCKED,True,2022-10-02 04:22:03
CUST00000187,Maitê Marques,1973-04-17,uleao@example.org,Goiânia,GO,2023-11-25,active,False,2026-04-03 20:16:56
CUST00001502,Ryan Barros,1998-11-17,nda-cruz@example.org,Santos,SP,2022-04-23,ACTIVE,True,2024-11-19 06:04:45
CUST00002534,Stella das Neves,1957-05-13,ealmeida@example.net,Santos,SP,2024-02-07,BLOCKED,True,2026-02-13 08:57:34
CUST00000066,Maria Luísa Duarte,1990-12-12,,Sorocaba,SP,2019-07-10,INACTIVE,True,2022-09-29 20:01:59
CUST00004757,Natália Moura,1985-12-03,davi-miguelalmeida@example.org,Contagem,MG,2024-04-13,ACTIVE,False,2026-05-05 08:34:12
CUST00004755,Rael Andrade,1938-09-28,kamilly09@example.net,Montes Claros,MG,2024-09-20,ACTIVE,no,2026-06-01 00:27:10
CUST00001215,Vicente Nogueira,1974-01-19,paulo18@example.net,Juiz de Fora,MG,2021-12-13,INACTIVE,True,2022-11-30 06:13:31
CUST00002623,Rafael Barbosa,1999-08-05,otavio12@example.org,Pelotas,RS,2019-08-18,ACTIVE,True,2021-06-24 00:21:35
CUST00003126,Ravy Costa,1967-03-23,pastorhelena@example.com,Chapecó,SC,2025-08-26,ACTIVE,yes,2026-04-25 09:26:03
CUST00004589,Mariah Souza,1989-07-24,wfarias@example.com,Maringá,PR,2018-07-02,ACTIVE,False,2018-09-26 13:18:28
CUST00000348,Liam Oliveira,1951-03-30,renan42@example.net,Ribeirão Preto,SP,2022-09-20,ACTIVE,True,2025-12-29 17:21:55
CUST00002359,Carlos Eduardo Cavalcanti,2007-02-14,onovaes@example.net,Montes Claros,MG,2020-06-22,ACTIVE,True,2022-10-16 07:35:12
CUST00002513,Isabella Jesus,1979-08-22,rodriguesrebeca@example.com,Santos,SP,2020-10-05,ACTIVE,True,2026-05-17 15:00:14
CUST00002243,Lorenzo Sá,1986-09-12,luangoncalves@example.net,Ponta Grossa,PR,2019-02-21,INACTIVE,True,2019-12-29 01:16:09
CUST00002861,Maysa das Neves,1975-11-15,tnunes@example.net,Porto Alegre,RS,2021-03-01,ACTIVE,False,2022-05-19 01:04:13
CUST00002305,Gabriel Lima,1987-02-06,dom46@example.net,Maringá,PR,2020-03-27,ACTIVE,True,2025-01-13 06:34:31
CUST00001737,Sr. Luiz Fernando Santos,1969-12-15,emoraes@example.org,Caruaru,PE,2025-12-17,ACTIVE,True,2025-12-26 11:32:40
CUST00000143,Srta. Maria Isis da Conceição,1984-10-18,uaparecida@example.net,Maringá,paraná,2022-10-15,ACTIVE,True,2025-09-15 22:32:38
CUST00001342,Guilherme Montenegro,1943-10-23,mda-mota@example.org,Uberaba,MG,2026-01-24,ACTIVE,True,2026-07-29 11:20:44
CUST00000088,Amanda Barros,1983-01-04,dcarvalho@example.org,Contagem,MG,2021-05-02,INACTIVE,False,2026-03-03 16:05:10
CUST00002533,João Felipe Silveira,1954-01-06,rebeca41@example.com,Porto Alegre,RS,2018-09-01,ACTIVE,False,2019-07-04 22:22:01
CUST00004249,Ana Vitória Viana,1977-09-22,luisa37@example.com,Petrópolis,RJ,2025-11-04,ACTIVE,True,2026-06-06 02:47:10
CUST00001194,Caio Rios,1965-06-09,lcardoso@example.org,São José dos Campos,SP,2025-08-29,ACTIVE,True,2026-04-21 16:30:14
,André Melo,1989-03-17,maysapastor@example.com,Uberlândia,MG,2019-09-26,INACTIVE,True,2025-11-13 01:43:57
CUST00004713,Julia Nunes,1992-07-18,lopesgabrielly@example.net,Ribeirão Preto,SP,2021-04-24,ACTIVE,True,2022-09-30 08:04:57
CUST00002276,Eduarda Peixoto,1992-11-30,uteixeira@example.org,São Paulo,SP,2026-06-01,BLOCKED,True,2026-07-17 11:34:07
CUST00000812,Maria Vitória Campos,1964-07-10,antonioporto@example.net,Blumenau,SC,2020-01-05,ACTIVE,True,2020-11-26 18:11:03
CUST00002394,Sr. Breno Peixoto,1977-02-28,ycavalcante@example.com,Santos,SP,2018-08-28,ACTIVE,False,2026-06-13 19:40:13
CUST00001849,Dr. Yuri Azevedo,2007-10-16,moreiraotto@example.com,Rio de Janeiro,RJ,2019-08-28,ACTIVE,True,2025-10-20 13:37:03
CUST00004667,Luiz Gustavo da Cruz,1996-10-11,vieiralucca@example.org,Nova Iguaçu,RJ,2023-12-19,ACTIVE,False,2025-09-30 07:10:54
CUST00000705,Dr. Davi Miguel Ribeiro,1983-12-29,souzaraul@example.com,Petrópolis,RJ,2022-09-21,ACTIVE,False,2023-12-14 06:28:20
CUST00001197,Ana Beatriz Azevedo,1986-03-31,lorena19@example.org,Campinas,SP,2025-12-20,ACTIVE,True,2026-03-29 10:20:17
CUST00002701,Maria Júlia Costa,1962-06-28,claricepimenta@example.com,Uberlândia,MG,2020-01-29,ACTIVE,False,2020-05-30 05:15:46
CUST00001108,Isabella Camargo,1996-12-23,matheusalves@example.org,Duque de Caxias,RJ,2019-01-27,ACTIVE,False,2023-10-06 13:58:11
CUST00001471,Vinicius Siqueira,1997-07-01,mariana18@example.com,Belo Horizonte,MG,2020-01-24,BLOCKED,True,2026-05-19 10:36:02
CUST00003338,Diego Mendonça,1989-10-25,bcostela@example.org,Ribeirão Preto,SP,2023-11-30,ACTIVE,True,2024-06-01 17:56:02
CUST00001880,Bento Pinto,1993-01-01,kpeixoto@example.org,Pelotas,RS,2018-06-09,INACTIVE,yes,2024-02-03 12:50:42
CUST00000050,Mariana da Mota,1990-02-23,abreubrenda@example.org,Maringá,paraná,2023-09-09,ACTIVE,True,2024-12-11 06:49:29
CUST00002887,Sra. Manuela da Conceição,1998-06-18,sferreira@example.net,Volta Redonda,RJ,2018-03-19,INACTIVE,True,2024-09-08 04:16:59
CUST00004305,Dra. Ana Júlia Gonçalves,2002-03-07,calebecamargo@example.org,Belo Horizonte,MG,2025-08-17,ACTIVE,True,2026-06-11 04:27:00
CUST00000163,Júlia Cavalcante,1982-03-15,maria-luisa45@example.org,São José dos Campos,SP,2021-07-18,ACTIVE,True,2024-02-13 19:55:41
CUST00004133,Sra. Bárbara Rocha,1991-10-02,ycaldeira@example.com,Contagem,MG,2025-06-27,BLOCKED,True,2025-11-15 09:52:34
CUST00000645,Alexia Camargo,1984-07-22,maite39@example.net,Ribeirão Preto,São Paulo,2019-04-09,ACTIVE,True,2023-12-01 15:04:01
CUST00001012,Mariana da Mota,1967-01-06,azevedoesther@example.com,Montes Claros,MG,2025-06-15,ACTIVE,True,2025-11-19 15:41:16
CUST00002403,Rael Cassiano,1986-06-03,joao-miguel64@example.org,Ribeirão Preto,SP,2024-12-03,ACTIVE,True,2025-08-07 06:16:37
CUST00001214,Vitor Gabriel Farias,1943-04-15,usilveira@example.net,Caruaru,PE,2022-01-30,ACTIVE,False,2023-02-21 13:41:15
CUST00004523,Helena Monteiro,1987-02-04,esther60@example.org,São José dos Campos,SP,2021-05-14,ACTIVE,True,2021-12-31 18:09:28
CUST00003082,Manuella Ferreira,2002-07-31,rafaelavasconcelos@example.com,Duque de Caxias,RJ,2019-06-02,ACTIVE,False,2023-08-09 04:20:51
CUST00004010,Valentina da Costa,1976-12-21,cardosovalentina@example.org,São José dos Campos,SP,2019-05-14,ACTIVE,True,2021-10-19 01:19:45
CUST00004587,Henry Gabriel das Neves,2001-07-18,maria31@example.net,Santa Maria,RS,2024-08-05,ACTIVE,True,2025-05-01 06:01:20
CUST00000233,Vitória Leão,1987-12-31,murilopereira@example.org,Caruaru,PE,2024-04-04,ACTIVE,False,2025-06-26 22:51:18
CUST00001003,Ayla Almeida,1964-08-16,trios@example.org,Cascavel,PR,2020-05-08,ACTIVE,False,2023-07-16 03:40:10
CUST00003834,Pedro Miguel Correia,2007-01-01,gomesisis@example.org,Sorocaba,SP,2025-01-08,ACTIVE,True,2026-07-14 15:47:02
CUST00001299,Ana Cecília Monteiro,2008-05-06,andreporto@example.org,Sorocaba,SP,2020-01-24,INACTIVE,False,2022-04-11 15:15:05
CUST00000219,Clarice Araújo,1986-11-19,zcaldeira@example.com,Belo Horizonte,MG,2022-05-30,ACTIVE,False,2024-11-21 04:38:41
CUST00001125,Enrico Sampaio,1987-03-13,natalia15@example.com,Uberlândia,XX,2024-01-07,INACTIVE,True,2025-11-19 12:24:18
CUST00003502,Letícia Aparecida,1986-02-07,bleao@example.com,Ribeirão Preto,SP,2020-02-12,ACTIVE,True,2024-06-07 08:00:23
CUST00004790,Pedro Abreu,1980-06-03,emanuella81@example.com,Canoas,RS,2023-10-12,ACTIVE,False,2024-11-02 22:56:48
CUST00000445,Gabriela Sales,1985-07-18,ana-juliacastro@example.com,Santos,SP,2023-04-28,ACTIVE,True,2026-01-01 03:42:36
CUST00001967,Dr. Dom Martins,1975-04-16,mariana95@example.com,São José dos Campos,SP,2019-10-08,INACTIVE,True,2023-07-20 12:56:37
CUST00001786,Dr. José Viana,1986-05-09,camposana-liz@example.net,Ribeirão Preto,SP,2018-10-23,ACTIVE,False,2022-02-25 06:14:28
CUST00000634,Dra. Heloisa Souza,1936-09-30,gda-costa@example.net,Ribeirão Preto,SP,2019-10-10,ACTIVE,True,2021-05-04 02:07:00
CUST00001319,Dr. Rael Martins,2004-12-27,xjesus@example.com,Ribeirão Preto,SP,2024-01-24,ACTIVE,True,2025-02-17 12:11:40
CUST00004222,Pedro Aparecida,1969-10-08,pachecoravi@example.com,Ribeirão Preto,SP,2022-01-04,ACTIVE,True,2022-08-23 15:29:39
CUST00004546,Júlia Garcia,1984-06-05,paulo25@example.net,São José dos Campos,SP,2019-02-13,active,True,2021-06-08 22:06:13
CUST00003865,Luna Aragão,2002-04-29,isadoranascimento@example.com,Cascavel,PR,2026-05-05,INACTIVE,True,2026-05-27 12:01:33
CUST00000983,Gael Campos,1990-12-27,anna-lizpires@example.net,Belo Horizonte,MG,2022-01-05,ACTIVE,True,2026-06-24 12:15:36
CUST00004782,Maria Luiza Ferreira,1982-05-27,helenasilva@example.org,Camaçari,BA,2025-10-16,BLOCKED,yes,2026-01-01 23:10:58
CUST00004373,Theodoro Freitas,1936-11-03,marianamarques@example.com,Uberlândia,MG,2022-01-31,ACTIVE,True,2022-09-12 19:57:15
CUST00004491,Lívia Souza,1998-01-23,isabelasampaio@example.com,Ribeirão Preto,SP,2021-02-25,ACTIVE,True,2021-05-21 08:12:41
CUST00000341,Maria Júlia Moura,2004-10-10,pietroabreu@example.org,São Paulo,SP,2019-02-27,ACTIVE,False,2022-05-31 01:44:59
CUST00002931,Juan Novaes,1998-12-24,gabrielanascimento@example.net,Maringá,PR,2026-05-02,ACTIVE,True,2026-07-04 03:18:46
CUST00003861,Ayla Moura,1986-08-14,mpinto@example.net,Joinville,SC,2023-08-10,ACTIVE,False,2024-06-13 05:03:34
CUST00001551,Liz Pinto,1941-03-30,cecilia14@example.com,São José dos Campos,SP,2018-12-12,ACTIVE,False,2019-01-30 05:51:48
CUST00002956,Emanuelly Martins,2002-09-13,ribeiroerick@example.com,Duque de Caxias,RJ,2020-09-23,ACTIVE,True,2023-06-28 09:52:40
CUST00003088,Ravy Gonçalves,2006-06-27,aragaomaria-clara@example.org,Montes Claros,MG,2019-08-13,ACTIVE,True,2025-10-31 13:29:43
CUST00000068,Liz Guerra,1983-06-30,da-rosaallana@example.org,Santos,SP,2020-07-07,ACTIVE,no,2020-11-09 01:51:51
CUST00003049,Nicolas Casa Grande,1985-09-12,ana-liviasilva,Petrópolis,RJ,2022-01-09,ACTIVE,True,2024-10-05 21:52:46
CUST00002673,Yago Fernandes,1962-06-16,uviana@example.net,Uberaba,MG,2024-04-13,ACTIVE,False,2025-02-07 19:27:40
CUST00002890,Isabel Montenegro,1981-08-21,thiago54@example.org,Porto Alegre,RS,2023-04-04,ACTIVE,True,2024-03-22 04:30:30
CUST00004416,Sr. Vinicius Vasconcelos,1994-08-19,lucas-gabriel17@example.net,Campinas,SP,2024-09-30,ACTIVE,True,2025-11-09 09:21:51
CUST00004270,João Felipe Novais,1971-09-18,,Salvador,BA,2018-04-20,ACTIVE,False,2022-08-19 17:57:15
CUST00002717,Sr. Antony Pinto,1975-07-19,kaique14@example.org,Caxias do Sul,RS,2022-09-09,ACTIVE,True,2024-09-04 09:46:56
CUST00004766,Caio Rodrigues,1968-12-05,barrosbenjamim@example.net,Canoas,RS,2018-05-22,ACTIVE,True,2026-06-22 21:25:54
CUST00003004,Maria Sophia Moraes,1993-07-26,ryan02@example.org,Belo Horizonte,MG,2021-08-19,active,True,2022-05-14 11:13:35
CUST00001505,Gabriel Pastor,1993-08-08,raulcampos@example.org,Nova Iguaçu,RJ,2023-05-29,ACTIVE,False,2026-04-01 20:36:49
CUST00004422,Davi Lucas Santos,2006-03-28,ana-liviacastro@example.org,Campinas,SP,2018-12-19,ACTIVE,True,2023-01-31 09:47:50
CUST00000493,Isadora Brito,1985-01-17,zcaldeira@example.org,Rio de Janeiro,RJ,2026-05-18,ACTIVE,True,2026-05-21 16:16:53
CUST00001804,Laís da Cruz,1997-11-26,ryan53@example.com,Feira de Santana,BA,2018-05-29,BLOCKED,True,2019-03-04 12:50:08
CUST00001580,Leonardo Albuquerque,1981-06-03,alexia68@example.org,Nova Iguaçu,RJ,2021-06-28,ACTIVE,False,2025-06-30 16:27:28
CUST00000478,Sr. Yuri Marques,1977-09-01,freitasmurilo@example.com,Campinas,SP,2021-03-19,ACTIVE,True,2023-09-21 23:16:32
,Caio Gomes,1995-09-28,novaeseduarda@example.net,São José dos Campos,SP,2025-07-20,INACTIVE,False,2026-06-09 08:51:11
CUST00004349,Stephany Pinto,1987-08-27,yago70@example.org,Vitória da Conquista,BA,2018-12-17,ACTIVE,True,2026-07-24 16:51:04
CUST00001375,Bento Carvalho,1988-05-19,melina43@example.org,São Paulo,São Paulo,2022-02-22,ACTIVE,False,2025-10-09 02:20:08
CUST00004355,Zoe Pimenta,1992-04-26,maria-alice06@example.net,Campinas,SP,2020-03-16,ACTIVE,False,2024-10-13 20:10:19
CUST00001525,Helena Pastor,1975-03-22,vieiraolivia@example.com,Sorocaba,SP,2021-12-19,ACTIVE,True,2024-04-18 22:22:46
CUST00000459,Ana Sophia Moura,1995-12-06,fonsecaanna-liz@example.org,Montes Claros,MG,2025-11-09,ACTIVE,True,2026-05-15 03:54:36
CUST00002782,Ian Marques,1965-06-14,casa-grandeyuri@example.org,Belo Horizonte,MG,2024-12-24,INACTIVE,True,2025-10-31 05:11:37
CUST00003594,Raul Cavalcanti,2009-04-15,qmelo@example.com,Canoas,RS,2023-01-31,ACTIVE,True,2025-01-12 16:14:01
CUST00002030,Maria Júlia Teixeira,2003-07-16,wabreu@example.com,Montes Claros,MG,2023-11-18,ACTIVE,True,2026-07-16 05:09:04
CUST00001548,Eloá Camargo,1963-01-31,gustavoda-paz@example.com,Campinas,SP,2019-05-08,INACTIVE,False,2025-09-22 04:23:06
CUST00003810,Bernardo Vargas,1962-09-29,ada-rocha@example.org,Curitiba,PR,2018-06-06,ACTIVE,True,2021-07-17 01:05:50
CUST00002532,Raquel Gomes,1973-12-17,nicoleramos@example.org,Volta Redonda,RJ,2021-01-19,ACTIVE,True,2024-03-17 09:01:12
CUST00004651,Nicole Mendes,1996-05-22,valentimda-rosa@example.org,Volta Redonda,RJ,2018-02-28,ACTIVE,True,2020-07-25 06:40:48
CUST00002924,Emilly Abreu,2001-08-12,agatha59@example.com,Caucaia,CE,2026-02-20,INACTIVE,False,2026-03-04 21:25:00
CUST00004300,Sr. Yuri Pinto,2001-11-27,albuquerqueluana@example.org,São Paulo,SP,2023-08-19,ACTIVE,False,2024-08-29 05:24:16
CUST00002480,Lorena Vargas,1981-08-19,monteiropaulo@example.net,Juiz de Fora,MG,2021-03-31,INACTIVE,yes,2024-01-30 17:52:19
CUST00004374,Maria Flor Teixeira,1998-05-22,naragao,Ribeirão Preto,SP,2021-10-30,ACTIVE,True,2024-10-18 01:50:19
CUST00001859,Carlos Eduardo da Luz,1936-03-21,sgarcia@example.com,São José dos Campos,SP,2024-08-17,ACTIVE,True,2024-09-20 13:47:41
CUST00002575,Dr. Danilo Vieira,1964-12-15,ana42@example.org,Montes Claros,MG,2018-08-08,ACTIVE,True,2026-02-04 21:36:45
CUST00004279,Raul Brito,1978-03-26,yasminmoura,Petrópolis,RJ,2022-09-30,ACTIVE,False,2023-04-20 16:31:48
CUST00002340,Maria Sophia Brito,1994-07-01,rodriguesjose-miguel@example.net,Niterói,Rio de Janeiro,2024-04-08,INACTIVE,False,2025-08-24 06:03:43
CUST00000684,Heitor Cassiano,1996-01-14,levifonseca@example.net,Montes Claros,MG,2025-06-17,ACTIVE,False,2026-06-04 01:48:31
CUST00003721,Maria Luiza Andrade,2004-06-02,maria22@example.org,Pelotas,RS,2021-06-21,ACTIVE,True,2025-07-07 17:02:37
CUST00003008,Dra. Mariana das Neves,1970-04-19,isabelaaparecida@example.org,Ponta Grossa,PR,2020-05-22,BLOCKED,True,2023-07-10 21:31:48
CUST00003068,Diego Campos,1986-01-30,freitasisis@example.com,Campinas,SP,2020-03-23,ACTIVE,True,2025-03-16 22:27:14
CUST00002878,Dante Cavalcanti,1996-04-19,ana-beatrizcirino@example.com,Campinas,SP,2020-11-17,INACTIVE,True,2025-11-20 02:46:21
CUST00003069,João Lucas Dias,1999-02-05,ottofonseca@example.net,Montes Claros,XX,2023-10-18,ACTIVE,True,2025-07-22 06:12:37
CUST00000053,Léo Pacheco,1988-07-05,lorenacardoso@example.org,Montes Claros,MG,2019-11-27,ACTIVE,True,2025-04-15 11:29:27
CUST00003025,Heitor Siqueira,1962-12-18,sabrinasouza@example.org,Ribeirão Preto,SP,2024-08-17,active,True,2024-10-27 16:01:37
CUST00002864,Sr. Mateus Sales,1979-08-09,ferreiraian@example.org,Santos,São Paulo,2024-04-22,INACTIVE,True,2024-04-28 08:15:14
CUST00000358,Gustavo Gonçalves,2001-10-31,auroravasconcelos@example.com,São Paulo,SP,2023-04-17,ACTIVE,False,2023-06-10 22:26:58
CUST00004202,Luiz Gustavo Rezende,1999-03-24,kpires@example.com,Caxias do Sul,RS,2024-06-29,ACTIVE,True,2025-07-30 15:49:30
CUST00003714,Dr. Davi Lucca Costa,1966-02-25,correiamaria-helena@example.com,Juiz de Fora,MG,2024-07-06,ACTIVE,True,2024-12-17 20:33:06
CUST00001292,Leonardo Pacheco,1967-12-29,pmoraes@example.com,Petrópolis,RJ,2019-06-06,ACTIVE,False,2019-11-19 07:56:07
CUST00002217,Maria Luísa Castro,1989-09-08,rsampaio@example.net,Niterói,RJ,2023-06-23,ACTIVE,True,2023-11-20 00:27:53
CUST00001404,Davi Luiz Costa,1998-11-28,gcirino@example.org,Contagem,MG,2023-11-14,ACTIVE,True,2024-02-13 13:10:47
CUST00000141,João Miguel Silveira,1975-07-26,mariana27@example.net,Serra,ES,2023-02-02,ACTIVE,True,2023-07-29 17:39:56
CUST00002057,Davi Miguel Macedo,1991-11-22,garciabenjamim@example.com,Cariacica,ES,2019-08-14,ACTIVE,False,2023-03-20 10:33:35
CUST00001067,Pedro Lucas Rocha,1987-08-24,carolinecarvalho@example.net,São José dos Campos,SP,2021-08-12,ACTIVE,True,2026-01-21 00:39:51
CUST00001172,Ana Julia Novaes,1986-05-03,aparecidaolivia@example.org,São José dos Campos,SP,2020-10-04,ACTIVE,True,2025-04-19 08:49:26
CUST00001201,Enzo Pires,1972-09-07,costelaeloa@example.org,São Paulo,SP,2021-04-05,ACTIVE,True,2023-02-26 23:54:35
CUST00002328,Srta. Sofia Caldeira,1993-07-20,ecasa-grande@example.net,Niterói,RJ,2018-01-06,ACTIVE,False,2021-10-16 19:54:56
CUST00002508,Ayla Ribeiro,1999-01-23,vitor-gabriel02@example.org,São José dos Campos,SP,2023-03-04,ACTIVE,True,2026-02-19 00:00:30
CUST00002017,Mirella Abreu,1963-05-04,joana94@example.com,Londrina,PR,2018-03-05,ACTIVE,True,2019-05-25 05:47:24
CUST00001557,Sr. Joaquim Gomes,1964-10-20,fnovaes@example.net,Sorocaba,SP,2026-07-21,ACTIVE,True,2026-07-22 05:09:38
CUST00002614,Miguel Moura,1999-09-26,bfernandes@example.net,Florianópolis,SC,2022-10-14,ACTIVE,True,2026-02-05 10:34:42
CUST00001121,Maria Isis das Neves,1972-03-25,joaquim83@example.com,Juiz de Fora,MG,2025-03-18,active,False,2026-07-10 19:40:12
CUST00002795,Camila Andrade,1978-12-09,benjamimsousa@example.com,Vitória da Conquista,BA,2018-11-18,ACTIVE,True,2019-03-13 01:51:28
CUST00004746,Mateus Rocha,1973-05-26,lpires@example.org,Montes Claros,MG,2019-11-06,ACTIVE,False,2020-05-22 18:47:31
CUST00003756,Lorenzo Silva,1995-04-21,oda-luz@example.net,Belo Horizonte,MG,2021-01-31,ACTIVE,True,2021-07-31 04:03:47
CUST00004669,Asafe Silveira,1976-01-24,joao-pedropereira@example.net,Cascavel,PR,2020-10-19,ACTIVE,True,2021-06-07 16:10:13
CUST00000151,Clara da Cruz,1995-10-19,rnunes@example.org,Santos,SP,2024-05-13,ACTIVE,False,2025-01-12 12:39:58
CUST00000615,Agatha Borges,1983-01-20,nicole83@example.net,Sorocaba,SP,2021-04-01,ACTIVE,True,2021-12-13 11:00:35
CUST00002862,Luan Fernandes,1964-12-10,ana-sophia01@example.org,Campinas,SP,2019-06-24,ACTIVE,False,2022-09-19 17:52:04
CUST00000071,Lívia Borges,1958-02-20,ana-luizacamara@example.org,Petrópolis,RJ,2024-06-16,ACTIVE,False,2026-06-17 06:17:02
CUST00003454,Sra. Ana Júlia das Neves,2000-02-20,pabreu@example.com,Olinda,PE,2018-10-02,ACTIVE,True,2024-12-12 18:15:14
CUST00001811,Olivia Souza,1990-12-02,cardosobernardo@example.com,Uberlândia,MG,2018-07-18,ACTIVE,False,2025-11-15 04:08:08
CUST00002800,Ana Cecília Jesus,1983-02-12,pcaldeira@example.org,São Paulo,SP,2024-01-20,ACTIVE,True,2025-09-22 12:34:06
CUST00000683,Pedro Lucas Cavalcante,2005-10-13,eduardomoraes@example.net,Volta Redonda,RJ,2023-03-22,ACTIVE,False,2025-11-04 09:16:05
CUST00000772,Matheus Vargas,1983-01-04,vda-cruz@example.org,Canoas,RS,2023-02-19,ACTIVE,True,2023-11-12 18:49:26
CUST00002690,Maysa Borges,1985-05-29,luiz-henrique38@example.com,Caxias do Sul,RS,2020-05-05,INACTIVE,False,2025-05-10 17:21:34
CUST00003805,Dr. Luiz Henrique Monteiro,1964-06-10,guilherme24@example.com,São José dos Campos,São Paulo,2022-09-30,INACTIVE,True,2023-11-10 15:30:26
CUST00000391,Antonella Silveira,1949-06-10,raquelcavalcante@example.net,Salvador,XX,2020-01-16,ACTIVE,False,2021-12-02 07:08:37
CUST00002735,Vinicius Cunha,1999-05-15,yasmincaldeira@example.net,São Paulo,SP,2025-10-15,ACTIVE,True,2026-03-28 02:48:01
CUST00000503,Dr. João Gabriel Cirino,1973-12-24,diaspedro-lucas@example.org,Caruaru,PE,2019-06-10,ACTIVE,True,2024-09-15 18:26:41
CUST00000118,Carlos Eduardo Teixeira,1986-03-22,otavioda-luz@example.net,Caucaia,CE,2025-03-02,BLOCKED,True,2025-10-22 15:57:22
CUST00004211,Cecília Pastor,1979-12-12,vitor-hugo50@example.org,Campinas,SP,2023-06-17,ACTIVE,True,2026-02-07 14:33:25
CUST00002236,Sr. Davi Araújo,1986-12-02,murilosouza@example.org,São José dos Campos,SP,2022-01-14,ACTIVE,True,2024-11-27 06:00:08
CUST00001601,Clara Porto,2002-11-24,antonellanunes@example.org,Pelotas,RS,2024-11-17,ACTIVE,True,2025-10-26 17:28:11
CUST00004697,Dr. Theodoro Fogaça,1956-08-02,cpeixoto@example.com,Juiz de Fora,MG,2021-07-27,ACTIVE,True,2026-02-08 06:48:50
CUST00002655,Maysa Macedo,2006-12-15,heloisa20@example.net,Ponta Grossa,PR,2024-03-01,ACTIVE,False,2024-12-12 10:21:38
CUST00003154,Maria Laura Viana,1995-07-19,andradeana-sophia@example.net,Uberaba,MG,2025-10-01,ACTIVE,yes,2025-12-15 14:53:12
CUST00001421,Nina Cavalcante,1993-07-28,ecamargo@example.net,Londrina,PR,2024-04-13,ACTIVE,False,2026-04-20 01:49:19
CUST00000031,Esther Brito,1982-09-04,ribeirolorena@example.com,Ribeirão Preto,SP,2018-11-25,INACTIVE,True,2024-08-22 19:29:48
CUST00002405,Benjamim Oliveira,1997-10-16,alicianovaes@example.com,Niterói,RJ,2027-01-18,ACTIVE,False,2021-01-22 10:55:00
CUST00002870,Maya Lopes,1972-06-02,djesus@example.com,Duque de Caxias,RJ,2021-06-07,ACTIVE,False,2025-12-29 18:51:33
CUST00003539,Dr. Isaac Pinto,1983-01-25,da-motavalentim@example.net,Montes Claros,MG,2023-02-22,ACTIVE,True,2023-05-02 15:05:58
CUST00002909,José Garcia,1981-05-07,brayanborges@example.net,Petrópolis,RJ,2026-04-12,ACTIVE,False,2026-05-01 08:57:14
CUST00004334,Ana Luiza Correia,1975-09-25,uandrade@example.com,Santa Maria,RS,2019-04-21,ACTIVE,False,2023-06-30 17:36:08
CUST00000145,Luísa Brito,2008-01-29,hbrito@example.com,Nova Iguaçu,RJ,2024-04-19,active,True,2026-02-05 00:13:43
CUST00001931,Srta. Daniela Rodrigues,2005-11-14,anthony72@example.com,Campinas,SP,2020-01-01,ACTIVE,True,2021-03-10 01:42:48
CUST00003912,Bryan Duarte,2000-11-09,azevedotheodoro@example.org,Sorocaba,SP,2018-02-15,ACTIVE,True,2023-12-07 09:14:39
CUST00001500,Davi Lucas Cassiano,1982-02-06,melissa03@example.org,Campinas,SP,2019-08-30,ACTIVE,True,2024-06-14 20:32:44
CUST00004702,Matteo Ribeiro,1965-03-02,gomesryan@example.net,Feira de Santana,BA,2021-07-03,ACTIVE,False,2024-10-23 03:36:56
CUST00003249,Raul Moreira,1981-11-17,noah69@example.net,Contagem,MG,2024-04-15,ACTIVE,True,2026-07-10 10:08:15
CUST00003643,Dra. Cecília Rezende,1986-01-26,fariasalexandre@example.org,Duque de Caxias,RJ,2018-12-15,INACTIVE,True,2024-01-02 23:20:09
CUST00003036,Vitória Cunha,1965-01-24,vianabenjamin@example.com,Rio de Janeiro,RJ,2021-07-30,Inactive,True,2025-10-08 15:45:27
CUST00001578,Gabriela Porto,1974-12-20,da-costavitor-gabriel@example.org,Uberlândia,MG,2020-10-15,INACTIVE,True,2021-12-25 07:59:24
CUST00004015,Heloisa Almeida,1997-01-30,ubrito@example.net,Duque de Caxias,RJ,2022-02-01,ACTIVE,True,2026-07-18 22:30:33
CUST00001941,Stella Caldeira,2005-07-05,wbarros@example.net,Santos,SP,2023-09-27,ACTIVE,True,2023-12-12 02:46:28
CUST00004792,Catarina Fernandes,1993-07-31,goncalvesmarcos-vinicius@example.com,São Paulo,SP,2021-01-01,active,True,2021-03-20 04:13:40
CUST00003935,Olívia Pires,1999-05-20,yuriribeiro@example.net,Juiz de Fora,MG,2026-06-22,ACTIVE,False,2026-07-22 11:36:52
CUST00004068,Gustavo Henrique Casa Grande,1953-04-23,luiza59@example.net,Duque de Caxias,RJ,2023-05-03,ACTIVE,True,2024-03-02 23:03:09
CUST00003936,Maria Cecília Cavalcanti,1974-04-05,wda-conceicao@example.com,Uberaba,MG,2022-01-27,active,True,2025-09-26 06:42:40
CUST00004510,Heloísa Vargas,1987-10-27,vinicius31@example.net,Uberaba,MG,2023-08-06,ACTIVE,True,2026-03-25 04:52:27
CUST00001145,Ana Cecília Pacheco,1982-10-06,vicentecavalcante@example.net,Itajaí,SC,2018-03-31,ACTIVE,True,2020-09-15 22:20:37
CUST00000154,Anthony Martins,1980-11-17,zoe21@example.com,Ribeirão Preto,SP,2018-08-13,ACTIVE,True,2025-02-21 01:43:40
CUST00002259,Sr. Bernardo Duarte,1977-11-20,spereira@example.org,Serra,ES,2025-10-15,ACTIVE,False,2026-06-29 04:15:59
CUST00000117,Letícia Pastor,1983-10-20,,São Paulo,SP,2023-03-21,INACTIVE,True,2023-07-13 17:46:16
CUST00003163,Ana Lívia Siqueira,1989-06-24,riosliz@example.com,Contagem,minas gerais,2024-04-17,INACTIVE,True,2026-04-06 07:57:41
CUST00003902,Sr. Felipe Souza,1981-10-16,caroline13@example.com,Belo Horizonte,MG,2020-03-04,ACTIVE,False,2020-09-09 13:14:41
CUST00003427,Aurora Alves,2000-06-09,silveiraluiz-fernando@example.org,Olinda,PE,2021-11-15,Inactive,False,2021-12-07 16:25:40
CUST00000792,Maria Julia Ribeiro,1985-05-22,nmoura@example.net,Camaçari,BA,2025-10-14,INACTIVE,True,2025-10-20 19:31:55
CUST00004788,José Pedro Sampaio,1989-12-18,da-costayan@example.net,São José dos Campos,SP,2022-12-19,ACTIVE,True,2023-02-24 16:02:33
CUST00004407,Sr. Henrique Borges,1992-10-12,cgarcia@example.com,Juiz de Fora,MG,2018-10-07,active,True,2021-07-19 00:26:05
CUST00003765,José Pedro Cavalcante,1991-10-12,pmelo@example.net,Contagem,MG,2024-02-23,INACTIVE,False,2024-06-01 18:57:20
CUST00000551,Sr. Théo Vieira,1961-12-22,davi-luccadas-neves@example.net,Camaçari,bahia,2020-01-20,BLOCKED,False,2023-06-09 04:02:44
CUST00000526,Rafaela Santos,2002-06-05,lopeslucas@example.net,Belo Horizonte,MG,2019-01-17,ACTIVE,True,2023-08-19 12:04:39
CUST00003236,Melina Jesus,1995-05-17,marquesmilena@example.net,São Paulo,SP,2020-10-22,ACTIVE,True,2024-02-07 22:01:59
CUST00003558,Eduarda Ribeiro,2001-06-23,ana-vitoria24@example.org,Campinas,SP,2026-01-05,ACTIVE,False,2026-02-17 14:20:15
CUST00004197,Maria Eduarda Jesus,2004-11-17,dda-cunha@example.net,Olinda,PE,2020-05-13,ACTIVE,True,2025-09-12 08:58:46
CUST00003127,Mariane Pimenta,1999-06-16,maria-fernandamacedo@example.org,São Paulo,SP,2024-07-01,ACTIVE,True,2025-12-29 08:42:25
CUST00004184,Sr. Vitor Nascimento,1980-04-12,pbarros@example.org,Rio de Janeiro,Rio de Janeiro,2018-07-20,INACTIVE,False,2024-06-02 16:06:14
CUST00001677,Rafael Rezende,1997-09-13,mirellacaldeira@example.org,Juiz de Fora,MG,2018-12-08,INACTIVE,no,2025-10-14 12:34:54
CUST00000347,Helena Sá,1978-04-28,carvalhomilena@example.com,Belo Horizonte,MG,2020-09-14,ACTIVE,True,2020-10-21 11:46:53
CUST00004256,Maria Liz Machado,1972-04-15,paragao@example.net,Duque de Caxias,RJ,2020-03-21,ACTIVE,True,2023-10-04 22:17:20
CUST00000786,Maria Clara Marques,1962-01-19,vasconcelosnatalia@example.com,Campinas,São Paulo,2021-05-27,ACTIVE,False,2021-12-18 09:56:58
CUST00000672,Yuri da Luz,1980-01-22,xrezende@example.org,Belo Horizonte,minas gerais,2023-05-31,INACTIVE,True,2025-06-20 01:08:25
CUST00003360,Nina Alves,1973-01-19,vcassiano@example.com,Belo Horizonte,MG,2019-08-16,ACTIVE,True,2021-03-16 17:01:25
CUST00003362,Letícia Vieira,1984-11-02,leoda-rocha@example.org,Ribeirão Preto,SP,2018-04-28,ACTIVE,False,2020-07-20 11:07:39
CUST00000681,Valentim da Cunha,1972-04-30,hcamara@example.com,Juiz de Fora,MG,2020-03-22,ACTIVE,True,2020-11-21 00:47:05
CUST00000591,Júlia Pinto,1977-07-23,larissacaldeira@example.net,Camaçari,BA,2025-12-04,ACTIVE,True,2026-06-12 07:59:18
CUST00002450,,1982-07-18,vieirakevin@example.org,Montes Claros,MG,2025-08-16,ACTIVE,True,2026-04-12 22:22:40
CUST00003997,Ana Cecília Barros,1977-04-29,yan13@example.org,Campinas,SP,2019-01-31,INACTIVE,True,2020-05-02 13:25:43
CUST00004187,Marcela Porto,1970-06-04,oaragao@example.org,Santos,São Paulo,2022-10-15,ACTIVE,False,2024-06-29 07:01:16
CUST00004689,Ana Carolina Mendonça,1964-12-31,pastorfernando@example.org,Blumenau,SC,2022-04-30,ACTIVE,True,2026-01-20 14:34:59
CUST00000745,Maria Luiza Barbosa,1998-03-31,castrocaroline@example.org,Campinas,São Paulo,2019-04-07,ACTIVE,True,2023-06-30 17:23:43
CUST00001921,Sr. Francisco Fogaça,1999-01-01,luan78@example.org,São José dos Campos,SP,2026-02-13,ACTIVE,True,2026-07-25 02:12:00
CUST00004763,Caio Cirino,1962-01-14,eda-rosa@example.org,Cariacica,ES,2019-02-25,ACTIVE,True,2019-03-25 19:15:57
CUST00003551,Dr. Emanuel Azevedo,1986-01-04,gomesgael-henrique@example.com,Duque de Caxias,RJ,2024-09-05,ACTIVE,False,2026-04-25 14:36:02
CUST00003402,Valentim Moreira,1985-09-19,camposthiago@example.org,Uberlândia,MG,2024-06-03,ACTIVE,True,2025-09-22 15:02:22
CUST00004123,Hellena da Cunha,1977-09-02,davi-miguel50@example.org,Montes Claros,MG,2023-01-08,ACTIVE,False,2025-05-26 07:18:49
CUST00001943,Maria Isis Rodrigues,2006-08-09,falbuquerque@example.net,Ribeirão Preto,SP,2024-11-20,ACTIVE,True,2026-07-12 21:57:16
CUST00002096,Laís Gomes,1970-01-31,dmelo@example.com,Sorocaba,SP,2019-05-01,ACTIVE,True,2024-01-02 20:13:41
CUST00002448,Eloah Fernandes,1977-06-13,beatrizpastor@example.com,Salvador,BA,2022-12-28,ACTIVE,True,2024-09-28 00:41:13
CUST00002240,Ravy da Paz,1988-12-20,macedoleo@example.net,Juiz de Fora,MG,2021-09-30,ACTIVE,False,2022-03-04 17:17:21
CUST00003441,Gustavo Henrique Fonseca,2000-07-09,andradejulia@example.org,Juiz de Fora,MG,2023-07-28,INACTIVE,True,2024-02-22 01:28:20
CUST00002891,Paulo da Cunha,2003-02-02,lopeslorenzo@example.com,Contagem,MG,2023-04-14,ACTIVE,True,2026-03-02 04:30:28
CUST00002609,Cauê Farias,1990-07-17,jcamargo@example.org,Camaçari,BA,2019-09-30,ACTIVE,no,2025-10-30 07:48:48
CUST00003639,Isabelly Aragão,1990-06-16,dommartins@example.net,Ribeirão Preto,São Paulo,2020-09-11,ACTIVE,True,2025-07-10 16:34:41
CUST00001646,Dra. Laís Martins,1989-01-19,glopes@example.com,Itajaí,SC,2018-09-18,ACTIVE,True,2024-04-23 08:56:49
CUST00004453,Maria Helena Ferreira,1996-05-17,nsampaio@example.net,São José dos Campos,SP,2025-07-22,ACTIVE,False,2025-12-22 01:29:35
CUST00004430,Levi Dias,1963-05-17,vjesus@example.net,Santos,SP,2023-01-03,ACTIVE,True,2023-04-21 12:58:15
CUST00002411,Daniela Cardoso,1987-11-03,emillyoliveira@example.com,Ribeirão Preto,SP,2026-04-24,UNKNOWN,True,2026-07-20 20:06:22
CUST00000968,Lucca Viana,1991-03-31,guerraisaac@example.org,Volta Redonda,RJ,2021-10-01,INACTIVE,True,2023-10-11 13:21:03
CUST00002377,Raul Nascimento,1987-11-23,joao-vitor49@example.org,Santos,SP,2022-06-13,ACTIVE,True,2026-06-03 18:30:19
CUST00004762,Bianca Santos,1973-09-26,isabelsouza@example.net,Uberlândia,MG,2023-05-22,ACTIVE,True,2024-01-18 22:45:48
CUST00003973,Ana Cecília da Cruz,1917-11-27,joao-pedro13@example.com,Campinas,SP,2026-06-18,ACTIVE,True,2026-06-18 06:51:26
CUST00004554,Calebe Camargo,1964-12-08,luisacavalcante@example.net,Blumenau,SC,2021-08-14,ACTIVE,True,2026-05-20 06:22:52
CUST00002946,Laís Freitas,2007-02-12,uaparecida@example.com,Ribeirão Preto,SP,2026-06-01,ACTIVE,False,2026-07-30 10:51:24
CUST00004082,Sra. Alícia Pimenta,1982-12-15,xpacheco@example.org,Ribeirão Preto,São Paulo,2023-08-21,INACTIVE,False,2023-10-24 16:40:34
CUST00000999,André Leão,1977-05-06,aparecidamaria-isis@example.net,Ribeirão Preto,São Paulo,2019-07-19,BLOCKED,False,2021-10-07 07:40:13
CUST00001445,Dante Moraes,1976-06-27,luara26@example.org,Salvador,BA,2019-10-13,ACTIVE,True,2020-08-19 08:01:37
CUST00004573,Alexia Casa Grande,1996-10-11,miguelvargas@example.com,São José dos Campos,SP,2026-02-04,ACTIVE,False,2026-04-19 03:24:14
CUST00004060,Ana Liz Cassiano,1984-08-15,samuelazevedo@example.net,São José dos Campos,SP,2023-11-20,ACTIVE,False,2025-11-26 10:47:28
CUST00001116,Helena Casa Grande,1974-02-24,cavalcantipaulo@example.com,Montes Claros,MG,2025-08-04,INACTIVE,True,2025-08-09 09:33:35
CUST00004565,Dra. Isabel Pereira,1998-11-05,gomestheodoro@example.net,Montes Claros,MG,2022-04-16,INACTIVE,False,2024-02-23 21:26:22
CUST00002921,Rodrigo da Mota,1985-06-24,wviana@example.net,Santa Maria,RS,2024-09-30,ACTIVE,True,2025-09-05 03:14:41
CUST00002645,Diogo Vargas,1979-01-25,sarahdias@example.net,Santos,SP,2022-02-26,ACTIVE,yes,2022-05-15 21:54:44
CUST00002808,Ana Luiza Moura,2000-01-23,joao-guilhermesampaio,Ribeirão Preto,SP,2021-02-03,ACTIVE,True,2022-06-24 10:51:34
CUST00000585,Henry Gabriel Siqueira,1990-12-31,otaviosiqueira@example.org,Ponta Grossa,PR,2023-11-04,ACTIVE,True,2024-09-07 16:57:14
CUST00002038,Brayan Duarte,1988-04-15,jcassiano@example.net,Ribeirão Preto,SP,2025-09-12,ACTIVE,True,2025-10-23 05:57:17
CUST00002366,Oliver Azevedo,1981-12-11,santosjoao-vitor@example.net,Nova Iguaçu,RJ,2020-09-20,INACTIVE,False,2023-01-24 20:14:22
CUST00002108,Cauã Vargas,2004-03-25,yuri48@example.com,São José dos Campos,SP,2019-03-20,BLOCKED,False,2019-12-07 07:55:44
CUST00000051,Julia Castro,1988-05-18,tnovaes@example.com,Contagem,MG,2025-08-06,ACTIVE,True,2025-11-30 21:03:22
CUST00002041,Levi Fonseca,1991-09-27,nsouza@example.org,São José dos Campos,SP,2023-09-30,INACTIVE,True,2025-10-16 13:04:58
CUST00002865,Anna Liz Lima,1978-10-23,da-conceicaostephany,Duque de Caxias,RJ,2026-04-25,ACTIVE,False,2026-05-21 16:39:35
CUST00002618,Dra. Laís Cardoso,1975-12-10,csouza@example.com,Canoas,RS,2023-08-13,ACTIVE,yes,2026-06-17 10:57:44
CUST00004783,Dra. Pietra Ramos,1983-03-21,gda-costa@example.com,Santos,SP,2020-06-11,ACTIVE,False,2022-02-15 19:24:49
CUST00002842,Sra. Mariane Alves,1999-02-19,marcela84@example.org,Feira de Santana,BA,2021-08-12,ACTIVE,True,2025-07-11 18:12:13
CUST00000131,Maria Liz Teixeira,1987-02-02,marquesfelipe@example.com,Santos,SP,2020-06-08,ACTIVE,False,2021-04-12 16:25:03
CUST00002248,Melissa Albuquerque,1970-11-02,diaseloa@example.net,São Paulo,SP,2021-10-13,ACTIVE,False,2024-09-25 04:01:24
CUST00003217,Lara Oliveira,1988-12-03,rezendelorenzo@example.net,Sorocaba,SP,2024-01-28,ACTIVE,True,2026-05-30 13:22:26
CUST00004550,Ágatha Brito,1965-10-06,liviasilveira@example.com,Caxias do Sul,RS,2018-12-23,ACTIVE,True,2022-04-15 21:15:06
CUST00004657,Srta. Laura Albuquerque,1989-07-17,leaodaniela@example.com,Nova Iguaçu,RJ,2025-06-14,ACTIVE,True,2026-05-27 18:01:51
CUST00003809,Luan Caldeira,1964-08-28,luiz-fernandoda-cunha@example.com,Campinas,SP,2020-10-11,ACTIVE,True,2023-07-03 15:51:42
CUST00001717,Aylla Carvalho,1984-09-29,usales@example.net,Nova Iguaçu,RJ,2019-01-02,INACTIVE,yes,2025-06-28 19:48:41
CUST00000295,Lara Pinto,1981-09-13,cardosogael@example.com,Petrópolis,RJ,2022-04-27,ACTIVE,True,2024-05-20 04:11:39
CUST00003017,Dra. Luara Nunes,1984-11-03,esales@example.org,Santos,SP,2023-08-30,ACTIVE,True,2025-07-26 08:09:05
CUST00002998,Enrico Porto,1990-12-23,antonio17@example.org,Santos,SP,2024-02-08,ACTIVE,True,2026-07-25 10:08:56
CUST00004274,Maria Laura Ferreira,1977-08-06,heloisa19@example.org,São Paulo,SP,2021-02-27,ACTIVE,True,2022-12-10 06:43:55
CUST00004522,João Vitor Campos,1992-06-19,antonella95@example.org,São José dos Campos,SP,2021-03-29,ACTIVE,False,2025-12-14 21:09:21
CUST00002332,Otávio Fogaça,2000-05-13,salbuquerque@example.net,Uberaba,MG,2020-06-29,INACTIVE,True,2025-11-13 22:17:03
CUST00002916,Alexandre Almeida,1989-08-22,salesrebeca@example.com,Londrina,PR,2019-02-15,ACTIVE,True,2024-12-01 20:48:25
CUST00000124,Laura Macedo,1966-04-04,martinsana-julia@example.net,Juiz de Fora,MG,2019-11-05,ACTIVE,False,2022-05-09 23:20:29
CUST00002604,Yago Aragão,2001-04-28,rodrigopastor@example.org,Sorocaba,SP,2018-07-28,ACTIVE,False,2022-03-05 23:04:41
CUST00003682,Vitor Hugo Lopes,1977-10-13,hadassa42@example.net,Santos,SP,2026-07-05,ACTIVE,True,2026-07-26 11:08:39
CUST00000780,Bento Fogaça,1979-09-17,stellavieira@example.org,Sorocaba,SP,2024-12-04,INACTIVE,True,2025-08-14 11:54:43
CUST00003063,Bárbara da Mata,1978-04-13,helenacampos@example.com,Volta Redonda,RJ,2019-03-04,INACTIVE,True,2022-10-23 11:08:51
CUST00000949,Camila Santos,1979-02-11,borgesjose-pedro@example.com,Sorocaba,SP,2021-01-24,ACTIVE,False,2024-01-20 19:37:08
CUST00001038,Aurora Casa Grande,2000-11-26,ana-juliamelo@example.net,Contagem,MG,2025-04-08,INACTIVE,False,2025-12-21 07:19:31
CUST00000740,José Miguel Melo,2008-04-06,machadobruna@example.com,Santa Maria,RS,2022-03-21,ACTIVE,True,2022-11-26 19:06:50
CUST00002792,Léo Macedo,1973-10-05,esther46@example.org,Contagem,MG,2026-05-30,BLOCKED,True,2026-06-20 21:26:09
CUST00002165,João Miguel Duarte,1978-02-06,manuelateixeira@example.org,Ribeirão Preto,SP,2024-10-28,ACTIVE,True,2025-05-16 11:07:08
CUST00000877,Kaique Montenegro,1983-10-06,anthony-gabriel15@example.com,São José dos Campos,SP,2026-03-27,INACTIVE,False,2026-05-07 01:02:27
CUST00002987,Henrique da Rosa,1972-12-19,costelaisaac@example.org,Florianópolis,SC,2024-03-27,INACTIVE,True,2025-02-13 03:02:30
CUST00002521,Gustavo Henrique Silva,1991-07-04,sampaioarthur@example.com,Contagem,MG,2020-12-01,ACTIVE,False,2026-01-29 07:11:41
CUST00002167,Samuel Caldeira,1982-03-06,maria-sophia96@example.com,Niterói,RJ,2018-08-08,active,False,2019-12-18 22:09:36
CUST00002743,Sr. Caleb Moraes,2006-06-03,qgarcia@example.net,Ponta Grossa,PR,2022-09-11,ACTIVE,False,2023-06-17 01:10:29
CUST00000369,Maria Sophia Albuquerque,1971-10-01,,São Paulo,SP,2019-11-05,ACTIVE,True,2024-05-27 01:25:51
CUST00003574,Matteo Cavalcante,2007-11-24,luiz-felipecirino@example.com,Santos,SP,2019-10-07,ACTIVE,True,2019-12-01 04:17:28
CUST00002355,Noah Camargo,1994-12-24,da-conceicaonathan@example.org,Santos,SP,2024-04-25,active,False,2026-05-10 13:23:00
CUST00002443,Dr. Murilo Leão,1985-03-03,ana-clara13@example.org,Ribeirão Preto,SP,2025-10-16,ACTIVE,False,2026-05-29 01:50:52
CUST00003043,Fernanda Rodrigues,1992-04-12,marcos-vinicius39@example.com,Pelotas,RS,2021-01-08,ACTIVE,False,2022-07-22 07:52:24
CUST00003113,Olívia Cunha,1987-11-13,cavalcanteleticia@example.com,Campinas,SP,2018-01-27,ACTIVE,True,2020-10-02 05:34:05
CUST00002803,Srta. Amanda Almeida,1948-11-30,wcirino@example.net,Sorocaba,SP,2025-12-15,ACTIVE,False,2026-04-27 00:45:29
CUST00002233,Antônio Cardoso,2006-06-16,da-cruzdom@example.org,Sorocaba,São Paulo,2019-04-19,ACTIVE,False,2026-01-15 20:43:01
CUST00003516,Erick Ramos,1962-02-02,maria-luisacaldeira@example.org,Camaçari,BA,2019-11-06,active,False,2023-11-25 14:21:43
CUST00004071,,1989-01-19,diego53@example.net,Curitiba,PR,2026-02-22,ACTIVE,True,2026-05-17 00:35:22
CUST00001995,Luigi da Rocha,1988-02-16,yfarias@example.com,São José dos Campos,SP,2023-10-06,ACTIVE,True,2024-01-11 06:04:55
CUST00000086,Raquel Alves,2007-10-16,qfernandes@example.net,Belo Horizonte,MG,2024-06-21,ACTIVE,True,2026-03-13 00:47:03
CUST00000600,Enzo Gabriel Farias,2001-01-03,luna94@example.net,Pelotas,RS,2023-12-07,active,True,2024-04-06 01:38:28
CUST00004337,Luiza Pimenta,1989-08-21,luiz-miguel99@example.org,Juiz de Fora,MG,2025-12-20,ACTIVE,True,2026-04-07 00:41:06
CUST00003292,Olívia Costa,1973-12-12,da-pazluara@example.org,Curitiba,PR,2022-11-10,active,True,2025-07-02 00:57:52
CUST00004354,Dra. Maria Liz Rios,2005-09-28,bmoreira@example.com,Santa Maria,RS,2023-10-15,ACTIVE,False,2025-09-28 23:08:27
CUST00000625,Mathias Ribeiro,2003-07-04,mirella66@example.net,Florianópolis,SC,2022-05-11,active,True,2023-11-21 13:56:34
CUST00004119,Calebe Martins,1980-08-13,jfarias@example.org,Uberaba,MG,2023-09-05,ACTIVE,True,2024-01-19 16:41:42
CUST00001072,Paulo Correia,2002-12-10,meloemilly@example.org,Santos,SP,2022-04-20,ACTIVE,True,2026-05-08 19:40:28
CUST00004459,Enzo Gabriel Silva,1991-11-03,ana-liz19@example.net,São José dos Campos,SP,2022-10-16,ACTIVE,True,2024-05-23 15:42:46
CUST00001351,Dr. Rael Cavalcante,1971-09-09,oliver80@example.com,São Paulo,SP,2018-11-14,ACTIVE,True,2020-11-19 06:24:49
CUST00002258,Sra. Marina Lopes,1962-08-23,mariahrios@example.org,Ribeirão Preto,SP,2022-05-04,ACTIVE,True,2025-08-25 00:54:00
CUST00002389,Eloah Cavalcanti,1991-01-25,alanacaldeira@example.org,Contagem,MG,2019-08-05,ACTIVE,True,2025-12-23 23:26:32
CUST00001656,Benício Gomes,1973-10-08,otavio83@example.org,Jaboatão dos Guararapes,PE,2022-01-29,ACTIVE,True,2023-10-30 18:08:29
CUST00004231,Antônio Vieira,1982-01-12,barbarabarbosa@example.com,Nova Iguaçu,RJ,2019-05-11,ACTIVE,True,2020-08-30 22:51:40
CUST00002806,Sr. Guilherme Pereira,1991-06-11,zcastro@example.com,Rio de Janeiro,RJ,2025-08-15,ACTIVE,yes,2025-09-19 23:37:13
CUST00003603,Maria Eduarda Souza,2005-12-22,gabrielateixeira@example.org,São Paulo,SP,2022-05-11,INACTIVE,True,2024-03-25 18:40:29
CUST00001865,Bryan Casa Grande,1980-09-29,epimenta@example.net,Uberaba,MG,2020-05-24,ACTIVE,True,2022-05-23 14:26:52
CUST00001767,Zoe Nunes,1992-05-12,albuquerquetheo@example.org,Campinas,SP,2023-01-02,ACTIVE,True,2024-02-14 13:35:59
CUST00001479,Caleb Cavalcante,2001-01-24,barrosallana@example.net,Nova Iguaçu,RJ,2018-11-18,ACTIVE,True,2019-08-03 03:47:19
CUST00001130,Pietra Sousa,1993-03-08,vicentecavalcanti@example.net,São José dos Campos,São Paulo,2020-08-26,ACTIVE,False,2025-09-24 02:01:12
CUST00003410,Sr. Léo Sales,1988-07-03,bella82@example.net,Ponta Grossa,PR,2020-12-12,ACTIVE,True,2023-03-07 07:04:34
CUST00002452,Maria Alice Rios,2005-02-21,aparecidalucas@example.com,Sorocaba,SP,2023-10-27,INACTIVE,True,2026-04-17 08:49:20
CUST00001606,Paulo Fernandes,1989-12-05,lucas35@example.com,Olinda,PE,2021-08-10,INACTIVE,False,2026-03-09 08:43:28
CUST00004545,Clara Farias,1982-02-16,isabel57@example.com,Uberaba,MG,2025-03-11,ACTIVE,False,2026-02-18 12:53:42
CUST00003856,Ana Clara da Cruz,2005-12-16,caio67@example.com,Juiz de Fora,minas gerais,2018-01-20,ACTIVE,True,2022-05-11 11:14:15
CUST00003692,Rebeca Monteiro,2004-06-11,luccabarbosa@example.com,São Paulo,SP,2023-04-11,ACTIVE,True,2025-10-01 17:09:49
CUST00003257,Yuri Ferreira,1950-11-03,ada-costa@example.org,Santos,SP,2018-10-13,Inactive,False,2021-07-11 12:06:47
CUST00003245,Liz Azevedo,1989-09-18,joao-miguel43@example.com,Sorocaba,SP,2021-10-07,BLOCKED,True,2026-07-24 03:31:10
CUST00003553,Davi Lucca Cirino,2005-11-19,emachado@example.net,Cascavel,PR,2026-03-21,ACTIVE,True,2026-07-15 11:43:00
CUST00004149,Antônio Costela,2007-12-30,monteirojoao-lucas@example.net,Juiz de Fora,MG,2023-02-24,INACTIVE,yes,2025-08-13 14:05:23
CUST00002224,Maria Vitória Cavalcante,1993-04-24,thiago38@example.com,Volta Redonda,RJ,2021-02-20,ACTIVE,True,2025-07-14 08:42:07
CUST00003693,Sr. Henry Gabriel Leão,1936-06-24,saluiz-henrique@example.org,Blumenau,SC,2021-02-07,ACTIVE,True,2023-04-02 23:01:53
CUST00003133,Maya da Cruz,1995-07-30,bianca44@example.net,Belo Horizonte,MG,2020-10-29,ACTIVE,False,2025-02-15 02:10:09
CUST00001603,Antônio Teixeira,1997-08-11,qda-mata@example.net,Uberlândia,minas gerais,2019-08-19,ACTIVE,True,2024-11-02 02:28:12
CUST00001797,Apollo Duarte,2000-06-10,joao-vitorcorreia@example.com,Contagem,MG,2022-12-18,ACTIVE,False,2026-07-17 19:51:19
CUST00004399,Thomas Ramos,2004-11-12,fmoraes@example.net,Caxias do Sul,RS,2021-06-04,ACTIVE,False,2026-05-23 21:50:51
CUST00003348,Thiago Monteiro,2009-02-25,agathamelo@example.com,Montes Claros,MG,2025-12-27,ACTIVE,True,2026-05-16 00:41:11
CUST00003959,Letícia Albuquerque,1964-09-09,isabelaoliveira@example.com,Belo Horizonte,MG,2023-08-17,ACTIVE,True,2025-09-05 08:33:29
CUST00003421,Anthony da Rocha,2000-08-21,castrogabriel@example.net,Santos,SP,2024-11-27,active,True,2026-07-08 17:44:35
CUST00002959,Ana Sophia Lopes,1996-08-02,arthur07@example.com,Sorocaba,São Paulo,2018-08-05,ACTIVE,True,2019-10-22 15:02:15
CUST00002116,Amanda Cunha,1979-12-08,beniciopires@example.com,Ribeirão Preto,SP,2023-06-13,ACTIVE,True,2023-08-10 00:32:11
CUST00003429,Vitor Silva,1987-09-02,antonio76@example.com,São José dos Campos,SP,2026-02-26,active,True,2026-07-10 20:37:25
CUST00002524,Pedro Miguel Ribeiro,1973-08-11,joao-vitorcostela@example.com,Sorocaba,SP,2019-05-20,ACTIVE,False,2024-11-03 00:20:12
CUST00001014,Lavínia Machado,1995-09-16,davi-lucca37@example.org,Chapecó,SC,2023-02-28,ACTIVE,True,2024-05-20 06:07:45
CUST00001249,Isabela Monteiro,1963-03-01,rcamargo@example.org,São José dos Campos,SP,2018-03-08,ACTIVE,True,2024-05-02 01:42:09
CUST00002131,Joaquim Câmara,1949-12-11,zramos@example.org,Belo Horizonte,MG,2024-01-18,ACTIVE,False,2026-05-06 00:12:01
CUST00002772,Dra. Aurora Camargo,1962-05-11,garciaisis@example.org,Itajaí,SC,2026-03-26,ACTIVE,True,2026-06-26 17:07:16
CUST00000029,Arthur Gabriel Farias,1976-11-06,moraesrenan@example.com,Montes Claros,MG,2024-03-26,ACTIVE,True,2025-06-29 22:04:10
CUST00002369,Cecilia Melo,1978-05-26,fernando75@example.net,Juazeiro do Norte,CE,2023-12-24,ACTIVE,False,2025-02-14 19:44:30
CUST00000964,Sra. Bianca Pires,1965-04-11,mariah17@example.net,Canoas,RS,2021-01-27,ACTIVE,True,2024-02-24 01:17:38
CUST00000420,Dr. Erick Rocha,1990-03-31,enzo-gabriel25@example.org,Niterói,Rio de Janeiro,2022-03-06,ACTIVE,True,2025-02-24 15:59:18
CUST00003672,Daniela Pastor,2002-03-22,pedroduarte@example.net,Goiânia,GO,2021-08-21,ACTIVE,yes,2025-06-03 17:36:20
CUST00000509,Samuel Andrade,2004-05-05,araujoravi-lucca@example.net,Nova Iguaçu,RJ,2020-05-21,INACTIVE,True,2024-12-22 17:14:33
CUST00000755,Mirella Pires,1992-03-01,omoura@example.net,Ribeirão Preto,SP,2019-09-03,INACTIVE,False,2020-01-18 09:35:43
CUST00002848,Alícia Pinto,1979-06-08,borgesana-clara@example.org,Salvador,BA,2022-12-18,ACTIVE,True,2025-08-10 18:21:28
CUST00001118,Srta. Luiza Nogueira,1980-11-24,rmelo@example.org,Niterói,RJ,2025-07-25,INACTIVE,False,2025-09-30 21:23:11
CUST00001431,Carolina Moreira,1991-06-11,heitorgoncalves@example.org,Ribeirão Preto,SP,2021-02-10,BLOCKED,True,2021-04-02 19:20:15
CUST00000432,Pedro Lucas Campos,1966-03-04,ottosousa@example.net,Niterói,RJ,2021-12-26,ACTIVE,False,2024-10-20 08:47:46
CUST00004645,Dr. Davi Barbosa,1980-08-18,zcunha@example.net,São Paulo,SP,2024-07-03,ACTIVE,False,2025-06-18 02:29:24
CUST00003033,Dr. Calebe Pimenta,1993-01-24,joaovargas@example.org,Nova Iguaçu,RJ,2020-07-03,ACTIVE,True,2024-09-26 08:49:59
CUST00001377,Sr. João Lucas Dias,1964-01-29,moreirakamilly@example.net,Campinas,SP,2021-02-14,ACTIVE,True,2021-10-17 15:40:06
CUST00003521,Gustavo Henrique Pacheco,1986-10-10,marceloalves@example.org,Camaçari,BA,2022-04-14,ACTIVE,False,2023-05-10 03:05:40
CUST00000567,Maria Julia Sousa,1980-03-30,pachecomateus@example.com,Sorocaba,SP,2019-02-26,ACTIVE,False,2023-10-26 22:11:02
CUST00001233,Agatha Campos,1968-08-17,davi-luiz06@example.com,São Paulo,SP,2020-01-02,ACTIVE,True,2020-12-31 03:35:51
CUST00001616,Sr. Felipe Marques,1995-01-07,lfreitas@example.net,Contagem,MG,2019-07-22,INACTIVE,yes,2022-07-29 10:25:19
CUST00002993,Antony Gonçalves,1990-09-26,dnovaes@example.org,Uberaba,MG,2020-07-07,ACTIVE,True,2020-10-17 02:19:47
CUST00000695,Caleb Mendes,2009-02-18,valentinaabreu@example.net,Santos,SP,2018-05-08,ACTIVE,False,2023-09-01 11:21:26
CUST00001328,Nicole Fernandes,2003-02-05,diasmarcos-vinicius@example.com,Uberlândia,MG,2019-04-19,ACTIVE,False,2022-04-15 23:17:47
CUST00000642,Liam Moura,1990-12-04,leomoreira@example.org,Contagem,MG,2023-02-15,INACTIVE,True,2025-04-30 18:38:11
CUST00002433,Anthony Gabriel Carvalho,1993-03-02,larissanunes@example.org,Salvador,BA,2021-12-26,ACTIVE,True,2023-06-10 00:25:38
CUST00002855,Ana Luiza Melo,2008-10-10,esouza@example.net,Juiz de Fora,MG,2023-09-05,ACTIVE,True,2025-04-03 17:12:47
CUST00000009,João Vitor Barros,1979-01-14,guilhermegarcia@example.com,Juiz de Fora,minas gerais,2025-03-06,ACTIVE,True,2025-04-18 10:45:32
CUST00004035,Heitor Câmara,1985-09-15,camilarocha@example.net,Canoas,RS,2018-10-22,active,False,2022-12-08 11:27:47
CUST00001526,Valentina da Luz,2010-01-12,pedro-lucas44@example.net,São José dos Campos,XX,2020-11-14,ACTIVE,True,2024-07-04 04:35:13
CUST00002885,Sra. Julia Cavalcante,1997-08-22,jbarbosa@example.net,Uberaba,MG,2021-01-12,ACTIVE,True,2024-12-23 17:13:58
CUST00004678,Srta. Lívia Marques,1992-12-07,theomoraes@example.org,Chapecó,SC,2024-07-03,INACTIVE,False,2025-07-11 21:58:29
CUST00004731,Maria Sophia Dias,1968-11-16,julia62@example.net,Nova Iguaçu,RJ,2020-07-31,ACTIVE,True,2025-11-21 01:38:43
CUST00003985,Maria Helena Campos,2001-10-10,lucca32@example.org,Contagem,MG,2018-12-14,ACTIVE,True,2025-06-28 08:31:02
CUST00001676,Bella Fernandes,1976-01-25,sarahmoraes@example.com,Uberaba,MG,2022-10-05,ACTIVE,True,2025-10-26 02:37:44
CUST00002955,Ana Liz Borges,1975-04-15,oliveiraesther@example.org,Campinas,SP,2018-08-01,ACTIVE,False,2019-01-08 07:26:52
CUST00003978,Bruna Costela,2026-10-05,gael-henriquepacheco@example.net,Campinas,SP,2025-10-06,INACTIVE,True,2026-03-22 20:22:51
CUST00002046,Sr. Breno Nunes,1970-02-13,novaishenry-gabriel@example.net,São Paulo,SP,2018-05-25,active,True,2023-08-19 23:19:07
CUST00002570,Ana Sophia Lima,1998-03-17,sousaaurora@example.com,São Paulo,SP,2019-02-01,ACTIVE,True,2019-10-15 06:17:54
CUST00000739,Ana Julia Gonçalves,2006-12-03,salesluan@example.org,Londrina,PR,2025-10-23,ACTIVE,True,2026-06-06 00:30:03
CUST00002830,Alexia Nogueira,2006-02-08,azevedomanuela@example.org,Porto Alegre,RS,2022-02-08,ACTIVE,True,2026-04-25 14:10:05
CUST00000610,Breno Sá,1982-04-07,pduarte@example.com,Florianópolis,SC,2026-02-11,ACTIVE,True,2026-07-21 08:03:55
CUST00002055,Sr. Luan Dias,1995-11-13,olivercosta@example.com,São Paulo,SP,2021-08-20,ACTIVE,True,2025-04-03 13:12:44
CUST00000353,Srta. Nicole Araújo,1969-10-29,jleao@example.net,Uberaba,MG,2018-08-14,ACTIVE,False,2019-08-20 02:18:58
CUST00001446,Dante da Costa,1996-06-11,tmendonca@example.net,Sorocaba,SP,2024-02-18,ACTIVE,True,2026-01-27 01:31:41
CUST00001527,Enzo Gabriel Câmara,1976-03-13,nascimentorenan@example.com,Volta Redonda,RJ,2020-03-27,ACTIVE,True,2022-07-26 04:09:48
CUST00000339,Davi Luiz Vargas,1999-11-24,yfreitas@example.com,Curitiba,PR,2020-05-24,ACTIVE,True,2024-10-23 20:34:15
CUST00001391,Anthony Gabriel Montenegro,1941-08-11,mariane66@example.com,Niterói,RJ,2024-10-13,ACTIVE,False,2026-06-28 06:03:36
CUST00004298,Ana Laura Dias,1985-03-10,joao-gabrielcaldeira@example.com,Uberaba,MG,2022-09-10,active,True,2023-03-24 20:42:49
CUST00001183,Esther Borges,1999-11-21,maria-fernanda27@example.com,Uberlândia,MG,2026-05-02,ACTIVE,True,2026-06-09 02:06:15
CUST00002330,Aylla Correia,1991-04-12,almeidabento@example.com,Duque de Caxias,RJ,2018-07-06,ACTIVE,True,2025-03-18 22:59:28
CUST0000004@,Mateus Cirino,1998-02-13,novaesmathias@example.net,São Paulo,SP,2022-11-16,ACTIVE,True,2023-02-08 18:05:24
CUST00003739,Liam da Paz,1969-02-08,allana53@example.net,Maringá,PR,2019-07-01,ACTIVE,True,2025-03-19 14:41:32
CUST00002451,Ravy Cavalcanti,1967-04-16,carvalhoana@example.com,Belo Horizonte,MG,2023-09-17,ACTIVE,True,2024-12-29 13:24:15
CUST00000996,Eloá Oliveira,1985-11-28,erickjesus@example.net,Pelotas,RS,2021-01-23,ACTIVE,True,2023-04-28 06:25:34
CUST00004262,Emanuel Cassiano,1975-01-19,britoravy@example.net,Santos,SP,2026-03-27,active,False,2026-04-01 21:51:13
CUST00000297,Sarah Aparecida,1997-06-17,andradejoao-guilherme@example.net,Contagem,MG,2018-11-12,ACTIVE,False,2023-01-30 09:42:32
CUST00001979,Matheus Pacheco,2009-12-25,aleao@example.org,Uberaba,MG,2024-07-07,ACTIVE,False,2025-09-25 21:45:59
CUST00001276,Otto Nascimento,1986-11-21,adias@example.com,Volta Redonda,Rio de Janeiro,2025-03-05,ACTIVE,False,2026-07-30 03:29:24
CUST00002232,Rael Rios,1973-02-28,riosantonella@example.net,Uberaba,MG,2024-03-24,ACTIVE,False,2025-09-10 08:07:58
CUST00004603,Maria Luísa Casa Grande,1991-08-27,fcamara@example.com,Uberlândia,MG,2018-08-28,ACTIVE,True,2020-11-12 09:22:08
CUST00000476,Theodoro Rocha,1986-07-08,cavalcantipietro@example.net,Maringá,PR,2024-04-22,ACTIVE,True,2026-01-30 12:42:19
CUST00000827,Antony Garcia,1969-08-20,da-cunhaluigi@example.org,Salvador,BA,2021-10-14,ACTIVE,True,2025-09-14 23:53:41
CUST00004186,Francisco da Luz,1971-04-17,luiz-miguel87@example.net,São José dos Campos,SP,2024-08-08,ACTIVE,True,2024-11-16 12:58:36
CUST00003475,Alícia Gomes,1987-04-17,rrodrigues@example.com,Florianópolis,Santa Catarina,2026-07-03,ACTIVE,True,2026-07-15 12:23:00
CUST00002619,Alícia Vasconcelos,1967-10-23,renan76@example.com,Caxias do Sul,RS,2020-05-23,INACTIVE,False,2021-06-04 14:48:14
CUST00000078,Melissa Castro,1991-09-13,qmachado@example.org,Maringá,paraná,2024-03-26,ACTIVE,False,2025-04-04 22:24:20
CUST00001173,Mariana Jesus,1983-05-23,martinsthiago@example.com,Canoas,RS,2018-12-09,ACTIVE,True,2025-07-17 18:56:17
CUST00003166,Sr. Benjamin Barros,1991-10-16,ravisousa@example.net,Curitiba,PR,2022-07-03,ACTIVE,True,2023-04-10 10:03:50
CUST00003591,Daniel Costela,2008-05-14,julianacamargo@example.org,São Paulo,SP,2023-10-14,ACTIVE,False,2026-06-24 02:08:52
CUST00002087,Luigi Mendonça,1989-02-12,heloisamarques@example.org,Ribeirão Preto,SP,2026-05-14,ACTIVE,True,2026-07-23 12:02:53
CUST00004124,Sr. Valentim Freitas,1988-02-28,leticia13@example.org,Juiz de Fora,MG,2023-01-17,ACTIVE,False,2026-05-01 16:43:34
CUST00003345,Juliana Costa,1989-12-30,ramoslais@example.net,Ribeirão Preto,SP,2021-07-11,ACTIVE,False,2022-04-18 17:26:05
CUST00003767,Emilly Almeida,1997-05-08,da-cunhaalexandre@example.org,Campinas,SP,2023-02-10,BLOCKED,True,2024-03-07 13:50:58
CUST00000710,Stephany da Paz,1982-10-18,vasconcelosluiz-fernando@example.net,Vitória da Conquista,BA,2018-12-12,BLOCKED,True,2026-01-26 09:02:34
CUST00004177,Zoe Pereira,1988-06-04,martinsana@example.net,Cariacica,ES,2021-03-23,ACTIVE,True,2023-06-01 15:30:16
CUST00001861,Mateus Almeida,1962-06-30,zsiqueira@example.com,Santos,SP,2024-08-17,ACTIVE,yes,2026-06-09 21:30:06
CUST00001250,Dr. Yuri Jesus,1996-06-09,mendesbenjamin@example.com,Cascavel,PR,2018-11-23,ACTIVE,True,2019-04-18 06:00:01
CUST00003570,Dr. Vinicius Moura,2026-09-25,vitoriacavalcante@example.com,Caruaru,PE,2021-10-12,ACTIVE,True,2024-04-17 23:30:25
CUST00003122,Leonardo Nogueira,1974-07-31,zmonteiro@example.com,Canoas,RS,2023-04-08,ACTIVE,True,2025-01-30 14:54:58
CUST00000541,Caio Gomes,1990-05-26,unovaes@example.com,Itajaí,SC,2021-03-11,ACTIVE,True,2024-02-25 11:51:46
CUST00004450,Sofia Farias,2008-03-29,sgoncalves@example.com,Sorocaba,SP,2021-06-11,ACTIVE,True,2021-11-01 15:47:24
CUST00004286,Oliver da Luz,2004-06-20,qalves@example.com,Petrópolis,RJ,2026-03-01,ACTIVE,True,2026-03-21 18:23:32
CUST00004466,,1967-07-13,liammoura@example.org,Feira de Santana,BA,2025-08-18,INACTIVE,False,2026-04-16 20:01:01
CUST00001628,Carolina Porto,1983-03-18,lsiqueira@example.com,Uberaba,MG,2025-03-19,ACTIVE,True,2025-08-19 19:45:41
CUST00002419,Henrique Lopes,1987-10-17,manuellapastor@example.net,Londrina,PR,2018-09-21,INACTIVE,True,2019-07-11 04:04:54
CUST00003798,Srta. Gabriela Sampaio,1993-08-22,ester64@example.com,Florianópolis,SC,2021-07-02,ACTIVE,False,2022-10-18 11:14:43
CUST00002625,Pedro Henrique Oliveira,1969-12-28,mendoncamaria-vitoria@example.com,Niterói,RJ,2024-06-25,ACTIVE,True,2025-07-20 23:51:18
CUST00001511,Lorenzo Cunha,1978-11-06,maria-julia49@example.org,Ribeirão Preto,SP,2020-12-24,ACTIVE,True,2021-07-09 19:29:58
CUST00000365,Ana Liz Moura,1987-11-27,barbosacalebe@example.org,Belo Horizonte,MG,2019-08-07,ACTIVE,True,2024-01-07 20:03:22
CUST00004206,Helena Ribeiro,1992-08-17,ana-clara36@example.net,Florianópolis,SC,2018-10-09,ACTIVE,True,2026-01-22 18:11:13
CUST00001720,Kevin Viana,1995-03-01,oliviafreitas@example.org,Santos,SP,2023-07-10,ACTIVE,False,2025-11-10 10:38:42
CUST00003046,Diogo da Cunha,1976-01-09,julianarios@example.org,Sorocaba,SP,2024-09-25,ACTIVE,True,2025-09-16 03:43:42
CUST00001831,Sr. Arthur Miguel Porto,1962-05-13,da-cruzjoao-guilherme@example.net,Maringá,PR,2023-04-05,BLOCKED,True,2025-08-03 04:08:16
CUST00002239,Evelyn Melo,1983-06-19,mayapereira@example.net,Campinas,SP,2021-07-26,INACTIVE,True,2024-02-06 14:10:25
CUST00004436,Emanuel Rios,1975-07-29,joao-felipe16@example.net,Petrópolis,RJ,2019-08-27,ACTIVE,False,2019-09-19 03:55:21
CUST00002764,Luna Camargo,1989-08-09,wazevedo@example.org,Duque de Caxias,RJ,2022-02-13,ACTIVE,True,2024-03-09 04:43:46
CUST00001917,Sra. Ayla Moraes,1964-04-14,valentimcunha@example.com,Caxias do Sul,RS,2022-08-14,INACTIVE,True,2025-02-04 11:18:43
CUST00002142,Srta. Rebeca Lopes,1974-11-22,isabelacunha@example.net,Ribeirão Preto,SP,2019-05-28,ACTIVE,False,2021-08-31 04:17:59
CUST00001947,Maria Isis Rocha,1975-06-13,cassianoanthony-gabriel@example.com,Campinas,SP,2025-07-19,ACTIVE,True,
CUST00004211,Cecília Pastor,1979-12-12,vcavalcanti@example.net,Campinas,SP,2023-06-17,ACTIVE,True,2026-05-24 13:06:52
CUST00002565,Catarina Aragão,1981-08-02,stephanyda-conceicao@example.org,Ponta Grossa,PR,2019-01-04,ACTIVE,True,2019-03-16 21:38:29
CUST00004128,Liam Cardoso,1972-01-15,grezende@example.com,Canoas,RS,2020-09-08,ACTIVE,False,2025-02-04 05:59:39
CUST00003145,Arthur Casa Grande,2001-09-04,heitor21@example.org,Caxias do Sul,RS,2019-07-16,active,True,2022-07-03 15:40:34
CUST00000473,Dra. Agatha Aparecida,1939-03-20,da-cruzcaleb@example.com,Maringá,PR,2022-06-18,BLOCKED,False,2025-11-19 05:00:02
CUST00004367,Sr. Isaque Nascimento,1991-09-07,mariane62@example.com,Uberaba,MG,2021-07-22,ACTIVE,True,2022-12-01 10:29:29
CUST00004521,,1997-05-22,zsilveira@example.net,Florianópolis,SC,2018-11-14,ACTIVE,True,2021-02-14 06:05:33
CUST00001779,Ester Ribeiro,1972-04-07,dnascimento@example.net,Nova Iguaçu,RJ,2019-07-17,ACTIVE,True,2022-06-14 19:56:30
CUST00000362,Maria Vitória da Rocha,1996-11-09,matteofarias@example.org,Londrina,PR,2023-03-16,ACTIVE,False,2026-04-26 20:12:44
CUST00004505,Olivia Ribeiro,1989-08-15,vcaldeira@example.com,Petrópolis,RJ,2019-06-14,ACTIVE,True,2020-04-08 14:35:12
CUST00003699,Sra. Maria Sophia Duarte,1984-11-20,vasconcelosdiego@example.com,Nova Iguaçu,RJ,2018-10-23,ACTIVE,True,2021-06-01 12:29:16
CUST00000661,Dra. Manuella Cunha,1984-06-08,gramos@example.org,Montes Claros,MG,2023-08-01,ACTIVE,True,2024-07-27 12:29:29
CUST00001439,Sra. Larissa Sampaio,1995-12-30,agathagoncalves@example.org,Uberlândia,MG,2021-01-22,INACTIVE,True,2023-04-07 18:50:33
CUST00002274,Kaique da Luz,2000-01-18,joao-pedroda-rocha@example.org,Belo Horizonte,MG,2023-08-23,active,True,2025-12-24 18:21:44
CUST00003115,Ana Marques,1996-02-06,sofia89@example.com,Porto Alegre,RS,2019-11-06,ACTIVE,False,2022-05-25 12:30:50
CUST00001458,Eloá Lima,1995-01-07,da-cruzana-clara@example.org,Sorocaba,SP,2025-05-02,ACTIVE,True,2026-02-26 10:45:49
CUST00003407,Mathias da Cruz,1985-12-15,aragaoaugusto@example.net,Feira de Santana,bahia,2019-07-31,ACTIVE,False,2026-02-09 02:29:59
CUST00004706,Elisa Garcia,1988-08-14,hcavalcanti@example.org,Petrópolis,RJ,2018-04-09,ACTIVE,yes,2021-03-19 03:52:30
CUST00003999,Dra. Melina Vasconcelos,1981-02-26,abreuandre@example.net,Santa Maria,RS,2022-04-18,ACTIVE,True,2025-03-21 03:51:25
CUST00002647,Luana Moraes,1965-01-12,bruno02@example.com,Recife,PE,2021-07-11,ACTIVE,True,2025-01-09 11:12:29
CUST00002656,Cecilia Silveira,1976-09-06,ateixeira@example.net,Belo Horizonte,MG,2018-09-06,ACTIVE,True,2022-07-06 21:27:08
CUST00002737,Alana Pires,2001-07-13,francisco06@example.net,Cascavel,PR,2026-07-23,ACTIVE,False,2026-07-23 04:19:10
CUST00001949,Asafe Campos,2005-03-09,xmarques@example.org,Londrina,PR,2022-02-17,ACTIVE,False,2023-12-13 11:37:30
CUST00002912,Isaac Nunes,1971-05-12,cassianohenry-gabriel@example.net,Uberlândia,MG,2020-06-17,ACTIVE,True,2021-09-07 07:49:01
CUST00003807,Maitê Moreira,1981-11-24,imoura@example.com,São Paulo,SP,2018-12-15,ACTIVE,False,2026-04-07 05:34:54
CUST00002729,André Duarte,1985-03-14,maria-luisa08@example.org,Niterói,Rio de Janeiro,2020-05-15,ACTIVE,True,2026-01-12 19:00:29
CUST00000706,Srta. Beatriz Cunha,1991-10-26,vviana@example.net,Ponta Grossa,PR,2020-12-02,ACTIVE,True,2025-10-16 19:32:14
CUST00001063,Caleb Casa Grande,1987-02-06,cecilia52@example.net,Chapecó,SC,2026-06-28,ACTIVE,True,2026-07-31 02:25:28
CUST00000702,José Pedro Nascimento,2004-12-22,xnunes@example.net,Recife,PE,2019-08-05,ACTIVE,True,2023-07-19 12:09:55
CUST00000062,Maya Ferreira,1986-05-27,luiza98@example.org,Contagem,MG,2018-09-13,ACTIVE,True,2024-08-12 21:57:10
CUST00001141,Hadassa Silva,1990-05-28,bsantos@example.net,Feira de Santana,bahia,2025-01-22,ACTIVE,True,2026-06-14 06:03:51
CUST00001529,Isadora Costela,1984-06-23,abreucecilia@example.net,Ribeirão Preto,SP,2024-07-28,active,True,2025-04-20 04:14:26
CUST00004116,Sr. José Miguel Fogaça,2005-02-06,pastorcecilia@example.com,Curitiba,PR,2021-04-18,ACTIVE,True,2024-02-06 02:55:03
CUST00004688,Eduarda Freitas,1979-03-02,erick25@example.org,Campinas,SP,2026-04-16,ACTIVE,True,2026-05-19 12:27:47
CUST00002882,Vitor Gabriel Albuquerque,1996-06-07,joao-guilherme87@example.com,Ponta Grossa,PR,2024-11-09,ACTIVE,True,2026-07-06 06:52:55
CUST00004051,Dr. Leonardo Abreu,1994-02-27,npacheco@example.org,Vitória da Conquista,BA,2020-05-20,INACTIVE,False,2022-09-17 16:30:14
CUST00003504,Ana Lívia Santos,2007-10-08,camilacostela@example.net,Vitória da Conquista,BA,2022-12-30,blocked,True,2024-09-13 10:53:16
CUST00001614,Dr. Antony da Rosa,1988-11-01,milena17@example.net,Londrina,paraná,2024-09-29,ACTIVE,False,2024-10-21 21:41:16
CUST00001810,Rafael Albuquerque,1999-04-20,isaqueleao@example.com,São Paulo,SP,2021-08-26,INACTIVE,False,2021-10-29 08:50:34
CUST00003892,Henry da Mata,1974-11-13,barbosaoliver@example.net,Londrina,PR,2024-01-26,ACTIVE,False,2026-05-28 07:54:10
CUST00002457,Arthur Gabriel Gonçalves,1980-08-22,luan77@example.com,Nova Iguaçu,RJ,2024-06-05,ACTIVE,False,2025-10-30 10:49:06
CUST00002080,Liz Farias,1992-08-21,lrios@example.net,Belo Horizonte,minas gerais,2026-06-02,ACTIVE,False,2026-06-21 14:40:58
CUST00000211,Vinícius Moraes,1997-05-25,ceciliaferreira@example.net,Rio de Janeiro,RJ,2023-08-21,ACTIVE,True,2024-04-16 12:46:44
CUST00001426,Manuela Garcia,1982-12-08,limatheo@example.org,Ribeirão Preto,SP,2021-06-25,ACTIVE,False,2026-02-22 00:43:00
CUST00000797,Igor Nascimento,1993-11-05,mcorreia@example.net,Uberlândia,MG,2019-02-24,ACTIVE,True,2025-11-29 07:27:19
CUST00002086,Maysa Campos,1989-07-25,olivia55@example.org,Curitiba,PR,2020-04-28,ACTIVE,False,2024-03-28 05:47:34
CUST00002194,Isabel Abreu,1978-10-23,kabreu@example.org,Campinas,SP,2024-03-30,ACTIVE,True,2026-06-18 01:34:00
CUST00001592,Maria Luísa Pinto,1995-01-28,lunnafonseca@example.net,Canoas,RS,2020-11-04,ACTIVE,True,2022-12-16 16:29:49
CUST00000879,Olívia Andrade,1989-02-15,maria-luisacassiano@example.net,Sorocaba,SP,2019-01-01,ACTIVE,True,2025-08-18 19:10:36
CUST00000166,Julia Pacheco,1938-04-01,xporto@example.org,Camaçari,BA,2024-05-30,ACTIVE,True,2026-07-17 20:19:40
CUST00001615,Maria Sophia Jesus,1974-07-25,clarice86@example.net,Maringá,PR,2018-12-31,ACTIVE,True,2024-10-29 07:37:40
CUST00004405,Levi da Mota,1968-01-16,prodrigues@example.net,Duque de Caxias,Rio de Janeiro,2025-12-28,INACTIVE,True,2026-05-12 13:49:28
CUST00001542,Vitor Hugo Sousa,1962-05-22,enzo-gabriel32@example.com,Petrópolis,RJ,2023-12-21,ACTIVE,True,2025-06-23 22:08:07
CUST00001071,Luana Rodrigues,1983-10-27,jcamara@example.com,Jaboatão dos Guararapes,PE,2025-06-07,ACTIVE,True,2025-08-15 11:07:47
CUST00000866,Sr. Diogo Andrade,1979-04-10,bianca10@example.org,Recife,PE,2024-07-05,ACTIVE,True,2026-06-27 14:33:04
CUST00004750,Cecília da Rosa,1964-09-18,jjesus@example.net,Maringá,PR,2020-11-11,ACTIVE,False,2023-03-02 21:59:02
CUST00002447,Hadassa Guerra,1989-06-22,sda-costa@example.org,Campinas,SP,2024-10-03,ACTIVE,True,2024-10-10 00:22:38
CUST00003159,Maitê Siqueira,2008-02-15,auroraandrade@example.org,Blumenau,SC,2019-05-27,ACTIVE,True,2024-10-08 05:36:11
CUST00001802,Mariah Nascimento,2003-04-09,mouracaua@example.net,Canoas,RS,2024-05-30,ACTIVE,True,2026-04-07 18:08:20
CUST00003194,Antony Leão,1973-10-25,guerracecilia@example.net,Contagem,MG,2026-01-24,ACTIVE,False,2026-06-20 18:45:09
CUST00001278,Ana Vitória da Cruz,1978-06-17,lucasfarias@example.com,Chapecó,SC,2025-03-01,ACTIVE,True,2026-04-28 05:58:41
CUST00003515,Caroline Marques,1974-06-19,luiz-miguelaraujo@example.net,Juiz de Fora,MG,2021-05-01,ACTIVE,yes,2024-03-30 10:41:34
CUST00001740,Emilly Oliveira,1986-06-24,jose-pedro59@example.net,Petrópolis,RJ,2026-02-22,ACTIVE,True,2026-04-30 08:08:52
CUST00001769,Dr. Joaquim da Rocha,1975-07-07,isabellamendes@example.net,São Paulo,SP,2023-09-21,ACTIVE,True,2024-11-07 01:00:18
CUST00001620,Ísis Brito,1996-10-28,lmontenegro@example.org,Ribeirão Preto,SP,2024-04-26,ACTIVE,True,2025-02-12 19:07:18
CUST00003946,Yan Câmara,1995-01-30,vitor-hugo34@example.com,Niterói,RJ,2019-04-05,ACTIVE,True,2022-07-26 04:41:19
CUST00003078,Emanuelly Siqueira,1954-02-14,davi-luccadas-neves@example.org,Juiz de Fora,MG,2025-07-18,ACTIVE,False,2026-03-13 07:07:13
CUST00002490,Mathias Correia,2003-11-28,arthur-miguel91@example.org,Duque de Caxias,RJ,2020-07-22,ACTIVE,yes,2026-05-16 08:42:05
CUST00001275,Nina Monteiro,1986-07-06,pietra03@example.org,Juiz de Fora,MG,2021-05-18,ACTIVE,False,2026-06-11 21:51:29
CUST00002396,Igor Garcia,1982-02-01,ralves@example.net,Santa Maria,RS,2020-01-20,INACTIVE,True,2025-06-29 20:20:43
CUST00002812,Arthur Miguel Almeida,1979-02-16,ravy88@example.org,Joinville,SC,2018-11-24,ACTIVE,True,2025-03-29 10:10:28
CUST00004179,Pietra Mendes,1951-02-12,bcassiano@example.com,Petrópolis,RJ,2023-03-29,active,True,2024-10-21 17:03:30
CUST00004659,Cecilia Cardoso,1996-09-23,vicente92@example.org,Nova Iguaçu,RJ,2021-08-27,ACTIVE,True,2022-04-25 08:10:06
CUST00004577,Sra. Camila Alves,1984-10-03,enricoda-rosa@example.org,Sorocaba,SP,2021-02-26,ACTIVE,True,2023-09-06 14:28:24
CUST00002790,Bento Campos,1962-03-24,pimentaeloa@example.com,Ponta Grossa,PR,2020-03-23,ACTIVE,True,2020-07-26 06:05:16
CUST00003758,Joaquim Souza,2001-02-08,zmelo@example.net,Nova Iguaçu,RJ,2024-04-03,ACTIVE,yes,2025-04-16 05:50:07
CUST00004460,José Pedro Marques,1999-04-07,fonsecaravi-lucca@example.com,Campinas,SP,2021-09-03,ACTIVE,False,2023-10-04 08:04:24
CUST00000809,Murilo Nunes,1998-04-11,benjamincassiano@example.org,Juiz de Fora,MG,2019-05-22,ACTIVE,True,2026-07-24 12:48:22
CUST00001263,Sra. Maria Júlia Nascimento,1983-03-09,vianaeduardo@example.net,Juiz de Fora,MG,2019-04-30,INACTIVE,True,2021-02-16 20:47:20
CUST00001182,Rodrigo Rezende,1964-03-04,qteixeira@example.com,Petrópolis,RJ,2024-06-01,ACTIVE,False,2025-09-15 01:39:16
CUST00004471,Rhavi da Mata,1980-02-14,sophie80@example.net,Londrina,PR,2019-10-18,INACTIVE,True,2024-09-22 16:09:23
CUST00000202,Raquel Moura,1987-04-09,caleb36@example.net,Cascavel,PR,2020-05-28,BLOCKED,True,2022-02-08 22:22:44
CUST00000673,Dr. Henry Gabriel Vargas,1973-04-22,joao-felipe78@example.net,Santos,SP,2019-08-10,ACTIVE,True,2025-05-12 11:41:53
CUST00004632,Sr. Carlos Eduardo Fogaça,1996-05-23,jaderodrigues@example.net,Olinda,PE,2022-04-21,INACTIVE,False,2024-09-21 18:30:38
CUST00001119,Diogo Fonseca,2002-02-08,xsilva@example.com,Santos,SP,2018-07-28,ACTIVE,True,2019-07-14 19:18:08
CUST00004219,Sr. Raul da Luz,1998-03-16,luararocha@example.com,Rio de Janeiro,RJ,2023-07-01,INACTIVE,True,2024-07-17 08:01:16
CUST00000711,Maysa Albuquerque,1984-11-16,rafaelada-paz@example.org,Londrina,PR,2025-05-30,ACTIVE,True,2026-02-22 00:40:39
CUST00003532,Luiz Fernando Rezende,1992-08-27,da-rosaliz@example.org,Montes Claros,MG,2025-11-30,ACTIVE,True,2026-03-20 08:22:42
CUST00004570,Isadora Porto,1980-02-28,isiqueira@example.com,Campinas,SP,2022-08-29,ACTIVE,False,2024-10-11 15:47:31
CUST00001226,Mariana Macedo,1984-09-17,asiqueira@example.org,Pelotas,RS,2024-03-14,ACTIVE,True,2024-08-05 21:11:11
CUST00003569,Dr. Vitor Hugo Rios,2005-12-13,luana40@example.net,Montes Claros,MG,2019-09-22,ACTIVE,True,2025-05-18 10:03:48
CUST00004419,Marcos Vinicius Marques,2005-11-06,luiz-henrique38@example.org,Salvador,BA,2019-08-02,INACTIVE,True,2025-12-27 13:30:15
CUST00001503,Dra. Ester da Cruz,2001-02-24,ian43@example.net,São José dos Campos,SP,2023-09-15,ACTIVE,False,2025-09-24 22:53:31
CUST00002859,Ester Gonçalves,1993-05-22,ida-luz@example.com,Itajaí,SC,2025-11-03,ACTIVE,True,2026-06-01 08:51:20
CUST00002246,Isis da Paz,1975-10-30,davi-luccaaraujo@example.org,Blumenau,SC,2021-01-02,ACTIVE,True,2021-01-04 00:28:11
CUST00000099,Srta. Maya Cavalcanti,1985-08-01,stephany77@example.com,São Paulo,SP,2022-07-14,INACTIVE,False,2025-04-30 15:21:22
CUST00002817,Bárbara Leão,1970-08-05,jpereira@example.net,Belo Horizonte,MG,2022-06-11,ACTIVE,True,2024-01-08 06:33:42
CUST00004190,Ana Carolina Monteiro,1998-06-09,luigi90@example.com,Camaçari,BA,2021-03-02,ACTIVE,False,2022-08-26 19:10:33
CUST00002633,Laís Novaes,1986-07-10,hborges@example.com,Uberlândia,MG,2022-03-22,INACTIVE,True,2026-02-23 22:45:40
CUST00003925,Arthur Gabriel Dias,1982-09-15,jose-pedrocirino@example.net,Uberlândia,MG,2024-04-10,ACTIVE,False,2024-04-11 12:09:07
CUST00002897,Srta. Ágatha Araújo,1975-07-15,pereirahellena@example.org,Uberaba,MG,2020-05-25,ACTIVE,True,2021-02-17 14:18:39
CUST00003717,Dante Peixoto,1986-12-04,nogueiraalexia@example.org,Duque de Caxias,RJ,2018-05-25,ACTIVE,True,2021-10-19 17:04:57
CUST00003391,Isabel Macedo,1970-09-06,nuneshenry@example.net,Campinas,SP,2020-03-16,INACTIVE,True,2023-01-16 14:17:29
CUST00001809,Nicolas Leão,2008-02-05,mayapires@example.org,Campinas,SP,2023-12-28,ACTIVE,True,2024-09-30 22:46:10
CUST00002395,Henrique Dias,1963-01-12,jade43@example.net,Belo Horizonte,MG,2023-05-05,ACTIVE,True,2024-06-12 14:17:01
CUST00004053,Nina Martins,1986-02-15,da-pazbianca@example.com,Petrópolis,RJ,2026-04-01,ACTIVE,yes,2026-06-14 18:16:50
CUST00004661,Sra. Ana Liz Brito,2006-08-18,juan73@example.org,Juazeiro do Norte,ceará,2024-04-07,ACTIVE,True,2025-03-26 16:06:34
CUST00001050,Fernando Teixeira,1987-02-05,peixotolucas-gabriel@example.net,Maringá,PR,2023-09-19,ACTIVE,True,2023-12-17 15:23:02
CUST00004172,Carolina Ribeiro,2006-11-23,juliada-costa@example.com,São José dos Campos,SP,2024-12-24,active,False,2025-06-06 19:07:33
CUST00000747,Dra. Stephany Machado,2003-04-21,lcavalcante@example.org,Ribeirão Preto,SP,2019-12-22,ACTIVE,True,2020-12-16 14:26:24
CUST00002649,Benjamin Camargo,1961-10-15,mmontenegro@example.org,Curitiba,PR,2020-09-15,INACTIVE,True,2022-03-31 02:56:43
CUST00001996,Sra. Kamilly Peixoto,1957-11-07,teixeirajoao-lucas@example.org,Canoas,RS,2023-08-26,ACTIVE,True,2026-04-02 12:54:27
CUST00001339,Luan Jesus,1972-08-14,hcastro@example.org,Santos,SP,2018-05-09,ACTIVE,True,2026-02-03 10:32:40
CUST00000242,Vitória Lima,1984-05-17,vasconcelosalicia@example.org,São José dos Campos,SP,2021-03-31,INACTIVE,True,2026-05-16 18:45:20
CUST00000457,Kevin Costela,2003-02-27,heloisada-rocha@example.net,Feira de Santana,BA,2023-06-02,INACTIVE,True,2025-04-16 14:02:06
CUST00004132,Rafaela Sales,2010-05-17,gmelo@example.net,Nova Iguaçu,RJ,2026-07-06,ACTIVE,True,2026-07-24 04:56:35
CUST00001981,Anna Liz Peixoto,1985-05-10,ualmeida@example.net,Ponta Grossa,PR,2022-03-20,INACTIVE,True,2026-02-04 08:54:21
CUST00003645,Letícia Aparecida,1970-12-15,naragao@example.org,Santos,São Paulo,2024-06-21,ACTIVE,True,2026-07-02 09:43:23
CUST00003770,Valentina Cassiano,1963-03-29,rochamaria-sophia@example.com,Duque de Caxias,RJ,2024-08-12,BLOCKED,True,2025-04-25 19:37:48
CUST00002164,Yasmin Moreira,1986-03-19,isa@example.net,Contagem,MG,2021-10-24,ACTIVE,True,2024-06-08 13:01:22
,Ana Sophia Cardoso,1996-10-03,anthony-gabrielrodrigues@example.com,Pelotas,RS,2018-01-14,ACTIVE,True,2021-04-10 16:50:29
CUST00003095,Diego Castro,2009-06-03,portoheitor@example.net,Petrópolis,RJ,2024-10-20,INACTIVE,False,2025-01-31 08:48:20
CUST00000766,Benicio Nascimento,1994-04-30,cirinogustavo@example.com,Belo Horizonte,MG,2023-04-10,ACTIVE,True,2024-07-07 00:24:17
CUST00000217,Dr. Breno Ramos,1994-02-13,pimentanatalia@example.com,Sorocaba,SP,2020-10-12,ACTIVE,True,2026-01-05 21:52:04
CUST00001354,Srta. Lunna Rios,2006-01-08,dmendonca@example.org,Campinas,SP,2024-08-18,ACTIVE,yes,2025-09-18 17:55:48
CUST00003038,Dom Nunes,1975-01-31,costaisaac@example.com,Duque de Caxias,Rio de Janeiro,2024-05-09,ACTIVE,True,2025-01-02 00:41:11
CUST00004415,Maria Fernanda Costa,1996-09-18,larissa58@example.org,Pelotas,RS,2022-09-05,ACTIVE,True,2024-05-03 21:49:57
CUST00002014,Ana Sophia Costa,1963-01-11,ccamargo@example.org,São Paulo,São Paulo,2023-10-12,ACTIVE,True,2025-07-07 11:11:38
CUST00002788,Davi Lucca Cardoso,1983-09-01,sofia15@example.com,Campinas,SP,2018-10-28,ACTIVE,False,2020-09-28 09:34:06
CUST00001373,Srta. Sarah Pastor,1999-07-08,da-conceicaoasafe@example.net,Santos,SP,2024-10-18,ACTIVE,False,2025-05-22 10:00:56
CUST00000571,Luiz Gustavo Câmara,1983-05-16,laura55@example.com,Ribeirão Preto,SP,2023-02-14,ACTIVE,True,2024-12-20 17:07:54
CUST00003940,Renan Viana,1983-07-04,pedro-lucas36@example.net,Vitória da Conquista,BA,2019-06-20,ACTIVE,True,2022-04-15 17:26:52
CUST00000115,Benjamim Cassiano,1994-10-27,ana-juliabarros@example.org,Ribeirão Preto,SP,2022-08-15,ACTIVE,False,2023-05-13 23:03:31
CUST00002118,Dr. Luiz Gustavo da Cruz,1985-12-09,maite05@example.com,São José dos Campos,SP,2018-09-27,ACTIVE,True,2023-12-06 22:32:02
CUST00002580,Sr. Luiz Miguel Silveira,1961-05-14,sofia26@example.com,São Paulo,SP,2019-10-16,ACTIVE,no,2020-12-22 09:04:14
CUST00004147,Nathan Melo,1961-09-19,da-cunhahadassa@example.org,Rio de Janeiro,RJ,2021-02-17,ACTIVE,True,2021-02-21 20:36:28
CUST00000921,Sra. Maya Carvalho,2008-06-29,carvalhokamilly@example.com,Pelotas,RS,2025-01-12,ACTIVE,True,2025-04-18 21:30:17
CUST00000492,Sophie Aragão,2009-09-23,vicente20@example.com,São José dos Campos,SP,2020-05-23,INACTIVE,True,2022-02-20 17:07:25
CUST00004622,Rafaela Castro,1993-02-20,zcosta@example.net,Belo Horizonte,MG,2023-02-12,ACTIVE,True,2024-07-08 06:26:44
CUST00002294,Dra. Larissa da Mata,1997-03-09,nina62@example.org,Maringá,PR,2021-05-15,ACTIVE,True,2024-09-12 09:34:01
CUST00003949,Ravy Pastor,1996-09-11,zoeviana@example.net,Montes Claros,MG,2024-07-15,ACTIVE,False,2025-06-10 21:45:38
CUST00001248,Bárbara Aragão,1987-02-23,rhavisa@example.net,Ribeirão Preto,SP,2018-01-20,INACTIVE,True,2018-09-06 23:03:42
CUST00003234,Otávio Sá,1957-10-29,lucas-gabriel08@example.net,Sorocaba,SP,2022-09-01,ACTIVE,yes,2025-04-30 18:46:51
CUST00000831,Aurora Cirino,1962-11-24,melissamarques@example.net,Santos,SP,2018-07-14,ACTIVE,True,2023-11-05 11:29:06
CUST00003916,Ana Júlia Jesus,1985-07-28,casa-grandeliz@example.net,Montes Claros,minas gerais,2025-01-15,ACTIVE,True,2025-10-18 22:25:44
CUST00002100,Josué Ferreira,1982-06-29,camarayuri@example.org,Campinas,SP,2019-06-17,ACTIVE,True,2020-05-14 13:27:25
CUST00000374,Maria Helena Garcia,1994-09-08,oaraujo@example.org,Montes Claros,MG,2025-03-25,ACTIVE,True,2025-04-10 22:23:05
CUST00001096,Beatriz Sales,1977-08-03,barbaramonteiro@example.net,Recife,PE,2020-01-11,INACTIVE,True,2024-09-29 11:03:11
CUST00004191,Manuella Cassiano,2001-04-26,lorenzoda-conceicao@example.org,Belo Horizonte,MG,2026-12-24,ACTIVE,True,2024-07-12 08:02:26
CUST00001098,Ana Vitória Nascimento,1970-10-27,aliciada-luz@example.org,São Paulo,SP,2023-09-05,ACTIVE,False,2025-06-23 04:29:47
CUST00000037,Ana Liz Cavalcante,2009-05-11,yabreu@example.com,Florianópolis,SC,2019-07-05,ACTIVE,False,2020-10-29 23:02:10
CUST00003089,Ester Gomes,1971-04-07,hviana@example.net,Blumenau,SC,2021-07-21,ACTIVE,False,2024-12-15 09:09:08
CUST00000136,Isabella Santos,1968-08-27,ana-livianovaes@example.org,Campinas,SP,2024-08-08,ACTIVE,True,2024-11-14 10:57:01
CUST00003364,Ana Júlia Andrade,1960-05-26,ana-lauragarcia@example.net,Curitiba,PR,2020-11-19,INACTIVE,True,2025-03-07 03:57:45
CUST00001499,Dr. Theodoro Silveira,1984-03-18,hcardoso@example.org,Maringá,PR,2021-11-03,ACTIVE,True,2024-01-13 08:02:25
CUST00001567,Dra. Letícia Melo,1989-12-09,vsilveira@example.com,Ponta Grossa,PR,2021-10-13,ACTIVE,False,2024-09-06 09:32:04
CUST00002091,Emilly Gonçalves,1966-09-21,joao-miguelrodrigues@example.org,Curitiba,PR,2019-09-05,ACTIVE,True,2020-06-10 22:22:39
CUST00000783,Sra. Laís Nogueira,1983-02-06,kcorreia@example.org,Blumenau,SC,2022-06-17,ACTIVE,False,2024-02-06 19:19:18
CUST00002613,Brayan Campos,1963-08-29,henrique84@example.org,Belo Horizonte,MG,2023-04-16,ACTIVE,True,2026-04-30 19:19:37
CUST00000135,Yan Cardoso,1971-09-26,luna71@example.org,Campinas,SP,2019-06-17,ACTIVE,False,2025-01-29 20:01:48
CUST00000180,Sra. Valentina Camargo,1976-11-22,melomanuela@example.com,Uberaba,MG,2019-08-27,INACTIVE,True,2023-06-28 14:32:27
CUST00001348,Aylla Gonçalves,1977-06-13,da-costalevi@example.com,Sorocaba,SP,2019-06-06,ACTIVE,True,2025-01-03 01:16:34
CUST00001489,Ana Laura Fogaça,1980-09-16,pimentamaria-clara@example.com,Campinas,SP,2019-11-13,ACTIVE,True,2023-01-06 11:15:53
CUST00000311,João Pedro Campos,2002-09-28,wgoncalves@example.org,Petrópolis,RJ,2018-10-03,ACTIVE,False,2018-12-12 04:04:04
CUST00001820,Sr. Diego Aparecida,1963-09-21,lorenamoreira@example.com,São Paulo,SP,2020-10-02,INACTIVE,False,2023-04-07 19:58:08
CUST00004333,João Miguel Caldeira,1974-01-04,maya53@example.net,Petrópolis,RJ,2024-05-23,ACTIVE,True,2025-11-24 10:54:34
CUST00000443,Raquel Viana,1972-02-09,calebe01@example.net,Belo Horizonte,MG,2022-02-10,ACTIVE,False,2024-04-14 17:01:23
CUST00004007,Sr. Danilo da Cruz,1973-01-08,bento53@example.com,Montes Claros,MG,2025-06-17,ACTIVE,True,2025-11-25 06:04:43
CUST00002650,Gael Pimenta,1985-07-28,benjamim01@example.com,Londrina,PR,2023-02-09,ACTIVE,True,2023-11-09 12:07:52
CUST00002969,Paulo Machado,1992-12-09,agathacamara@example.net,Belo Horizonte,MG,2020-05-29,ACTIVE,False,2023-04-06 11:18:26
CUST00004382,Sr. Thomas Pimenta,1985-01-31,qmonteiro@example.com,São José dos Campos,SP,2023-02-21,ACTIVE,no,2025-03-04 13:28:51
CUST00002547,Milena Costela,1999-01-23,fernandesrenan@example.net,Campinas,SP,2019-01-16,ACTIVE,True,2020-07-31 14:34:50
CUST00001210,Vicente da Rocha,1981-09-09,rguerra@example.net,Belo Horizonte,MG,2024-04-16,ACTIVE,True,2024-11-26 15:43:17
CUST00004719,Isaque Vargas,1962-09-30,esantos@example.com,Salvador,BA,2021-10-02,ACTIVE,False,2026-06-28 19:55:18
CUST00004219,Sr. Raul da Luz,1998-03-16,emanuellaaparecida@example.org,Rio de Janeiro,RJ,2023-07-01,INACTIVE,True,2025-03-02 17:39:01
CUST00003842,Melissa Araújo,1971-08-12,maria-flor79@example.com,Niterói,RJ,2018-09-05,ACTIVE,False,2018-10-17 10:52:54
CUST00002555,,1985-02-11,silveiranicolas@example.com,Santa Maria,RS,2025-07-25,ACTIVE,True,2025-08-16 19:56:18
CUST00004398,Mariane Barbosa,1983-07-18,ana-laura77@example.com,Montes Claros,MG,2020-08-08,ACTIVE,True,2022-12-12 08:24:28
CUST00000902,Dr. Rafael Mendonça,1973-09-14,azevedomaria-laura@example.org,Caxias do Sul,RS,2024-12-22,ACTIVE,True,2026-05-24 02:50:00
CUST00001461,Arthur Miguel Correia,1992-07-09,ana-claracunha@example.org,Montes Claros,MG,2023-02-06,ACTIVE,True,2024-10-22 00:35:16
CUST00001168,Mariane Borges,1985-01-26,moraescarolina@example.com,São José dos Campos,SP,2025-09-15,ACTIVE,False,2025-10-25 08:37:42
CUST00002099,,1990-09-13,larissagoncalves@example.net,Ribeirão Preto,SP,2018-09-09,ACTIVE,False,2022-05-10 18:14:04
CUST00001597,Luiz Fernando Martins,1978-02-02,iramos@example.com,São José dos Campos,SP,2023-06-12,ACTIVE,False,2024-02-14 08:03:13
CUST00002611,Sara da Luz,1966-03-13,isaque60@example.net,Salvador,BA,2025-01-19,ACTIVE,yes,2025-10-10 15:35:42
CUST00002204,Joaquim Cunha,2000-12-21,mathiassiqueira@example.net,Contagem,minas gerais,2020-01-18,ACTIVE,False,2022-11-06 11:37:55
CUST00001426,Manuela Garcia,1982-12-08,prezende@example.net,Ribeirão Preto,SP,2021-06-25,ACTIVE,False,2025-10-04 02:59:22
CUST00002964,Gabriela das Neves,2006-02-22,cunhadiego@example.org,Ponta Grossa,PR,2019-08-04,ACTIVE,False,2023-03-14 14:40:03
CUST00001029,Pedro Miguel Fernandes,1993-03-08,siqueiramaria-luiza@example.org,Nova Iguaçu,RJ,2020-04-28,INACTIVE,True,2021-05-08 07:47:47
CUST00002558,Emanuella Rodrigues,1990-04-28,fcaldeira@example.org,Belo Horizonte,MG,2018-07-26,ACTIVE,False,2026-07-03 15:08:37
CUST00000916,Luiz Henrique Camargo,1983-04-28,bento36@example.net,Vitória da Conquista,BA,2021-11-10,ACTIVE,True,2023-02-09 06:48:37
CUST00002213,Antônio Albuquerque,1984-10-07,fariasfernando@example.com,Ribeirão Preto,SP,2020-08-27,ACTIVE,no,2024-04-28 23:23:39
CUST00001719,Ana Novais,1991-01-11,vargaslaura@example.org,Campinas,SP,2019-09-18,BLOCKED,True,2022-06-17 08:54:59
CUST00002300,Leonardo Albuquerque,1986-12-13,luiz-miguelfarias@example.org,Florianópolis,SC,2025-05-19,ACTIVE,True,2025-11-06 08:20:26
CUST00004332,Théo Lima,1957-03-07,fernandeslara@example.com,Uberaba,MG,2022-01-04,ACTIVE,False,2022-10-13 02:56:21
CUST00000803,Yago Cunha,1983-09-19,jvargas@example.net,Santos,SP,2018-06-27,ACTIVE,True,2025-02-20 17:47:47
CUST00003417,Henry Moraes,1997-05-31,xpeixoto@example.com,Juiz de Fora,MG,2018-03-16,ACTIVE,True,2026-07-03 17:10:31
CUST00001088,Ana Laura Gonçalves,2005-05-31,maya96@example.net,São Paulo,SP,2019-04-26,BLOCKED,True,2023-01-02 20:04:14
CUST00000826,Stephany Sá,1986-01-07,agatha79@example.net,Belo Horizonte,MG,2025-06-01,ACTIVE,True,2025-08-05 23:25:43
CUST00001708,Juan Albuquerque,1942-04-26,naparecida@example.com,Petrópolis,RJ,2026-03-24,ACTIVE,False,2026-06-29 21:24:45
CUST00000714,Maria Laura Guerra,2009-04-30,rafaelaalbuquerque@example.net,Juiz de Fora,MG,2023-12-12,ACTIVE,True,2025-06-13 15:40:02
CUST00003931,Henrique da Rosa,1949-02-16,melissaguerra@example.com,Niterói,RJ,2025-08-29,ACTIVE,True,2026-05-11 01:55:44
CUST00004481,Arthur Miguel Barros,1988-08-28,maria-laura22@example.com,Uberaba,MG,2020-02-03,INACTIVE,False,2020-06-26 17:46:51
CUST00002114,Mariah Gonçalves,1970-04-01,ferreiralunna@example.com,Belo Horizonte,MG,2023-11-19,ACTIVE,True,2023-12-18 11:38:53
CUST00000525,Elisa Siqueira,1983-06-11,novaesfrancisco@example.com,Niterói,RJ,2024-10-16,ACTIVE,True,2026-01-24 21:20:22
CUST00000314,Sra. Cecilia Caldeira,2003-11-18,ryanaragao@example.net,Camaçari,BA,2024-08-22,ACTIVE,True,2025-01-28 20:06:02
CUST00004096,Maria Helena Almeida,1990-03-03,valentinapereira@example.com,Uberlândia,MG,2022-01-24,ACTIVE,True,2026-07-22 00:34:52
CUST00001042,Nicole Câmara,1984-10-30,vieiraandre@example.org,Maringá,PR,2019-11-04,ACTIVE,True,2024-12-29 07:32:33
CUST00004152,Asafe Andrade,1997-02-04,asafenogueira@example.com,Florianópolis,SC,2025-01-14,ACTIVE,no,2025-04-19 22:15:26
CUST00003579,Maria Vitória Gonçalves,1969-08-23,liviaaparecida,São Paulo,SP,2025-05-24,ACTIVE,True,2025-12-13 19:23:18
CUST00002847,Pietra Cassiano,1971-01-16,kpereira@example.org,Canoas,RS,2021-09-19,INACTIVE,False,2024-01-01 21:53:12
CUST00000961,Zoe Fogaça,1972-05-18,ana-julia60@example.net,Ribeirão Preto,SP,2019-06-10,ACTIVE,True,2021-05-18 06:18:54
CUST00002320,Dr. Caio Pereira,1966-02-05,joao-guilherme55@example.net,Canoas,RS,2024-01-09,ACTIVE,False,2025-05-28 14:54:35
CUST00001797,Apollo Duarte,2000-06-10,bruna65@example.com,Contagem,MG,2022-12-18,ACTIVE,False,2026-02-26 03:54:27
CUST00002608,Valentina Albuquerque,2008-06-29,cirinooliver@example.org,Cascavel,PR,2026-05-20,ACTIVE,False,2026-07-12 20:43:17
CUST00001109,Ravi Mendonça,2000-01-24,plima@example.org,Feira de Santana,BA,2021-07-26,INACTIVE,True,2026-02-01 21:05:37
CUST00002983,Luiz Felipe Rezende,1979-05-07,lunna95@example.org,Sorocaba,SP,2024-08-14,ACTIVE,True,2026-04-17 12:51:12
CUST00003563,José Pedro Martins,2001-02-07,evelynsales@example.net,Chapecó,SC,2023-11-28,ACTIVE,True,2024-03-13 05:19:14
CUST00001372,Lucas Gabriel Almeida,1992-04-06,ggarcia@example.net,Santos,XX,2021-03-12,ACTIVE,True,2024-12-04 16:00:17
CUST00002725,Laura Cavalcanti,1970-04-22,ana-juliapimenta@example.org,Juiz de Fora,MG,2025-10-13,ACTIVE,True,2026-07-29 22:18:07
CUST00000038,Laura Lima,1992-04-15,mcassiano@example.com,Santos,SP,2020-04-13,ACTIVE,False,2024-06-08 19:34:30
CUST00000449,Valentim Rodrigues,1964-05-20,aalbuquerque@example.net,São Paulo,SP,2018-02-22,ACTIVE,False,2023-11-01 13:53:27
CUST00001048,Catarina Fogaça,1974-04-08,caueda-mata@example.com,Contagem,MG,2022-06-05,BLOCKED,True,2023-09-26 04:01:09
CUST00001240,Vicente Correia,1965-03-08,bmontenegro@example.org,Petrópolis,RJ,2021-07-29,ACTIVE,True,2023-04-10 12:15:36
CUST00004255,Leonardo Porto,1986-05-17,daniel29@example.com,Ribeirão Preto,SP,2024-03-09,INACTIVE,False,2025-05-21 22:19:31
CUST00003573,Luiz Miguel das Neves,2006-08-31,antonellasousa@example.com,Santos,SP,2020-10-15,ACTIVE,False,2021-01-08 10:19:40
CUST00000142,Manuella Farias,1963-01-21,umarques@example.org,Londrina,PR,2022-10-28,ACTIVE,True,2026-05-05 08:25:28
CUST00003461,Sr. Thiago da Luz,1988-07-27,pachecoalice@example.net,Santos,São Paulo,2022-02-14,ACTIVE,True,2026-03-23 02:46:09
CUST00004025,Ana Lívia da Rosa,1988-03-08,carvalhoelisa@example.org,Vitória da Conquista,BA,2026-02-04,ACTIVE,True,2026-05-25 16:01:14
CUST00004409,José Marques,1965-07-27,lucas-gabriel47@example.com,Sorocaba,SP,2024-10-04,ACTIVE,True,2025-02-11 13:59:46
CUST00000556,Marcela Ferreira,1994-11-26,valentimsouza@example.net,Campinas,São Paulo,2024-05-29,ACTIVE,True,2024-10-31 03:24:49
CUST00003735,Antônio Pereira,1988-10-01,camila23@example.com,Salvador,BA,2025-12-07,ACTIVE,True,2026-05-25 22:13:55
CUST00002867,Joana Duarte,1994-04-27,daniel67@example.org,Cascavel,paraná,2018-09-21,INACTIVE,False,2019-12-04 03:21:30
CUST00004495,Cecilia Borges,1968-03-14,helenacirino@example.com,São José dos Campos,SP,2018-02-01,ACTIVE,False,2019-07-04 20:16:05
CUST00003983,Laís Lima,2000-02-22,diegoda-costa,Juiz de Fora,MG,2023-07-23,ACTIVE,False,2024-01-30 19:01:34
CUST00000794,Samuel Barros,2005-09-09,dporto@example.com,Juiz de Fora,MG,2018-07-19,ACTIVE,True,2022-12-01 12:39:47
CUST00003847,Thiago da Luz,1992-12-03,njesus@example.net,Nova Iguaçu,RJ,2020-02-29,ACTIVE,yes,2024-02-22 09:34:46
CUST00003538,Srta. Eloá Peixoto,2006-12-08,cavalcantemarcelo@example.org,Belo Horizonte,MG,2020-01-03,ACTIVE,False,2020-03-10 05:30:20
CUST00002739,Gustavo Silva,1982-11-28,bferreira@example.net,São José dos Campos,SP,2021-08-15,BLOCKED,False,2025-07-25 12:17:28
CUST00002006,João Lucas Pereira,2004-04-19,rezendematteo@example.com,Sorocaba,SP,2019-04-07,ACTIVE,True,2024-12-16 11:26:47
CUST00000845,Maria Fernanda Cirino,1967-12-09,,Campinas,SP,2020-05-26,BLOCKED,True,2025-05-31 10:53:06
CUST00002065,João Guilherme Siqueira,1992-05-10,caleb23@example.org,São José dos Campos,SP,2026-04-27,ACTIVE,False,2026-05-20 09:46:40
CUST00002896,Vitor Gabriel Garcia,1995-03-16,diogomelo@example.com,Pelotas,RS,2023-10-16,ACTIVE,False,2024-08-09 23:47:39
CUST00004539,Amanda Moraes,1996-06-05,carolinecirino@example.net,Sorocaba,SP,2024-12-08,active,True,2026-04-16 12:01:14
CUST00003419,Ana Lívia Monteiro,1958-04-23,antony33@example.org,Volta Redonda,RJ,2021-08-01,ACTIVE,False,2023-08-23 13:00:15
CUST00000324,Gael Cavalcanti,2008-03-13,ufonseca@example.net,Ribeirão Preto,SP,2022-02-11,ACTIVE,False,2025-04-13 01:26:21
CUST00001382,Yan Vieira,2003-06-09,ravymontenegro@example.org,Feira de Santana,BA,2018-01-14,ACTIVE,True,2021-08-01 20:46:43
CUST00000883,Dr. Vitor Cavalcante,2006-04-11,mcirino@example.org,Anápolis,GO,2020-07-07,ACTIVE,False,2024-12-31 04:45:01
CUST00003960,Anna Liz Rios,2009-10-23,cirinojulia@example.net,Nova Iguaçu,RJ,2019-08-28,ACTIVE,True,2026-01-16 22:32:37
CUST00000908,Isabela Cavalcanti,1936-06-18,sousamariah@example.org,Rio de Janeiro,Rio de Janeiro,2024-04-22,ACTIVE,True,2024-10-22 09:34:17
CUST00003910,Mariana Brito,1987-09-22,cauasampaio@example.net,Uberlândia,MG,2020-02-02,ACTIVE,True,2020-05-21 19:31:04
CUST00001395,Srta. Isabelly Mendes,1984-07-18,fonsecabenjamin@example.net,Santos,SP,2021-05-19,ACTIVE,True,2023-06-26 08:40:35
CUST00004778,Ian da Conceição,1986-02-21,rafaelada-rosa@example.net,Olinda,PE,2024-12-26,Inactive,True,2026-02-11 21:47:27
CUST00001640,Elisa Cirino,2001-12-10,gael-henrique20@example.net,Uberlândia,MG,2024-01-09,ACTIVE,False,2025-10-26 08:50:40
CUST00003877,Caleb Garcia,2008-06-21,davi-miguel85@example.net,Belo Horizonte,MG,2019-05-29,ACTIVE,True,2024-12-26 11:20:38
CUST00004559,Rafaela Sales,2007-08-31,portolara@example.org,Santa Maria,RS,2021-10-22,ACTIVE,True,2026-07-28 16:48:26
CUST00000943,Ana Cecília Brito,1995-10-01,luana94@example.com,Santos,SP,2020-11-22,ACTIVE,False,2021-05-02 04:18:46
CUST00000245,Sophie Oliveira,1977-02-24,joao-pedroda-rocha@example.com,Niterói,RJ,2019-12-20,ACTIVE,True,2023-08-09 19:51:57
CUST00003144,Liz Garcia,1974-05-01,casa-grandepietro@example.net,Belo Horizonte,MG,2020-09-20,ACTIVE,True,2026-03-09 18:58:38
CUST00003556,Matheus Caldeira,1975-08-24,benjamimpinto@example.com,São José dos Campos,SP,2021-12-17,INACTIVE,False,2024-12-10 00:28:04
CUST00001822,Ryan Macedo,1963-04-17,luccada-paz@example.com,Contagem,MG,2018-10-05,ACTIVE,True,2020-03-03 13:47:09
CUST00001181,Anthony Gabriel Correia,2007-08-06,almeidamarcos-vinicius@example.org,Salvador,BA,2024-10-10,ACTIVE,True,2025-08-13 21:15:28
CUST00002926,Maria Julia Lima,1993-10-15,francisco10@example.net,Montes Claros,MG,2019-10-19,ACTIVE,False,2025-06-07 11:02:21
CUST00002709,Matheus Novais,2000-02-16,arthur-gabriel95@example.com,Caruaru,PE,2019-07-17,Inactive,False,2022-07-05 04:47:40
CUST00000942,Maya Albuquerque,1994-08-30,manuela65@example.net,Rio de Janeiro,RJ,2024-11-21,BLOCKED,yes,2025-07-10 11:34:34
CUST00004266,Aurora Rezende,1982-01-11,vda-cruz@example.com,Maringá,PR,2021-06-12,ACTIVE,False,2022-08-17 22:40:32
CUST00002151,Anna Liz Fernandes,2006-05-05,gsa@example.net,Nova Iguaçu,RJ,2026-06-12,ACTIVE,yes,2026-06-12 06:38:40
CUST00002128,Luigi Nascimento,1970-05-28,isabella26@example.org,Goiânia,GO,2026-03-13,INACTIVE,True,2026-05-08 06:24:37
CUST00002893,Sra. Laura Vargas,1978-01-11,nrodrigues,Ribeirão Preto,SP,2026-06-18,ACTIVE,False,2026-07-26 04:34:51
CUST00001237,Isabel Gonçalves,1990-04-11,valentina07@example.net,Ribeirão Preto,SP,2025-04-24,ACTIVE,False,2026-03-28 16:47:04
CUST00002829,Maria Alice Moreira,1984-02-24,lunnamontenegro,Sorocaba,SP,2025-03-07,ACTIVE,True,2025-03-19 10:55:19
CUST00002319,Diogo Rocha,1985-09-01,irocha@example.com,Uberlândia,MG,2023-04-02,active,True,2025-12-30 01:38:44
CUST00004543,João Pires,1976-03-28,aylacastro@example.com,Ponta Grossa,PR,2021-01-24,ACTIVE,True,2024-10-12 03:25:23
CUST00000885,Isabela Freitas,1940-05-09,nda-rosa@example.net,Joinville,SC,2023-11-13,ACTIVE,True,2024-03-10 21:20:20
CUST00000104,Rebeca Novais,1974-11-06,maria-lauraramos@example.net,Canoas,RS,2020-09-25,ACTIVE,True,2025-10-31 04:49:58
CUST00001725,Thales Carvalho,1939-09-24,leonardoda-rosa@example.net,Contagem,MG,2020-04-18,active,True,2022-01-16 17:23:37
CUST00004560,Theo Casa Grande,2000-02-29,da-pazzoe@example.net,São José dos Campos,SP,2018-12-03,INACTIVE,True,2023-09-21 00:10:40
CUST00002189,João Vitor Montenegro,1976-05-09,camaraleo@example.net,Duque de Caxias,RJ,2024-10-04,ACTIVE,True,2024-12-26 05:28:45
CUST00002266,Heloísa Santos,2000-10-09,theomendonca@example.net,São Paulo,SP,2018-12-29,ACTIVE,True,2024-03-26 16:08:44
CUST00003836,Ravi Lucca Nogueira,1981-08-16,ana-beatrizvasconcelos@example.org,Ribeirão Preto,SP,2026-07-22,ACTIVE,True,2026-07-23 08:37:35
CUST00002911,Davi Lucca Costela,1981-06-02,manuellacastro@example.net,Duque de Caxias,Rio de Janeiro,2018-01-29,INACTIVE,True,2018-05-22 20:40:02
CUST00003715,Antônio Montenegro,1975-07-11,teixeiraluana@example.com,Sorocaba,SP,2023-06-19,ACTIVE,True,2024-10-15 01:47:27
CUST00003686,Maria Liz Cardoso,1994-05-23,rezendeester@example.com,Montes Claros,MG,2018-10-16,UNKNOWN,True,2026-05-06 07:11:18
CUST00002430,Yan Siqueira,1998-03-05,cassianogabriela@example.com,Ribeirão Preto,SP,2018-03-23,ACTIVE,False,2021-09-16 06:29:38
CUST00002871,Julia Castro,1953-06-16,vieiraana-livia@example.com,Montes Claros,MG,2021-08-22,ACTIVE,True,2023-12-06 19:24:38
CUST00003903,José Miguel Novaes,1999-02-16,jmendes@example.org,Uberlândia,MG,2018-08-27,ACTIVE,False,2024-04-17 19:23:43
CUST00003787,Levi Dias,1979-03-18,da-pazoliver@example.org,Uberlândia,MG,2025-10-08,INACTIVE,False,2025-10-21 23:34:31
CUST00001887,Lorenzo Barbosa,1976-08-03,carvalhonina@example.com,Londrina,PR,2018-10-09,ACTIVE,False,2019-09-05 21:43:28
CUST00002245,Paulo da Cunha,1993-08-13,rodrigo80@example.net,Rio de Janeiro,RJ,2025-09-13,ACTIVE,True,2026-02-17 17:20:23
CUST00000856,Luna Machado,1976-02-10,cavalcantimaria@example.net,Caxias do Sul,RS,2018-12-12,ACTIVE,True,2026-01-17 06:10:51
CUST00001705,Gabriel Aparecida,1986-10-13,joaquim67@example.net,Sorocaba,SP,2020-03-02,ACTIVE,True,2023-04-06 05:35:09
CUST00001301,Dr. Gustavo Guerra,1977-12-27,anthony-gabrielfonseca@example.org,São José dos Campos,SP,2025-11-05,ACTIVE,True,2026-02-25 09:51:37
CUST00000144,Maria Helena Gomes,1970-02-07,mayaandrade@example.org,São Paulo,SP,2019-01-17,ACTIVE,False,2025-12-13 01:54:19
CUST00001916,Pedro Henrique Ferreira,1978-07-23,oliver58@example.net,São José dos Campos,SP,2021-02-08,active,True,2021-02-27 17:58:56
CUST00001453,Dra. Ester Guerra,1976-02-18,goncalvesstella@example.net,Campinas,SP,2021-11-12,ACTIVE,True,2023-09-03 04:32:33
CUST00004630,Bernardo Gonçalves,1966-07-29,sofia79@example.org,Rio de Janeiro,RJ,2026-04-06,BLOCKED,False,2026-07-28 03:12:30
CUST00002935,Sr. Léo Pastor,1991-03-19,xcirino@example.com,Maringá,PR,2024-04-22,ACTIVE,True,2025-07-13 02:01:09
CUST00002373,Esther Vargas,2009-06-09,ana-carolinacorreia@example.net,Sorocaba,SP,2021-05-31,ACTIVE,True,2023-04-25 05:20:46
CUST00002646,Sr. José Correia,1972-01-15,enzocavalcante@example.net,Cascavel,PR,2020-03-30,ACTIVE,False,2025-05-22 08:26:44
CUST00000338,Ana Liz Azevedo,2000-07-24,sandrade@example.com,Montes Claros,MG,2019-11-09,ACTIVE,True,2026-04-12 10:11:28
CUST00003577,José Cirino,1995-10-05,borgeslucca@example.org,Santos,SP,2025-02-01,ACTIVE,True,2025-08-14 00:49:39
CUST00001590,Brayan Cavalcanti,1976-02-21,eda-luz@example.com,Duque de Caxias,RJ,2023-03-03,UNKNOWN,True,2025-11-02 17:56:57
CUST00002875,Nathan Garcia,1987-01-31,leovargas@example.com,São José dos Campos,SP,2023-11-12,INACTIVE,True,2025-12-17 16:13:25
CUST00002417,Maria Eduarda da Rosa,1990-05-10,pereirajulia@example.com,Santos,SP,2024-12-28,ACTIVE,True,2025-09-17 19:23:38
CUST00004464,Thomas Teixeira,1975-04-15,hpires@example.net,São Paulo,SP,2022-03-31,Inactive,True,2025-07-12 14:41:59
CUST00001899,Mirella Mendonça,1969-07-06,maria-juliasouza@example.net,Santos,SP,2020-02-10,INACTIVE,False,2022-03-05 06:07:54
CUST00001711,Daniela Borges,1986-03-21,joao-pedro36@example.net,Santos,SP,2023-02-11,ACTIVE,False,2024-04-28 08:43:33
CUST00001713,Maria Isis Lima,1995-01-15,qbrito@example.com,Volta Redonda,Rio de Janeiro,2022-11-14,ACTIVE,True,2025-06-23 09:21:20
CUST00000451,Aurora Siqueira,1986-12-27,caldeiraana-sophia@example.com,São Paulo,SP,2019-02-13,INACTIVE,False,2022-03-08 03:33:07
CUST00003305,Léo Vasconcelos,2009-07-29,ofarias@example.net,Nova Iguaçu,RJ,2022-02-19,ACTIVE,False,2026-04-20 12:35:00
CUST00001788,Alexia Martins,1984-09-25,fogacamaria-luiza@example.net,São Paulo,SP,2022-10-18,ACTIVE,True,2024-10-27 00:17:31
CUST00001741,Dr. Bernardo Aparecida,1982-07-11,siqueiraliam@example.org,Contagem,MG,2021-11-24,ACTIVE,True,2026-02-07 09:23:18
CUST00000452,Davi Miguel Garcia,1975-08-05,joao-pedroazevedo@example.net,Belo Horizonte,MG,2019-01-25,INACTIVE,False,2026-04-25 01:37:46
CUST00002540,Maria Alice Brito,1978-08-16,nmelo@example.org,Santos,SP,2020-03-16,ACTIVE,True,2020-04-15 23:53:38
CUST00001707,Clarice Moreira,1987-06-27,luan47@example.com,Jaboatão dos Guararapes,PE,2021-07-10,ACTIVE,True,2023-02-14 16:50:25
CUST00004699,Arthur Miguel Caldeira,1971-03-01,barrosalice@example.com,Uberaba,MG,2022-10-15,ACTIVE,True,2025-12-19 03:13:15
CUST00003687,Caroline Abreu,1982-02-16,meloemanuella@example.org,Curitiba,PR,2025-09-14,BLOCKED,True,2025-10-25 02:22:57
CUST00000201,Bruna Ferreira,1987-02-15,scamargo@example.net,São Paulo,SP,2018-04-17,ACTIVE,True,2026-01-23 06:39:59
CUST00002961,Vicente Martins,1981-04-15,jpastor@example.net,Belo Horizonte,MG,2020-01-27,ACTIVE,True,2023-09-29 08:39:34
CUST00003527,Eduarda Nunes,1999-06-28,livia63@example.net,Volta Redonda,RJ,2020-09-19,INACTIVE,False,2023-06-19 15:45:06
CUST00001770,Breno Barbosa,1990-11-18,yasmin37@example.net,Campinas,SP,2021-08-01,INACTIVE,False,2023-03-10 04:01:55
CUST00000048,Yuri Cassiano,1982-08-01,alexia93@example.net,Ribeirão Preto,SP,2020-02-18,ACTIVE,False,2024-07-21 08:04:15
CUST00002595,Asafe Cirino,2009-01-02,oviana@example.net,Goiânia,GO,2023-09-22,active,True,2024-05-05 03:24:28
CUST00002970,Kaique Nogueira,1965-02-21,agathada-rosa@example.org,Petrópolis,RJ,2019-06-02,ACTIVE,True,2021-12-15 02:23:36
CUST00001800,Dra. Manuella Cunha,1984-12-19,cpacheco@example.net,Sorocaba,SP,2020-04-28,ACTIVE,True,2022-06-09 21:18:43
CUST00000637,Maria Eduarda Sá,1988-04-01,mathiasda-rocha@example.com,Niterói,RJ,2025-09-16,ACTIVE,yes,2025-11-07 01:46:40
CUST00004528,Luara Dias,1977-11-29,goncalvesleonardo@example.org,Camaçari,BA,2024-05-18,ACTIVE,True,2024-08-01 16:17:20
CUST00000381,Dra. Anna Liz Montenegro,1996-04-28,caue16@example.org,Rio de Janeiro,RJ,2021-02-24,ACTIVE,False,2024-03-10 12:07:41
CUST00001440,Lorenzo Sá,1977-04-25,santosana-julia@example.com,Santos,SP,2024-06-28,ACTIVE,False,2025-06-12 06:30:53
CUST0006,Luana Vieira,1976-01-07,raviramos@example.org,São José dos Campos,SP,2018-12-16,ACTIVE,True,2022-01-10 14:40:30
CUST00003478,Diogo Gomes,1963-03-13,abreumaria-luiza@example.org,Uberaba,minas gerais,2022-12-19,INACTIVE,False,2025-07-02 01:50:11
CUST00003612,Oliver Martins,1991-11-28,hellenasa@example.org,Caucaia,CE,2025-08-16,ACTIVE,True,2026-01-02 21:14:34
CUST00002406,Eloah da Costa,2007-06-27,costaeduardo@example.org,Juiz de Fora,MG,2025-09-07,INACTIVE,True,2026-02-02 13:09:34
CUST00001605,Rael Leão,1984-11-29,valentimcirino@example.org,Maringá,PR,2020-12-15,ACTIVE,True,2023-09-05 16:27:59
CUST00001254,Vitor Gabriel Lima,2005-12-17,aaparecida@example.com,Santos,SP,2025-09-18,ACTIVE,False,2026-06-16 08:01:41
CUST00001863,Maria Eduarda Mendes,1993-12-19,ramosana-livia@example.com,São Paulo,São Paulo,2022-10-28,ACTIVE,True,2025-02-05 11:51:03
CUST00000500,Pietra Araújo,1990-02-28,da-motahadassa@example.org,São José dos Campos,SP,2026-04-25,INACTIVE,True,2026-05-22 15:53:20
CUST00002051,Maria Julia Almeida,1987-01-10,camaraayla@example.com,Juiz de Fora,MG,2026-03-21,ACTIVE,False,2026-07-18 03:48:22
CUST00000312,Asafe da Paz,1969-10-21,ferreiraluisa@example.net,Niterói,RJ,2026-04-22,ACTIVE,True,2026-06-25 06:31:24
CUST00001488,Maria Júlia Cunha,2001-06-03,olivia07@example.net,Niterói,RJ,2024-11-02,ACTIVE,False,2026-01-19 04:28:11
CUST00002507,Dra. Ísis da Rosa,1982-08-22,guilherme60@example.com,Ribeirão Preto,SP,2019-02-18,INACTIVE,False,2021-07-17 12:21:44
CUST00003886,Davi Lucas Pastor,1980-01-03,stellaguerra@example.com,Olinda,pernambuco,2018-09-05,ACTIVE,True,2020-02-22 19:41:24
CUST00002679,Luiz Otávio Teixeira,1998-12-16,garciavalentina@example.org,São Paulo,SP,2022-04-22,ACTIVE,False,2023-02-04 15:37:45
CUST00003161,Lucas Guerra,2000-01-05,cunhanicolas@example.org,Contagem,MG,2018-11-25,ACTIVE,False,2023-05-15 22:14:37
CUST00001259,Dra. Lara Lopes,1986-01-07,mirelladias@example.net,Ribeirão Preto,SP,2026-07-17,ACTIVE,False,2026-07-28 00:29:13
CUST00000258,Yago da Rocha,1973-04-28,gustavo15@example.net,Santos,SP,2019-05-01,ACTIVE,True,2020-05-30 15:41:12
CUST00002463,Liz Santos,1969-08-16,maria-juliarezende@example.org,Uberlândia,MG,2022-08-25,INACTIVE,False,2023-02-16 12:53:32
CUST00000888,Dra. Luana Vasconcelos,1995-03-21,joao-pedro18@example.net,Sorocaba,SP,2025-11-25,ACTIVE,True,2026-05-18 17:49:06
CUST00002525,Sr. Joaquim Mendonça,1935-12-17,bda-mota@example.org,Nova Iguaçu,RJ,2019-05-06,ACTIVE,False,2025-12-09 21:22:34
CUST00000692,Ana Lívia da Conceição,1981-05-23,igomes@example.org,Londrina,paraná,2023-01-30,ACTIVE,True,2024-12-24 15:19:28
CUST00001911,Esther Souza,2006-05-15,ana-luizaaragao@example.com,Uberlândia,MG,2023-12-22,ACTIVE,True,2024-01-16 12:36:21
CUST00004078,,1976-08-06,isaque04@example.com,Montes Claros,MG,2021-01-06,ACTIVE,True,2022-12-15 08:45:54
CUST00000172,Maria Luísa da Mota,1976-02-02,salesester@example.org,Santa Maria,Rio Grande do Sul,2019-01-18,ACTIVE,True,2019-03-15 15:22:03
CUST00000617,Olívia Silva,1974-06-12,marcela11@example.net,Duque de Caxias,RJ,2022-06-08,ACTIVE,True,2025-07-24 19:40:54
CUST00002766,Marcela Ribeiro,1953-11-10,borgesana-julia@example.org,Juiz de Fora,MG,2025-12-27,ACTIVE,True,2026-02-14 09:20:21
CUST00003499,Theodoro Duarte,1993-12-16,lrios@example.com,Volta Redonda,RJ,2025-10-22,ACTIVE,False,2026-03-28 14:14:37
CUST00001317,Dr. Yan Barros,1988-05-13,enzo-gabrielda-rocha@example.com,Duque de Caxias,RJ,2023-08-14,ACTIVE,True,2024-03-15 04:17:52
CUST00001205,Bryan da Mata,1957-02-11,kamilly53@example.org,Petrópolis,RJ,2024-05-16,active,True,2024-08-20 22:27:00
CUST00002424,Marina Barbosa,1984-02-15,daniela88@example.com,Santos,SP,2023-11-04,ACTIVE,False,2026-07-21 19:07:36
CUST00003189,Luísa Albuquerque,1983-12-28,maria-fernanda02@example.org,Campinas,SP,2024-03-19,ACTIVE,True,2025-09-01 14:56:33
CUST00003630,Anna Liz Rocha,1972-09-07,,Camaçari,BA,2019-06-08,ACTIVE,False,2019-12-15 15:25:52
CUST00001808,Cecilia Pereira,1985-07-31,allana55@example.org,Feira de Santana,BA,2018-03-12,INACTIVE,True,2018-11-06 09:04:33
CUST00000938,Maysa Silveira,1983-08-10,ottooliveira@example.net,Belo Horizonte,minas gerais,2019-05-08,ACTIVE,True,2021-09-08 06:41:30
CUST00003132,Vinicius Pinto,1992-11-04,isabel54@example.com,Uberlândia,MG,2022-01-07,active,True,2022-12-07 21:55:24
CUST00004389,Bento Pinto,1995-12-15,vianabenicio@example.net,Contagem,MG,2018-10-19,ACTIVE,False,2019-09-27 04:43:01
CUST00002362,Maria Cecília Câmara,1979-07-12,joana06@example.org,Belo Horizonte,MG,2019-10-24,ACTIVE,True,2021-07-26 04:04:03
CUST00001716,Leandro Barros,1976-05-06,maria-eduarda82@example.com,Sorocaba,São Paulo,2021-11-08,ACTIVE,True,2022-05-20 02:16:24
CUST00002653,Fernanda Pacheco,1965-08-17,aramos@example.net,Santos,SP,2024-03-12,ACTIVE,True,2025-10-15 05:26:28
CUST00002666,Yago da Rocha,1992-03-10,vinicius90@example.net,Contagem,MG,2026-02-08,ACTIVE,False,2026-04-07 12:24:18
CUST00001316,Helena das Neves,1966-07-16,kgarcia@example.org,Ponta Grossa,PR,2024-02-17,INACTIVE,True,2026-05-17 11:01:37
CUST00003428,Paulo Azevedo,2007-06-11,felipe20@example.net,Sorocaba,SP,2021-06-23,ACTIVE,yes,2023-05-28 08:47:47
CUST00004386,Larissa Alves,1997-11-13,kaique07@example.com,Ponta Grossa,PR,2019-12-06,ACTIVE,True,2025-12-31 13:35:15
CUST00000759,Alexia Sales,1962-02-24,esa@example.com,Sorocaba,SP,2023-03-15,active,False,2023-12-27 07:16:36
CUST00000946,Alexia Azevedo,1982-01-03,jesusgael-henrique@example.net,Niterói,RJ,2026-07-23,ACTIVE,False,2026-07-29 21:30:48
CUST00000623,Catarina Monteiro,1987-07-09,mouracalebe@example.net,Uberaba,MG,2026-03-09,BLOCKED,True,2026-03-12 13:41:48
CUST00003064,João Rezende,1939-03-03,thalesvieira@example.org,Belo Horizonte,MG,2021-11-12,ACTIVE,True,2022-06-07 20:09:45
CUST00000776,Sr. Henrique Camargo,2006-05-01,luaraduarte@example.org,Goiânia,GO,2022-03-08,ACTIVE,False,2024-09-29 21:55:34
CUST00003439,Pedro Miguel Jesus,2004-10-13,rmoraes@example.net,Joinville,SC,2023-09-25,BLOCKED,True,2023-12-24 00:06:39
CUST00003435,Mariah Barros,1965-05-18,ijesus@example.org,São Paulo,SP,2024-07-26,ACTIVE,True,2026-04-13 01:27:53
CUST00000762,Dra. Maria Julia Garcia,2005-08-27,viniciusbarros@example.com,Curitiba,PR,2023-10-10,Inactive,True,2024-03-30 09:07:57
CUST00001963,Caroline da Mota,1995-06-02,maria-eduarda95@example.org,São José dos Campos,SP,2025-11-18,ACTIVE,False,2026-01-03 11:41:37
CUST00003146,Sra. Lívia Gonçalves,1961-08-02,sarah96@example.org,Sorocaba,São Paulo,2025-10-27,BLOCKED,False,2026-03-10 22:46:21
CUST00002877,Manuella da Conceição,1995-03-01,albuquerquelais@example.org,Caxias do Sul,RS,2021-04-07,ACTIVE,True,2024-07-08 17:48:23
CUST00000003,Igor Montenegro,1974-10-21,novaismiguel@example.net,Ribeirão Preto,SP,2021-02-13,INACTIVE,True,2024-09-18 00:24:49
CUST00000167,Isabel Melo,2000-08-21,pintobeatriz@example.net,Juiz de Fora,MG,2026-01-04,ACTIVE,yes,2026-04-10 05:08:19
CUST00001575,Evelyn da Mata,1993-01-01,caldeiraeduardo@example.com,Aparecida de Goiânia,GO,2023-04-01,ACTIVE,False,2023-04-01 13:11:01
CUST00002339,Olivia Andrade,1969-09-23,ana-luiza87@example.org,Juiz de Fora,MG,2022-06-14,ACTIVE,True,2025-12-20 17:53:30
CUST00000558,Henry Ramos,1979-04-07,noahda-mata@example.net,Uberlândia,minas gerais,2025-01-27,ACTIVE,False,2025-09-17 01:02:33
CUST00003725,Lucca Siqueira,2008-03-15,yagoleao@example.com,Feira de Santana,BA,2019-08-19,ACTIVE,True,2025-12-30 19:29:17
CUST00004708,Brenda Rocha,1980-01-30,manuela23@example.com,Belo Horizonte,MG,2020-11-09,ACTIVE,False,2023-01-11 17:03:05
CUST00001933,Maria Flor Martins,1985-08-17,gaelgomes@example.org,Montes Claros,MG,2021-02-05,BLOCKED,True,2021-03-12 19:42:37
CUST00003627,Maria Liz Rodrigues,2008-06-15,aalves@example.com,Canoas,RS,2020-02-28,active,False,2025-06-28 09:33:13
CUST00004228,Erick Sá,1979-05-27,galves@example.com,Maringá,PR,2024-08-24,ACTIVE,True,2026-06-25 03:30:54
CUST00003237,Luiz Gustavo Pastor,1983-11-27,ipacheco@example.net,Joinville,SC,2022-03-26,ACTIVE,False,2022-04-04 06:56:38
CUST00003201,Gustavo Silveira,1969-12-03,camarastephany@example.org,Volta Redonda,RJ,2019-09-16,ACTIVE,True,2023-02-12 01:10:50
CUST00000020,Rafael Abreu,1968-04-21,melissa28@example.org,Cascavel,PR,2025-07-14,ACTIVE,True,2026-01-05 08:09:21
CUST00003875,Giovanna Santos,1995-10-23,carvalhofelipe@example.com,Duque de Caxias,RJ,2025-12-24,ACTIVE,True,2026-06-06 02:34:08
CUST00002671,Breno Albuquerque,2000-08-31,franciscomendonca@example.net,Santos,SP,2025-04-24,INACTIVE,True,2025-07-21 04:12:19
CUST00003838,Otto Cassiano,1984-04-10,joao-felipemarques@example.net,Ribeirão Preto,SP,2023-04-29,ACTIVE,True,2025-04-02 22:13:01
CUST00000941,Mateus Rodrigues,1999-12-09,qmelo@example.org,São Paulo,SP,2024-01-29,ACTIVE,True,2024-06-16 05:35:42
CUST00004441,Sr. Davi Miguel Ribeiro,1966-05-11,marina22@example.net,Santos,SP,2024-03-09,ACTIVE,True,2025-07-02 02:49:21
CUST00002699,Dr. Arthur Miguel Alves,1992-02-18,cavalcantealana@example.net,São Paulo,SP,2018-02-25,ACTIVE,True,2019-08-07 22:05:03
CUST00003437,Emilly Gonçalves,1997-01-10,gabreu@example.com,Juiz de Fora,MG,2025-11-07,ACTIVE,True,2026-02-23 19:19:05
CUST00004534,Breno da Mata,1980-02-14,calebepereira@example.com,Contagem,MG,2024-09-14,BLOCKED,True,2025-06-03 15:51:33
CUST00003366,Dom Nogueira,1965-04-19,smachado@example.net,Caxias do Sul,RS,2023-10-10,ACTIVE,True,2025-08-27 20:41:15
CUST00000771,Gael da Cunha,1963-01-15,hda-paz@example.com,Duque de Caxias,RJ,2024-06-28,ACTIVE,True,2026-03-19 16:44:26
CUST00001164,Dante da Rosa,1969-08-01,lucas25@example.org,Belo Horizonte,MG,2023-09-27,INACTIVE,True,2025-07-19 19:50:14
CUST00000880,Zoe Farias,1989-07-17,aviana@example.net,Sorocaba,SP,2022-11-06,ACTIVE,False,2025-05-31 12:37:05
CUST00004516,Dra. Manuella Mendonça,1997-08-29,mariah58@example.org,Pelotas,RS,2018-01-13,INACTIVE,True,2019-10-23 11:21:55
CUST00003555,Renan Dias,1949-04-18,nicolepires@example.com,Duque de Caxias,RJ,2020-09-22,ACTIVE,True,2024-09-30 23:17:28
CUST00002149,Sr. Calebe das Neves,1985-05-18,luiz-gustavo64@example.com,São Paulo,SP,2020-03-02,ACTIVE,True,2023-09-16 16:21:13
CUST00001932,Ravy Novaes,1978-03-05,nsampaio@example.com,Rio de Janeiro,RJ,2023-10-23,ACTIVE,True,2026-07-03 15:48:27
CUST00002497,Srta. Luara Martins,1986-01-16,carvalhogael@example.net,Ponta Grossa,PR,2021-05-10,INACTIVE,True,2022-03-13 05:08:28
CUST00003135,Isabelly Sá,2003-02-18,valentimda-mota@example.net,Juiz de Fora,MG,2019-08-23,ACTIVE,True,2024-03-22 18:19:32
CUST00002130,Daniela Rios,2002-05-20,benjamim73@example.net,Santos,SP,2023-11-08,ACTIVE,False,2025-09-22 01:34:18
CUST00004243,Eduarda Rios,1983-01-02,hmendes@example.net,Montes Claros,MG,2022-10-14,ACTIVE,False,2023-01-02 11:34:44
CUST00000728,Kamilly Mendonça,2004-06-19,ninada-mota@example.com,Blumenau,Santa Catarina,2021-09-27,ACTIVE,True,2022-07-05 16:37:10
CUST00000977,Eloah Macedo,1937-01-06,brunocarvalho@example.org,Uberaba,MG,2024-01-26,ACTIVE,True,2025-07-11 16:15:01
CUST00000039,Benjamin Pacheco,2000-10-06,souzaana-sophia@example.org,Sorocaba,SP,2021-02-07,ACTIVE,True,2026-07-10 10:36:59
CUST00000268,Sra. Gabriela Campos,1943-09-10,diogomachado@example.org,Contagem,MG,2020-09-21,ACTIVE,True,2024-07-19 10:32:10
CUST00003083,Apollo Peixoto,1997-12-10,maria-vitoriaviana@example.org,Curitiba,PR,2024-11-19,ACTIVE,False,2026-05-04 21:52:24
CUST00000890,Bruna Abreu,1970-07-02,caio91@example.com,Belo Horizonte,MG,2018-01-24,ACTIVE,True,2026-03-07 17:16:20
CUST00001089,Maria Vargas,1941-01-02,aurora00@example.net,Londrina,paraná,2018-05-20,ACTIVE,True,2024-03-26 11:48:47
CUST00004329,Luana da Rocha,1988-09-23,antonella86@example.org,Uberlândia,MG,2022-01-16,ACTIVE,False,2026-06-02 19:00:09
CUST00000184,Clara Azevedo,1941-12-01,yanpinto@example.net,Belo Horizonte,MG,2021-03-26,ACTIVE,True,2024-10-20 08:27:40
CUST00003743,Sabrina Aragão,1971-03-15,joana60@example.org,Campinas,SP,2022-10-06,BLOCKED,True,2025-04-20 13:35:53
CUST00000063,Esther da Cunha,2009-03-03,santosluiza@example.org,Juiz de Fora,MG,2021-05-08,ACTIVE,False,2025-12-05 04:38:02
CUST00001619,Allana Pimenta,1959-08-07,fcaldeira@example.net,Rio de Janeiro,RJ,2019-11-22,ACTIVE,False,2019-12-06 11:33:05
CUST00002348,Sabrina da Conceição,1975-03-21,hsampaio@example.org,Itajaí,SC,2022-07-11,ACTIVE,True,2024-04-01 16:09:35
CUST00003670,Carolina Albuquerque,1996-02-29,zleao@example.org,Santa Maria,RS,2022-07-29,ACTIVE,False,2022-12-29 08:22:48
CUST00003029,Maria Alice Cardoso,1943-10-05,da-cruzesther@example.net,Juazeiro do Norte,CE,2026-07-07,ACTIVE,True,2026-07-07 20:01:55
CUST00001992,Diogo da Luz,1967-10-14,silveiralucca@example.com,Sorocaba,SP,2022-10-11,ACTIVE,False,2026-01-13 16:51:21
CUST00000716,Evelyn Marques,1922-10-22,aoliveira@example.com,Montes Claros,MG,2026-05-27,ACTIVE,True,2026-07-16 11:34:36
CUST00000320,Ester Souza,1984-01-31,breno04@example.net,Campinas,SP,2021-07-12,INACTIVE,True,2021-08-10 18:35:35
CUST00003306,Marcela Sá,1983-03-01,rafaelasousa@example.org,Contagem,MG,2018-07-19,INACTIVE,True,2019-10-17 17:19:39
CUST00001835,Giovanna Santos,1962-09-20,brenoleao@example.net,Campinas,SP,2020-10-15,ACTIVE,True,2025-05-26 14:03:13
CUST00003938,Sr. João Felipe Mendonça,1976-04-08,xcastro@example.org,Nova Iguaçu,RJ,2019-03-17,ACTIVE,True,2026-02-18 21:41:54
CUST00004075,Emilly da Mota,1964-04-15,catarina33@example.com,Uberaba,MG,2023-01-01,ACTIVE,False,2026-04-24 08:38:15
CUST00002720,João Gabriel Fonseca,1978-05-25,ravymoraes@example.net,Ribeirão Preto,SP,2024-10-07,ACTIVE,False,2026-06-05 15:07:43
CUST00000121,João Miguel Sampaio,1984-06-21,rbarbosa@example.org,Pelotas,RS,2020-07-31,ACTIVE,True,2022-03-13 17:16:07
CUST00003926,Benicio Freitas,1996-01-14,pcarvalho@example.org,Campinas,São Paulo,2023-04-08,ACTIVE,True,2024-10-06 13:01:17
CUST00001326,Ravy Rezende,1986-11-09,isabellada-conceicao@example.org,Caxias do Sul,RS,2018-03-29,INACTIVE,True,2022-10-13 15:47:04
CUST00000012,Ravi Garcia,1991-10-10,pedro-lucas50@example.org,Uberaba,MG,2022-06-24,ACTIVE,False,2024-08-23 12:31:01
CUST00002102,Kamilly Teixeira,1971-02-24,antonio18@example.com,São Paulo,SP,2018-03-11,active,False,2026-04-30 00:27:03
CUST00001082,Gabriela da Rocha,1968-01-01,gmendonca@example.com,Curitiba,PR,2020-01-04,INACTIVE,False,2025-08-13 05:15:56
CUST00004744,Ravi da Costa,1990-05-09,tbarbosa@example.com,Chapecó,SC,2021-09-04,INACTIVE,True,2022-03-30 03:42:44
CUST00003076,Sra. Daniela Macedo,1995-11-21,alvesemilly@example.com,Sorocaba,SP,2022-05-29,ACTIVE,True,2026-02-10 20:02:39
CUST00001364,Augusto Leão,1969-09-07,duarteayla@example.net,São Paulo,São Paulo,2022-11-03,ACTIVE,True,2023-05-27 15:24:01
CUST00000661,Dra. Manuella Cunha,1984-06-08,diegovargas@example.net,Montes Claros,MG,2023-08-01,ACTIVE,True,2025-01-31 11:37:35
CUST00001892,Isis Rodrigues,1990-12-28,novaisluara@example.net,Uberaba,MG,2025-06-24,ACTIVE,False,2026-03-18 09:37:05
CUST00001749,Ísis Barbosa,1989-11-16,leo87@example.org,Petrópolis,RJ,2020-09-17,ACTIVE,yes,2025-04-27 19:58:47
CUST00004615,Danilo Pacheco,1980-06-04,da-cunhalucas-gabriel@example.com,Niterói,RJ,2023-08-21,active,True,2023-10-06 15:13:38
CUST00000727,Vitor Hugo Aparecida,1985-07-19,nfreitas@example.com,Porto Alegre,RS,2024-01-22,ACTIVE,True,2026-02-08 20:44:09
CUST00002481,Laura Vasconcelos,1992-09-12,da-costaheloisa@example.net,Uberlândia,MG,2020-03-10,ACTIVE,True,2020-10-09 06:44:29
CUST00000153,Cecília da Conceição,1993-04-07,qporto@example.com,Sorocaba,SP,2019-03-31,ACTIVE,True,2023-09-23 03:03:17
CUST00003376,Sra. Maria Luísa Vieira,1979-05-01,monteirohenry@example.net,Niterói,RJ,2022-02-14,ACTIVE,False,2023-09-13 13:11:56
CUST00004486,Yuri Abreu,1987-07-14,fariaspedro-lucas@example.com,São José dos Campos,SP,2020-05-31,ACTIVE,True,2020-08-21 13:22:33
CUST00004606,Mariah Cavalcanti,1988-03-05,beniciojesus@example.net,Anápolis,GO,2019-01-06,ACTIVE,yes,2021-02-01 04:51:25
CUST00001571,João Gabriel Borges,1993-01-29,vcardoso@example.org,São José dos Campos,SP,2020-06-27,ACTIVE,True,2024-12-15 21:41:20
CUST00004643,Milena Abreu,1965-07-18,miguel79@example.com,Santos,SP,2023-07-22,ACTIVE,False,2023-09-10 17:51:05
CUST00004707,Rhavi Cassiano,1990-11-28,acastro@example.net,Canoas,RS,2022-12-26,ACTIVE,yes,2023-12-06 10:45:10
CUST00004425,Evelyn da Rocha,1983-12-26,borgesana-carolina@example.net,Blumenau,SC,2021-08-05,ACTIVE,False,2025-07-29 11:59:48
CUST00001910,Marcelo Marques,1981-12-04,silveirathales@example.com,Petrópolis,RJ,2019-01-29,ACTIVE,True,2021-11-02 20:30:34
CUST00001948,Dra. Joana Costa,1998-12-31,dlopes@example.com,Montes Claros,MG,2025-07-05,ACTIVE,True,2025-11-05 04:23:07
CUST00000013,Levi Guerra,2026-10-18,davi-lucca39@example.net,Feira de Santana,BA,2025-01-14,ACTIVE,True,2025-03-04 08:14:32
CUST00000570,José Pedro Silveira,2005-12-18,brunarezende@example.org,Vitória da Conquista,BA,2023-05-05,ACTIVE,False,2025-09-03 03:15:00
CUST00001133,Heloísa Borges,1990-05-30,qcosta@example.net,Ponta Grossa,PR,2024-11-08,ACTIVE,False,2026-03-11 11:41:35
CUST00000415,Maria Laura Alves,1996-11-25,manuellapastor@example.com,Sorocaba,SP,2025-10-22,active,False,2025-12-13 04:33:49
CUST00002135,Dr. Pedro Freitas,1984-08-23,ravy58@example.com,Volta Redonda,RJ,2023-05-09,ACTIVE,True,2025-11-08 17:36:32
CUST00000539,Enzo Cunha,1992-02-01,joseaparecida@example.com,Montes Claros,minas gerais,2020-08-06,ACTIVE,True,2022-08-19 08:16:01
CUST00000146,Diego Jesus,1970-10-19,matheusmoura@example.com,Caruaru,PE,2021-12-11,ACTIVE,True,2026-06-23 20:07:32
CUST00000361,Dr. Noah Aparecida,2005-02-05,joao-vitoralmeida@example.com,Vitória da Conquista,BA,2021-09-02,ACTIVE,True,2023-05-18 11:07:33
CUST00002304,Pedro Miguel Garcia,1994-01-17,gaelaragao@example.com,Cascavel,PR,2025-09-26,ACTIVE,True,2026-03-21 03:13:08
CUST00002315,Sra. Isabel Silva,1962-12-22,da-pazemanuella@example.org,Campinas,SP,2020-05-06,ACTIVE,False,2021-11-04 11:46:51
CUST00002797,Elisa Lima,1994-06-05,nogueiraapollo@example.net,São José dos Campos,SP,2024-12-11,ACTIVE,True,2026-05-12 14:41:53
CUST00004434,Bella Sales,1964-12-20,yramos@example.net,Vitória da Conquista,BA,2024-09-15,ACTIVE,True,2026-06-24 21:52:25
CUST00003337,Yago Abreu,1988-03-02,marianecunha@example.org,Santos,SP,2023-10-07,ACTIVE,yes,2025-02-12 10:19:39
CUST00001390,Lucas Gabriel Carvalho,1977-06-17,jcosta@example.org,Uberlândia,MG,2024-06-02,INACTIVE,True,2024-11-20 08:51:51
CUST00003669,Francisco Pereira,1994-09-19,kcirino@example.com,Caxias do Sul,RS,2023-10-14,ACTIVE,True,2024-04-15 21:12:41
CUST00004476,Dra. Bárbara Vieira,1958-05-22,qlima@example.com,Duque de Caxias,RJ,2023-06-14,ACTIVE,True,2026-06-01 12:13:59
CUST00004306,Alice Monteiro,1954-02-07,limamarina@example.com,São Paulo,SP,2020-12-18,INACTIVE,True,2021-10-15 01:11:26
CUST00000770,Sr. Diogo Araújo,2005-08-12,heloisa18@example.com,Montes Claros,MG,2025-03-25,ACTIVE,True,2025-09-21 10:54:32
CUST00002263,Ana Luiza Almeida,2000-11-22,afreitas@example.org,Volta Redonda,RJ,2024-06-03,ACTIVE,True,2025-09-24 00:27:24
CUST00001447,Emanuella Rezende,1985-01-20,svasconcelos@example.net,Cascavel,PR,2020-09-24,ACTIVE,True,2024-11-01 06:06:06
CUST00001216,Vicente Fernandes,1964-02-12,augustoalves@example.net,Uberlândia,MG,2024-03-14,ACTIVE,True,2025-05-30 18:36:41
CUST00003508,Isabel Cavalcanti,1975-08-02,salesbruna@example.com,Campinas,SP,2025-11-27,ACTIVE,True,2026-03-11 08:01:22
CUST00001637,Fernando Borges,1995-07-01,monteiroeloa@example.org,Volta Redonda,RJ,2025-01-08,ACTIVE,False,2025-08-07 17:54:38
CUST00003074,Maria Liz Rodrigues,1978-01-22,joana33@example.com,Canoas,RS,2022-08-18,ACTIVE,True,2026-06-09 03:17:07
CUST00002141,Dr. Diogo Azevedo,2008-01-30,davi-lucca49@example.com,Santos,SP,2019-02-23,ACTIVE,True,2024-01-29 23:44:24
CUST00004174,Raul Guerra,1984-04-09,liamcirino@example.com,Contagem,MG,2022-03-16,ACTIVE,True,2024-03-20 13:42:28
CUST00001247,Beatriz Dias,1987-02-13,juliaduarte@example.com,Belo Horizonte,MG,2023-01-29,ACTIVE,True,2024-01-31 06:26:52
CUST00004497,Miguel Abreu,1962-10-20,nnovais@example.org,Joinville,SC,2018-02-14,ACTIVE,True,2018-08-29 09:20:54
CUST00000515,Erick Garcia,1941-07-01,ana-beatriz22@example.net,Pelotas,RS,2024-06-28,ACTIVE,True,2025-04-18 00:05:47
CUST00002485,Enrico Fonseca,1987-08-26,teixeiraalicia@example.com,Joinville,SC,2023-05-31,INACTIVE,False,2023-11-04 17:12:25
CUST00003355,Maria Alice Machado,1983-01-30,acarvalho@example.com,Joinville,SC,2025-09-15,ACTIVE,False,2026-05-20 18:55:55
CUST00003003,Ana Clara Fogaça,1984-05-29,anthonyporto@example.net,Volta Redonda,RJ,2019-01-29,ACTIVE,False,2019-12-04 17:22:32
CUST00002444,Rafaela Ribeiro,1968-07-11,vasconcelosana-sophia@example.org,Juiz de Fora,MG,2021-12-04,ACTIVE,True,2022-01-24 16:29:32
CUST00002834,Júlia Vieira,1938-03-28,lavinianovais@example.net,Londrina,PR,2019-02-02,ACTIVE,True,2024-01-19 22:45:02
CUST00001501,Manuela Lima,1997-03-14,lopesmaria-luiza@example.com,São José dos Campos,SP,2019-10-11,ACTIVE,True,2025-07-02 19:17:59
CUST00000395,Bianca Carvalho,1985-05-23,anthony-gabriel65@example.net,Contagem,MG,2019-02-20,INACTIVE,False,2024-09-03 11:48:31
CUST00001235,Caroline Teixeira,2001-02-03,mirellaporto@example.com,Uberaba,MG,2023-09-28,ACTIVE,True,2024-03-24 07:37:25
CUST00002302,Pietra Novais,1970-08-18,theo19@example.org,Uberlândia,MG,2020-07-10,ACTIVE,False,2026-05-22 06:39:39
CUST00000666,Luísa Pimenta,1964-03-23,leandro99@example.com,Florianópolis,SC,2025-03-29,ACTIVE,True,2026-05-20 01:48:01
CUST00000911,Ana Liz Borges,1964-02-29,joao-lucaspacheco@example.net,Ribeirão Preto,SP,2019-12-03,ACTIVE,True,2022-12-27 11:31:16
CUST00003633,Nathan Pastor,1936-09-11,levi03@example.net,Vila Velha,ES,2019-07-27,ACTIVE,True,2024-01-17 01:28:54
CUST00001345,Caleb da Paz,1971-10-31,sferreira@example.net,Santos,SP,2024-05-17,ACTIVE,False,2026-04-06 10:23:13
CUST00001760,Caroline da Mata,1983-09-26,caldeirabrayan@example.com,Campinas,SP,2018-06-13,ACTIVE,True,2024-04-15 20:04:07
CUST00000275,Sr. Rael Martins,1982-02-11,jose-miguel89@example.org,Duque de Caxias,RJ,2021-04-24,ACTIVE,True,2026-02-27 06:35:07
CUST00003641,Maria Flor Ramos,1993-05-05,pedro-miguel15@example.net,Campinas,SP,2026-05-18,ACTIVE,False,2026-06-29 05:38:17
CUST00002183,Theo Costa,1993-01-29,rafaelaandrade@example.com,Montes Claros,MG,2019-11-27,INACTIVE,False,2025-12-23 23:51:46
CUST00000423,Zoe Sales,1989-01-04,lucas-gabrielmendonca@example.com,Nova Iguaçu,RJ,2018-02-04,ACTIVE,True,2024-02-27 09:46:57
CUST00002005,Benício Fernandes,1964-10-24,ana-luizacostela@example.org,Ribeirão Preto,SP,2018-11-21,ACTIVE,True,2024-08-27 13:46:57
CUST00001556,Mariana Mendes,1996-08-18,ypereira@example.net,Rio de Janeiro,RJ,2018-04-16,ACTIVE,False,2024-07-16 09:54:22
CUST00002137,Thiago Santos,1968-05-12,unascimento@example.org,Santos,SP,2025-07-24,INACTIVE,True,2025-10-19 01:02:58
CUST00004224,Rafael Sampaio,1984-09-13,teixeiralara@example.org,Uberaba,MG,2021-10-14,ACTIVE,True,2026-04-13 20:48:44
CUST00004236,Dom Araújo,1996-11-06,esterpereira@example.org,Nova Iguaçu,RJ,2019-05-22,BLOCKED,False,2026-02-26 18:21:48
CUST00002667,Lorenzo Aragão,1974-10-26,isabelada-rocha@example.net,Maringá,PR,2026-06-14,ACTIVE,False,2026-06-16 03:57:24
CUST00001806,Sofia Barbosa,1999-04-24,maria-sophia93@example.com,Vitória da Conquista,bahia,2020-02-01,ACTIVE,True,2020-08-26 11:23:45
CUST00002354,Pietro Ribeiro,1999-08-13,vinicius71@example.net,Campinas,SP,2019-05-11,ACTIVE,True,2025-12-11 14:02:41
CUST00003097,Dr. Benjamin Garcia,1996-06-30,barbaracunha@example.com,Curitiba,PR,2024-04-28,INACTIVE,True,2024-04-29 10:05:31
CUST00003764,Miguel Marques,1994-05-07,lpinto@example.net,Niterói,RJ,2018-02-05,ACTIVE,True,2025-02-15 00:29:58
CUST00000399,Maria Clara Camargo,1998-07-05,zoecirino@example.net,Uberaba,MG,2026-02-05,INACTIVE,True,2026-03-31 15:59:33
CUST00004779,Maria Luísa Sampaio,1987-05-26,evelyn23@example.net,Campinas,SP,2020-02-22,ACTIVE,True,2026-01-31 15:45:51
CUST00000975,Sr. Augusto Pastor,2002-03-04,brunaazevedo@example.org,Santa Maria,RS,2019-06-01,ACTIVE,True,2023-07-05 15:44:01
CUST00001252,Kevin Nunes,2000-09-15,fmachado@example.net,Santos,SP,2025-09-17,ACTIVE,True,2025-11-30 05:44:14
CUST00002537,Luan Vargas,2000-04-26,vnunes@example.org,Ribeirão Preto,SP,2018-07-31,ACTIVE,True,2022-04-02 00:00:23
CUST00001056,Sr. Pedro Miguel Peixoto,1986-07-24,luiz-felipe40,Pelotas,RS,2026-05-25,ACTIVE,False,2026-06-23 21:55:33
CUST00002958,Ana Júlia Nunes,1983-06-20,muriloaparecida@example.org,Sorocaba,SP,2019-02-03,ACTIVE,True,2023-07-21 13:57:54
CUST00000810,Emanuella Mendonça,1996-12-24,peixotoana-clara@example.org,Rio de Janeiro,RJ,2018-12-03,ACTIVE,True,2022-10-22 16:20:44
CUST00000367,Henrique Montenegro,1981-12-12,dfreitas@example.net,Duque de Caxias,RJ,2025-06-06,BLOCKED,True,2026-02-05 16:11:30
CUST00000384,Maria Flor Lopes,1970-11-05,gabriellybarros@example.net,Maringá,PR,2024-05-14,ACTIVE,True,2026-06-17 15:32:32
CUST00003349,Maria Alice Moraes,1987-07-29,ravi-luccacunha@example.com,Petrópolis,RJ,2021-08-02,ACTIVE,False,2025-04-05 16:06:14
CUST00002317,Maria Fernanda Silveira,2005-07-21,aurorasousa@example.net,Campinas,SP,2025-04-08,Inactive,True,2026-05-23 21:57:36
CUST00003062,Rafael da Mota,1986-12-30,rhavifreitas@example.net,Canoas,RS,2018-02-22,ACTIVE,True,2026-03-07 22:53:01
CUST00002439,Lara Peixoto,1961-11-23,raelalmeida@example.com,São José dos Campos,SP,2024-01-24,INACTIVE,False,2025-07-19 15:52:38
CUST00001384,Josué da Rosa,1989-06-19,manuela34@example.com,Feira de Santana,BA,2021-04-11,ACTIVE,True,2024-08-11 13:18:04
CUST00000588,Antônio Aragão,1979-06-13,leaolivia@example.com,Belo Horizonte,minas gerais,2020-10-15,ACTIVE,True,2023-09-01 10:34:49
CUST00001020,Dra. Melina Marques,1983-08-06,joao42@example.com,Montes Claros,MG,2022-06-24,INACTIVE,True,2023-07-18 07:15:32
CUST00004180,Sabrina Garcia,2009-03-06,benicio83@example.net,Belo Horizonte,MG,2023-04-05,ACTIVE,True,2023-11-19 16:11:48
CUST00001896,Lucas Brito,1975-06-30,thiago80@example.net,Campinas,SP,2021-02-06,BLOCKED,True,2022-11-21 02:01:05
CUST00002732,Sra. Cecília Monteiro,1974-08-24,laviniamachado@example.net,Ribeirão Preto,SP,2026-07-10,ACTIVE,yes,2026-07-19 09:33:59
CUST00001452,Maya da Rosa,1966-12-04,gael-henriqueduarte@example.org,Campinas,SP,2020-08-25,INACTIVE,True,2021-12-16 21:21:27
CUST00000344,Arthur Gabriel Ribeiro,1969-01-09,xpimenta@example.org,Ponta Grossa,PR,2026-03-10,ACTIVE,False,2026-04-06 03:39:21
CUST00001401,Gustavo Henrique Souza,1985-05-07,tsampaio@example.org,Sorocaba,SP,2026-02-28,ACTIVE,True,2026-07-16 18:10:41
CUST00002913,Sara Alves,1992-03-11,kcastro@example.org,Feira de Santana,BA,2021-01-30,INACTIVE,True,2023-08-31 20:05:15
CUST0000005@,Igor Pastor,1978-02-21,sousalevi@example.net,Sorocaba,SP,2026-05-03,ACTIVE,False,2026-07-23 08:24:01
CUST00004351,Sr. Ravy Guerra,1984-10-28,caio47@example.org,Belo Horizonte,MG,2018-01-02,ACTIVE,True,2018-06-21 23:57:34
CUST00003373,Enrico Borges,1994-02-26,costelavalentina@example.com,Campinas,SP,2024-08-07,ACTIVE,True,2025-08-10 08:19:38
CUST00000958,Agatha Andrade,1965-11-28,jda-mata@example.net,Ribeirão Preto,SP,2025-01-04,ACTIVE,False,2026-01-22 13:15:38
CUST00003975,Breno Lima,1974-09-22,sampaiomaria-liz@example.net,Santa Maria,RS,2025-11-13,ACTIVE,True,2026-02-20 16:11:31
CUST00004024,Sr. Pedro Miguel Leão,1982-12-12,camaralarissa@example.net,Ribeirão Preto,SP,2020-12-07,ACTIVE,True,2022-10-07 12:22:36
CUST00000350,Srta. Mariane Novais,1993-05-03,waragao@example.net,Cascavel,PR,2025-11-14,ACTIVE,True,2026-07-11 05:58:29
CUST00002462,Sra. Isabella Silva,1963-04-03,alopes@example.org,Petrópolis,RJ,2022-11-05,ACTIVE,True,2025-11-29 01:19:36
CUST00003302,Manuela Castro,2005-02-25,santosenzo-gabriel@example.net,Londrina,PR,2023-10-20,ACTIVE,True,2026-03-06 19:45:20
CUST00002020,Sarah das Neves,1989-05-20,wcamargo@example.org,Ponta Grossa,PR,2025-04-21,ACTIVE,True,2025-08-06 18:22:38
CUST00004456,Mateus Albuquerque,1982-03-09,maria-luisa94@example.net,Sorocaba,SP,2023-09-03,UNKNOWN,True,2025-05-04 03:44:20
CUST00004346,Srta. Sofia Lopes,1970-01-30,alicia24@example.org,Juiz de Fora,MG,2023-05-06,ACTIVE,False,2024-02-11 23:22:32
CUST00001710,Sr. Benicio da Cunha,1974-10-20,clarada-paz@example.net,Sorocaba,SP,2019-08-28,ACTIVE,True,2024-09-15 00:17:51
CUST00001016,Diogo Monteiro,1992-05-18,nicolasmoreira@example.net,Cascavel,PR,2022-04-25,INACTIVE,True,2023-02-15 19:32:39
CUST00003655,Ester Ramos,1988-04-24,bruna87@example.org,Olinda,PE,2019-03-30,ACTIVE,True,2023-09-15 09:14:22
CUST00000186,Danilo Rezende,1998-11-04,noliveira@example.org,São Paulo,SP,2024-11-23,ACTIVE,True,2026-04-30 05:51:12
CUST00001844,Liam Jesus,1995-04-27,bmacedo@example.com,Canoas,RS,2019-03-17,ACTIVE,True,2019-10-25 17:05:41
CUST00003590,Otávio Borges,1974-11-21,qlima@example.org,Volta Redonda,RJ,2020-05-15,ACTIVE,False,2022-08-06 11:43:51
CUST00004471,Rhavi da Mata,1980-02-14,aylla97@example.com,Londrina,PR,2019-10-18,INACTIVE,True,2021-08-16 04:07:54
CUST00002798,Luiz Otávio Machado,2005-05-28,casa-grandebento@example.net,Sorocaba,São Paulo,2023-04-21,ACTIVE,True,2024-05-06 21:12:17
CUST00001258,Kaique Borges,1980-02-14,hsampaio@example.org,Goiânia,GO,2020-05-20,active,True,2021-12-24 20:08:20
CUST00002950,João Lucas Melo,1977-05-02,milenacastro@example.net,Camaçari,BA,2023-05-25,ACTIVE,True,2024-05-14 06:19:24
CUST00000396,Luísa Macedo,1977-09-23,lorena92@example.com,São Paulo,SP,2018-05-17,ACTIVE,True,2019-01-02 12:46:58
CUST0005,Sra. Mariane Abreu,2005-12-30,fmonteiro@example.net,Volta Redonda,RJ,2020-10-16,ACTIVE,False,2024-12-14 05:04:03
CUST00001609,Clara Duarte,1981-08-30,arthur27@example.org,Uberlândia,MG,2018-04-01,ACTIVE,yes,2025-11-13 06:47:36
CUST00001331,Otto Lima,2006-07-03,xteixeira@example.net,Niterói,RJ,2021-04-12,ACTIVE,True,2022-04-27 05:02:33
CUST00001792,Ana Julia da Conceição,1997-11-30,rezendebreno@example.org,Nova Iguaçu,RJ,2026-06-07,ACTIVE,True,2026-06-21 17:29:36
CUST00003956,Kaique Viana,1983-07-01,lgoncalves@example.com,Santos,SP,2024-04-08,ACTIVE,False,2024-08-26 18:25:26
CUST00001335,Milena Porto,1998-10-02,francisco21@example.net,Santa Maria,RS,2020-08-02,ACTIVE,True,2023-10-02 23:24:35
CUST00003351,Srta. Alice Pinto,1989-03-02,ferreiramatheus@example.net,Uberaba,MG,2024-09-15,ACTIVE,True,2025-05-11 06:54:21
CUST00001051,Dr. Kevin da Mata,1975-06-20,gael89@example.com,Londrina,PR,2023-05-11,ACTIVE,False,2026-05-12 14:25:37
CUST00003535,Marcelo Almeida,1986-11-02,asilveira@example.net,Campinas,SP,2026-04-17,ACTIVE,True,2026-06-23 08:01:01
CUST00002923,Beatriz Andrade,1977-05-22,costaarthur-gabriel@example.com,Uberaba,minas gerais,2021-04-10,ACTIVE,False,2023-10-08 16:48:17
CUST00002489,,1950-08-19,fogacafrancisco@example.com,Ribeirão Preto,SP,2024-06-13,ACTIVE,True,2024-12-04 05:50:03
CUST00000495,Sr. José Pedro Barbosa,1995-06-25,azevedomiguel@example.net,Belo Horizonte,MG,2022-05-15,ACTIVE,yes,2025-06-06 22:11:47
CUST00001438,Dr. Renan Ferreira,1967-10-31,egoncalves@example.net,Londrina,PR,2021-06-25,ACTIVE,False,2023-11-08 17:01:07
CUST00000021,Letícia Porto,2006-08-04,leandrofreitas@example.org,São Paulo,SP,2024-08-06,ACTIVE,True,2024-09-30 03:24:25
CUST00003138,Mariah Cardoso,2007-09-28,nsilveira@example.net,Petrópolis,RJ,2021-02-20,ACTIVE,True,2024-07-18 18:12:39
CUST00002719,Vinicius Melo,1992-09-16,pereirajoao@example.com,Vitória da Conquista,BA,2023-05-28,ACTIVE,True,2025-01-24 02:37:58
CUST00002708,Sra. Maria Eduarda Fonseca,1970-06-13,ramosmariana@example.net,Campinas,SP,2022-08-08,active,True,2023-09-14 07:17:44
CUST00001261,Luísa Almeida,1985-05-23,andrepereira@example.com,Santos,SP,2022-09-29,ACTIVE,True,2025-07-02 05:28:08
CUST00001738,Clarice Fogaça,1978-05-16,maria-clara24@example.net,Sorocaba,SP,2018-01-08,BLOCKED,yes,2025-06-05 03:16:36
CUST00002121,Aurora Farias,1974-09-20,stephany35@example.com,Volta Redonda,RJ,2021-04-13,ACTIVE,False,2022-07-18 04:28:42
CUST00003615,Daniel Albuquerque,1974-03-07,bruna07@example.net,Sorocaba,SP,2020-06-05,BLOCKED,False,2026-05-02 15:28:50
CLIENT00000008,Isis Barbosa,1978-11-09,larissadas-neves@example.com,São Paulo,SP,2022-12-18,BLOCKED,True,2023-03-11 18:10:01
CUST00002639,Henrique das Neves,1999-04-28,raquelpereira@example.org,Petrópolis,RJ,2020-11-29,ACTIVE,True,2024-05-03 12:55:53
CUST00004467,Dra. Agatha Teixeira,1993-01-01,mourapedro-henrique@example.org,Caruaru,PE,2022-09-05,INACTIVE,True,2023-11-03 04:53:15
CUST00000462,Laura Pires,1983-05-21,slima@example.com,Duque de Caxias,RJ,2020-08-20,active,True,2024-06-12 04:39:08
CUST00000584,Maria Alice Sá,1980-01-13,lucasguerra@example.org,Uberlândia,MG,2023-04-21,ACTIVE,False,2023-12-23 09:27:46
CUST00000208,Raul Sales,2005-06-24,felipe61@example.org,Petrópolis,RJ,2019-06-10,INACTIVE,False,2024-06-09 04:30:00
CUST00003202,João Gabriel Oliveira,2000-09-24,leviazevedo@example.net,Feira de Santana,BA,2024-03-14,ACTIVE,False,2025-03-31 15:20:41
CUST00002731,Vicente Moura,1984-03-19,lgomes@example.net,Blumenau,SC,2018-11-29,ACTIVE,False,2023-03-26 13:34:54
CUST00004023,Júlia Freitas,1968-11-17,faparecida@example.com,Santa Maria,RS,2019-06-05,ACTIVE,False,2023-09-16 03:36:10
CUST00000389,Sophie Jesus,1979-01-30,alvesfelipe@example.com,Ponta Grossa,PR,2025-10-11,INACTIVE,True,2026-01-05 16:43:17
CUST00001733,Thales Freitas,1994-07-16,heloisa61@example.com,Joinville,SC,2019-05-08,INACTIVE,False,2026-02-03 00:39:30
CUST00000261,Maria Luiza Fonseca,1974-08-18,bentocasa-grande@example.net,Rio de Janeiro,RJ,2020-09-12,ACTIVE,True,2024-06-30 01:03:30
CUST00001569,Erick Montenegro,2006-03-23,antoniogoncalves@example.com,Belo Horizonte,MG,2024-02-04,ACTIVE,True,2024-07-25 15:29:11
CUST00003961,Lavínia Nunes,1962-09-21,nborges@example.com,Blumenau,SC,2018-03-12,ACTIVE,False,2023-04-19 15:21:52
CUST00002568,Catarina Cavalcanti,1980-09-12,limamariane@example.org,Uberaba,MG,2026-03-22,ACTIVE,True,2026-07-06 08:03:44
CUST00003092,Emilly Santos,1977-05-06,monteiroluara@example.net,Juiz de Fora,minas gerais,2019-06-03,ACTIVE,True,2021-02-24 09:03:39
CUST00000874,Alexandre Campos,1979-01-16,martinsisaac@example.net,Belo Horizonte,MG,2020-10-05,ACTIVE,True,2020-12-24 15:52:46
CUST00002190,Lucas Gabriel Ribeiro,2009-04-15,calves@example.org,Ribeirão Preto,SP,2019-05-21,ACTIVE,True,2023-09-29 06:11:53
CUST00002461,Pietro Cardoso,1981-05-17,diogoda-paz@example.com,Blumenau,SC,2022-05-06,active,True,2023-02-27 14:41:26
CUST00001827,Srta. Melina Lopes,1998-01-03,fda-luz@example.org,Sorocaba,SP,2021-02-03,ACTIVE,True,2021-03-12 15:20:22
CUST00000290,Caleb Gonçalves,1999-08-16,nda-costa@example.net,Ribeirão Preto,SP,2024-09-05,ACTIVE,False,2026-01-10 12:54:30
CUST00000839,Dra. Catarina Lopes,2001-03-05,levidias@example.org,Santos,SP,2023-03-17,ACTIVE,False,2025-12-15 23:00:07
CUST00002975,Lívia Vargas,1971-10-20,clarice51@example.net,Pelotas,RS,2023-06-22,ACTIVE,True,2025-12-06 08:15:59
CUST00004029,Isaque Souza,1975-11-29,theodorocavalcanti@example.org,Santos,SP,2020-01-13,ACTIVE,False,2024-01-05 00:56:17
CUST00001358,João Gabriel Cassiano,1998-02-02,lfogaca@example.org,Pelotas,RS,2020-09-26,ACTIVE,False,2022-09-13 08:27:30
CUST00001480,Alexia Lima,1992-08-16,maria-luizamonteiro@example.net,Juiz de Fora,MG,2026-06-03,ACTIVE,True,2026-06-18 03:16:28
CUST00000405,Luiz Gustavo Cavalcante,1973-04-25,nunesisabelly@example.com,Uberaba,MG,2020-07-20,ACTIVE,False,2024-02-10 15:28:11
CUST00002024,Leandro Montenegro,1987-04-20,antonella87@example.org,Petrópolis,RJ,2024-10-16,ACTIVE,False,2025-12-19 22:44:58
CUST00001829,Luan Castro,1988-04-04,yuri78@example.net,São Paulo,SP,2019-11-01,INACTIVE,yes,2026-07-12 03:52:46
CUST00003191,Melissa Monteiro,1986-01-31,luiz-otavio66@example.net,Sorocaba,SP,2025-06-19,INACTIVE,True,2026-02-16 20:29:18
CUST00004108,Cauã Guerra,1992-01-16,giovanna47@example.org,Sorocaba,SP,2025-05-23,INACTIVE,True,2026-03-01 17:42:25
CUST00000680,Marcos Vinicius Rezende,2008-06-18,lfonseca@example.net,Sorocaba,SP,2020-01-04,ACTIVE,False,2025-11-17 03:26:31
CUST00003583,Henry da Cruz,2006-12-23,murilo89@example.org,Uberaba,MG,2021-08-15,INACTIVE,False,2024-03-12 14:23:12
CUST00003621,Lara Vasconcelos,2008-02-06,pimentaarthur-gabriel@example.net,Uberaba,MG,2024-04-01,ACTIVE,False,2025-05-14 12:21:43
CUST00000429,Sophia Camargo,1994-11-06,da-matayasmin@example.com,Montes Claros,minas gerais,2018-05-25,ACTIVE,False,2021-04-25 04:23:23
CUST00002519,Asafe da Conceição,1987-12-17,calebsiqueira@example.org,Uberaba,MG,2019-02-24,ACTIVE,True,2023-01-02 07:34:34
CUST00004621,Maria Vitória Costela,1989-12-06,valentinamelo@example.net,Petrópolis,RJ,2018-07-14,INACTIVE,False,2018-12-30 08:54:13
CUST00002173,Sr. Gustavo Monteiro,1968-12-18,arthuraparecida@example.com,Petrópolis,RJ,2022-12-24,INACTIVE,no,2024-11-16 00:23:11
CUST00004004,Daniela da Paz,1979-02-04,nascimentoagatha@example.com,Petrópolis,RJ,2018-07-08,BLOCKED,True,2020-06-22 19:57:55
CUST00003776,Miguel Guerra,1989-10-07,maria-liz07@example.org,Caucaia,CE,2024-03-20,INACTIVE,yes,2025-03-27 19:33:52
CUST00002353,Apollo Castro,1976-06-22,oliveiramarcelo@example.net,São Paulo,SP,2023-10-01,ACTIVE,False,2025-03-04 04:54:07
CUST00003610,Stephany da Luz,1935-11-28,otavio70@example.com,Uberaba,MG,2022-09-29,ACTIVE,True,2025-07-28 22:44:42
CUST00000630,Maria Vitória Rocha,1971-07-03,lavinia08@example.org,Blumenau,SC,2020-07-12,ACTIVE,False,2021-09-11 10:53:53
CUST00001853,Maria Laura Vieira,1974-01-15,kaparecida@example.com,Duque de Caxias,RJ,2025-12-14,INACTIVE,True,2026-05-27 00:34:20
CUST00004503,Marcela Garcia,1989-10-03,brayan70@example.com,Itajaí,SC,2025-05-17,ACTIVE,True,2025-08-02 12:22:39
CUST00004065,Antonella Barros,1991-08-28,kevin94@example.org,Petrópolis,Rio de Janeiro,2019-04-02,ACTIVE,True,2025-04-11 21:24:50
CUST00000920,Davi Luiz Albuquerque,2002-03-05,ramosarthur-gabriel@example.org,Juiz de Fora,MG,2020-09-15,INACTIVE,True,2025-01-01 20:00:14
CUST00000441,Maria Alice Azevedo,1983-01-23,bcunha@example.org,Petrópolis,Rio de Janeiro,2022-11-12,INACTIVE,False,2024-12-12 11:11:09
CUST00003130,Dr. Daniel Castro,1979-05-14,maria-eduardajesus@example.net,Belo Horizonte,MG,2023-08-27,ACTIVE,True,2026-01-31 07:01:01
CUST00001136,Sabrina Campos,1994-12-16,nicolascorreia@example.com,Uberaba,MG,2022-10-16,ACTIVE,True,2024-05-02 19:06:04
CUST00003648,Kaique Moura,1985-11-25,bento07@example.org,Nova Iguaçu,RJ,2024-05-14,BLOCKED,True,2026-04-21 09:31:58
CUST00002486,Ana Lívia Barbosa,1990-02-12,joaquimabreu@example.org,Montes Claros,MG,2023-05-14,ACTIVE,True,2025-06-23 09:14:55
CUST00002780,Gael Sampaio,1977-01-16,clara61@example.net,São José dos Campos,SP,2025-10-27,ACTIVE,False,2026-06-25 04:55:45
CUST00004671,Ana Lívia Ramos,1982-09-04,ana-julia27@example.net,Ribeirão Preto,SP,2024-02-09,ACTIVE,False,2025-01-20 22:41:47
CUST00000800,Enzo Vieira,1971-09-30,isisguerra@example.net,Juiz de Fora,MG,2019-12-07,ACTIVE,True,2021-10-27 20:12:10
CUST00002516,Laura da Mata,1995-01-13,josuesantos@example.com,São Paulo,SP,2024-12-28,BLOCKED,True,2026-05-04 21:54:47
CUST00000782,Sra. Maria Alice Silveira,2002-04-09,theodoroaparecida@example.com,Montes Claros,MG,2018-12-24,BLOCKED,True,2021-09-06 05:44:23
CUST00000668,Sr. Lucas Mendes,1973-01-29,wmachado@example.com,Uberlândia,MG,2024-06-23,ACTIVE,False,2024-08-13 10:18:01
CUST00002600,Ravi Lucca Pimenta,1984-07-12,rochacarolina@example.org,São José dos Campos,SP,2022-10-24,ACTIVE,True,2025-04-22 11:58:27
CUST00003934,Luiz Henrique da Cruz,2003-08-12,dsa@example.net,Ribeirão Preto,SP,2023-10-29,ACTIVE,False,2025-09-15 04:34:05
CUST00003399,Gustavo Henrique Teixeira,2007-02-20,andrearaujo@example.org,Contagem,MG,2020-11-30,ACTIVE,True,2024-12-23 03:20:07
CUST00002119,Dra. Julia Vargas,1991-02-19,ottonovais@example.net,Pelotas,RS,2025-04-02,INACTIVE,False,2026-07-16 18:41:33
CUST00001807,Heloísa Nunes,1999-10-30,stephanyda-cruz@example.com,Nova Iguaçu,RJ,2025-05-05,ACTIVE,False,2025-12-14 21:14:19
CUST00000990,Sr. Carlos Eduardo da Costa,1997-07-06,ycosta@example.org,Camaçari,BA,2020-05-07,ACTIVE,False,2025-07-30 09:15:24
CUST00002103,Bella Vargas,1984-07-12,qda-conceicao@example.com,Juiz de Fora,MG,2024-12-26,ACTIVE,True,2025-09-22 07:47:20
CUST00004362,Stella Duarte,1986-02-14,isadoraaparecida@example.org,Blumenau,SC,2022-07-02,ACTIVE,True,2026-07-01 11:28:58
CUST00003258,Maria Eduarda Albuquerque,1989-09-24,abreuotavio@example.org,Petrópolis,RJ,2023-07-15,INACTIVE,False,2026-07-11 09:45:22
CUST00003859,Carlos Eduardo Vargas,1970-01-18,pedro-henriquebrito@example.com,Ribeirão Preto,SP,2019-11-13,ACTIVE,False,2022-10-09 14:38:05
CUST00002139,Raul Pinto,1987-06-09,lmonteiro@example.com,Nova Iguaçu,RJ,2022-09-24,ACTIVE,True,2024-04-30 14:01:31
CUST00003411,Dom Almeida,1974-02-22,vicenterios@example.org,Santos,SP,2022-02-05,ACTIVE,True,2024-04-05 21:32:47
CUST00002032,Guilherme Costela,1975-12-22,ana-beatriz50@example.com,Nova Iguaçu,RJ,2018-06-06,active,True,2026-01-30 11:28:19
CUST00002776,Vitor Gabriel Albuquerque,1998-08-26,maria-alicerezende@example.net,Belo Horizonte,minas gerais,2018-01-19,INACTIVE,True,2025-12-26 04:09:12
10000008,Evelyn Dias,1982-07-09,ramosandre@example.com,Petrópolis,RJ,2020-03-05,ACTIVE,True,2022-03-23 15:59:48
CUST00001856,Breno Barbosa,1975-06-11,aalmeida@example.net,São Paulo,SP,2025-01-30,ACTIVE,True,2025-11-15 17:40:09
CUST00003442,Liz Montenegro,1999-08-31,jda-rosa@example.org,Ribeirão Preto,SP,2020-09-25,ACTIVE,True,2021-07-24 18:05:43
CUST00002491,Diogo Fernandes,1978-12-27,rebecasales@example.net,São Paulo,SP,2024-01-23,ACTIVE,True,2025-04-13 14:23:53
CUST00000533,Dr. Léo Cirino,1993-02-20,qaparecida@example.com,Petrópolis,RJ,2021-06-10,ACTIVE,False,2022-08-12 23:08:05
CUST00004429,Carlos Eduardo Aragão,2001-06-10,nfonseca@example.net,Contagem,MG,2024-12-09,INACTIVE,True,2026-04-23 05:39:54
10000005,Luísa Leão,1991-05-01,garciamaria-liz@example.net,Santos,SP,2018-06-18,INACTIVE,True,2020-05-06 12:18:11
CUST00003679,Ana Lívia Vieira,1969-07-21,rafael04@example.net,Campinas,SP,2022-02-16,BLOCKED,True,2024-08-20 14:02:03
CUST00001658,Luiza Dias,1965-05-05,matteoaragao@example.com,Juiz de Fora,MG,2020-05-24,ACTIVE,True,2025-12-10 10:20:54
CUST00001818,Thomas Silveira,1989-01-02,gael34@example.com,Uberaba,MG,2026-07-05,ACTIVE,True,2026-07-24 05:47:37
CUST00000760,Pedro da Rocha,1976-02-14,anthony-gabrielnovaes@example.com,Volta Redonda,RJ,2025-02-07,ACTIVE,True,2026-07-28 12:31:30
CUST00004303,Oliver Caldeira,1990-09-21,tpeixoto@example.net,Curitiba,PR,2020-12-04,ACTIVE,True,2024-11-14 17:08:30
CUST00003697,João Gabriel Monteiro,1991-08-28,calves@example.net,Montes Claros,MG,2025-02-21,ACTIVE,True,2026-02-14 21:26:44
CUST00003745,Pietro Albuquerque,2001-09-24,manuela26@example.com,Rio de Janeiro,RJ,2018-07-29,ACTIVE,True,2022-10-18 03:26:42
CUST00001648,Luana Cavalcante,1986-06-13,mariahlopes@example.com,São José dos Campos,SP,2018-09-24,ACTIVE,True,2024-11-09 11:03:58
CUST00000082,Heitor Azevedo,2000-05-28,vjesus@example.net,Londrina,PR,2020-02-24,ACTIVE,yes,2024-08-10 23:45:37
CUST00004301,Hadassa Pires,1993-08-15,joana31@example.com,Maringá,PR,2025-05-25,ACTIVE,False,2026-05-20 01:46:22
CUST00000103,Sra. Alexia Moreira,1957-12-28,enzo-gabrielda-costa@example.net,Belo Horizonte,MG,2025-04-07,Inactive,True,2026-05-07 06:03:42
CUST00001819,Sr. Valentim Moura,2001-03-27,uda-paz@example.com,Chapecó,SC,2020-11-01,active,True,2023-12-30 10:03:08
CUST00000116,Oliver Pereira,2001-11-27,rebecagarcia@example.com,Montes Claros,MG,2020-09-13,ACTIVE,True,2024-08-15 17:49:47
CUST00003528,,1985-01-28,sousaisabella@example.com,Chapecó,SC,2023-05-07,ACTIVE,True,2024-05-28 02:42:42
CUST00003397,Diogo Silva,1979-01-30,cavalcantedavi-lucca@example.org,Pelotas,RS,2026-04-11,ACTIVE,no,2026-06-12 07:53:09
CUST00004490,Nathan Porto,2003-07-11,mayacarvalho@example.org,Pelotas,RS,2020-05-04,ACTIVE,True,2020-06-10 01:14:22
CUST00003159,Maitê Siqueira,2008-02-15,miguelcosta@example.org,Blumenau,SC,2019-05-27,ACTIVE,True,2022-03-16 05:20:19
CUST00001867,Sra. Clarice Andrade,2002-12-11,joana04@example.net,Sorocaba,SP,2018-03-26,ACTIVE,False,2019-09-02 03:14:26
CUST00001903,Allana Farias,1964-11-29,lucca95@example.net,Sorocaba,SP,2020-06-22,ACTIVE,True,2025-12-17 15:07:00
CUST00000891,Ana Clara Caldeira,1985-02-01,augusto94@example.net,Camaçari,BA,2021-05-25,ACTIVE,False,2024-10-03 05:07:43
CUST00004581,Ryan Sampaio,2001-03-25,correiabenicio@example.com,São José dos Campos,SP,2022-01-19,ACTIVE,True,
CLIENT00000001,Manuela Cardoso,2000-10-29,caio23@example.org,São Paulo,SP,2019-08-02,ACTIVE,False,2026-06-21 18:31:28
CUST00003307,Ana Júlia Cavalcanti,2007-06-18,diegomacedo@example.net,Londrina,PR,2020-11-05,ACTIVE,True,2025-11-28 00:21:57
CUST00003862,Srta. Stella da Mota,1997-01-29,vinicius04@example.com,Petrópolis,RJ,2021-02-24,BLOCKED,False,2024-08-21 16:03:16
CUST00001309,Maria Fernanda Dias,1995-09-04,pporto@example.org,Nova Iguaçu,RJ,2021-11-26,ACTIVE,False,2022-04-14 14:09:33
CUST00000323,Sra. Jade Silva,1993-05-09,arthursousa@example.com,Sorocaba,São Paulo,2024-05-05,ACTIVE,False,2026-07-07 12:13:38
CUST00002846,Sarah da Conceição,1999-04-26,lopesjoao-guilherme@example.com,Santos,SP,2023-07-20,ACTIVE,True,2024-03-08 00:12:04
CUST00000388,Davi Lucca Borges,1975-03-12,lorenamachado@example.net,Petrópolis,RJ,2021-05-21,ACTIVE,False,2025-07-12 16:15:59
CUST00000624,Rafaela Moraes,1993-06-13,luiz-felipesiqueira@example.org,Campinas,SP,2018-09-04,ACTIVE,False,2020-12-24 20:12:40
CUST00001264,Pedro Miguel Rocha,1992-08-26,fogacafernanda@example.net,Juiz de Fora,MG,2018-08-06,ACTIVE,True,2024-02-11 04:44:34
CUST00004205,Alana Moraes,1988-01-11,ryan26@example.net,Campinas,São Paulo,2025-07-04,ACTIVE,True,2025-12-11 07:29:50
CUST00000748,Isaac Ribeiro,2007-07-13,emanuel32@example.com,Ponta Grossa,PR,2024-07-02,ACTIVE,True,2026-05-30 18:52:55
CUST00002218,Danilo Ribeiro,1982-10-10,liviabrito@example.org,São Paulo,SP,2024-10-28,ACTIVE,True,2025-10-01 10:49:41
CUST00004566,Ryan Ramos,1981-02-13,da-conceicaoana-cecilia@example.org,São José dos Campos,SP,2024-11-15,ACTIVE,True,2024-12-22 11:48:44
CUST00000301,Allana Freitas,1997-05-31,henry69@example.com,Canoas,RS,2022-02-04,ACTIVE,True,2023-08-17 00:20:43
CUST00002646,Sr. José Correia,1972-01-15,isabelly82@example.org,Cascavel,PR,2020-03-30,ACTIVE,False,2025-04-25 06:29:29
CUST00002143,Luana Nascimento,1982-12-11,bianca39@example.net,Niterói,RJ,2024-11-20,ACTIVE,True,2025-09-22 22:50:52
CUST00000640,Lucas Martins,1980-03-22,brunocassiano@example.com,Sorocaba,SP,2024-12-02,ACTIVE,yes,2025-06-11 16:23:03
CUST00004690,Sra. Alícia Ferreira,1993-02-02,ana-luizapimenta@example.com,Santa Maria,RS,2019-12-18,ACTIVE,True,2024-08-04 07:32:15
CUST00000858,Rael Porto,1999-02-05,enzo-gabriel86@example.net,Ribeirão Preto,SP,2022-10-23,ACTIVE,True,2023-07-14 06:38:26
CUST00003456,Bento Sampaio,1990-08-06,gustavo-henriquepeixoto@example.com,Nova Iguaçu,RJ,2023-02-09,ACTIVE,True,2023-09-16 21:54:32
CUST00000085,Zoe Souza,1961-12-08,mariahcamara@example.com,Sorocaba,SP,2022-12-10,ACTIVE,False,2024-12-21 03:02:06
CUST00003309,Esther Porto,2006-08-25,dbarros@example.org,Santos,SP,2022-12-07,ACTIVE,True,2024-11-02 17:02:18
CUST00001104,Sra. Juliana Porto,1997-04-19,ununes@example.net,Vila Velha,ES,2026-01-05,ACTIVE,True,2026-03-09 16:59:32
CUST00001843,Helena Viana,2000-11-07,jaraujo@example.com,Vitória,ES,2018-06-11,ACTIVE,False,2025-02-27 00:34:11
CUST00002640,Dr. Joaquim Moreira,1947-03-08,arthur-gabrielda-paz@example.org,Ribeirão Preto,SP,2021-05-14,BLOCKED,True,2023-07-01 19:26:04
CUST00000978,Maria Flor Vasconcelos,2001-05-14,arthur-gabrielmendonca@example.org,Montes Claros,MG,2025-08-10,ACTIVE,True,2026-07-09 11:41:04
CUST00001198,Henry Gabriel Mendonça,1974-02-03,carolina50@example.net,Niterói,RJ,2019-05-23,BLOCKED,True,2021-10-29 12:18:51
CUST00001347,Marina Marques,2007-11-01,lribeiro@example.net,Ribeirão Preto,SP,2024-03-08,ACTIVE,True,2025-04-12 19:11:47
CUST00003233,Srta. Maria Luiza Mendes,1994-08-01,ggomes@example.net,Feira de Santana,BA,2023-07-18,ACTIVE,False,2024-10-21 03:37:33
CUST00000292,Laura Nascimento,2004-02-11,caldeiralorena@example.org,Campinas,SP,2025-12-30,ACTIVE,yes,2026-02-27 21:57:53
CUST00002630,Dr. Antony Pereira,1987-03-06,montenegroemilly@example.net,Londrina,PR,2023-07-03,ACTIVE,no,2024-01-08 22:54:34
CUST00004500,Sra. Letícia Brito,1964-05-03,lucas53@example.net,Porto Alegre,RS,2023-03-03,UNKNOWN,True,2024-08-30 06:13:40
CUST00004109,Milena Novaes,1985-08-11,brayan19@example.org,Joinville,SC,2023-01-19,ACTIVE,True,2024-08-24 11:32:09
CUST00002106,Ryan Teixeira,2002-09-16,rael81@example.org,Santa Maria,RS,2020-07-30,ACTIVE,True,2024-09-26 05:18:19
CUST00000110,Valentina Peixoto,1964-07-01,guilherme34@example.org,Sorocaba,SP,2018-03-04,ACTIVE,True,2026-06-03 13:13:15
CUST00003593,Carlos Eduardo Gomes,2002-02-01,yuri41@example.net,Rio de Janeiro,RJ,2021-06-22,ACTIVE,True,2024-12-29 11:20:04
CUST00000229,Ana Carolina Ribeiro,1974-09-26,joao96@example.org,São José dos Campos,SP,2020-09-19,ACTIVE,no,2022-05-04 17:54:39
CUST00003498,Allana Vasconcelos,1980-09-04,luisada-rocha@example.org,Sorocaba,SP,2022-01-18,ACTIVE,False,2025-06-08 15:02:33
CUST00003939,Sophia Araújo,1996-11-18,tleao@example.org,Uberaba,MG,2021-05-14,ACTIVE,True,2023-05-10 10:04:56
CUST00004676,Maria Liz Pastor,1983-07-13,da-motaantonella@example.org,Montes Claros,MG,2020-04-09,INACTIVE,False,2026-07-22 22:45:38
CUST00001175,Matteo Aparecida,1988-10-11,leaoana-cecilia@example.com,Florianópolis,SC,2021-12-01,ACTIVE,False,2024-06-03 14:13:21
CUST00004118,Sophia Castro,1992-09-05,liam66@example.net,Belo Horizonte,MG,2024-11-28,ACTIVE,True,2026-05-01 00:42:13
CUST00002742,Dr. Rodrigo Carvalho,2000-06-03,kcassiano@example.org,Niterói,RJ,2021-08-31,ACTIVE,False,2021-10-29 21:26:55
CUST00002905,Dra. Bianca Albuquerque,1990-05-25,rodrigo91@example.org,Belo Horizonte,MG,2021-08-05,ACTIVE,True,2024-03-01 20:01:50
CUST00001435,Thales da Rocha,1981-07-23,zaraujo@example.com,Ribeirão Preto,SP,2021-12-07,ACTIVE,yes,2022-08-31 11:43:33
CUST00004022,Srta. Maria Julia Farias,2008-10-19,pmarques@example.org,Montes Claros,MG,2019-07-25,ACTIVE,False,2020-08-01 06:45:03
CUST00001437,Maria Júlia da Rosa,1936-12-05,augustonovaes@example.com,São Paulo,SP,2020-06-09,ACTIVE,True,2023-01-21 05:54:46
CUST00001084,Matheus Machado,1983-05-08,fernanda77@example.org,Maringá,PR,2025-10-23,Inactive,False,2026-03-24 22:13:31
CUST00000937,Daniela Monteiro,1989-08-28,yvargas@example.org,Rio de Janeiro,RJ,2020-02-28,BLOCKED,True,2025-01-03 16:30:10
CUST00003450,Srta. Vitória Moreira,1998-05-19,larissa80@example.com,Rio de Janeiro,RJ,2022-05-04,ACTIVE,True,2022-06-24 13:25:34
CUST00002166,Paulo Guerra,1974-09-25,fgarcia@example.com,Caxias do Sul,RS,2022-09-12,ACTIVE,True,2024-05-19 22:13:58
CUST00001482,André Silva,1977-10-03,isampaio@example.net,Uberaba,MG,2019-06-24,ACTIVE,False,2020-04-20 07:20:22
CUST00000363,Isabelly Monteiro,1968-07-21,theo77@example.com,Sorocaba,SP,2018-04-08,ACTIVE,True,2025-09-23 08:40:11
CUST00004402,Srta. Maria Eduarda Guerra,1975-01-11,evelyn08@example.net,Uberaba,MG,2023-12-19,ACTIVE,True,2025-07-18 03:40:03
CUST00004328,Luara das Neves,1962-03-28,britoyasmin@example.org,Feira de Santana,BA,2019-08-02,INACTIVE,False,2019-11-06 13:38:44
CUST00004095,Gustavo Sá,1998-12-19,laviniamachado@example.net,Feira de Santana,BA,2026-07-30,ACTIVE,True,2026-07-30 09:34:33
CUST00000008,Yuri da Rocha,1997-10-27,matheus10@example.net,Volta Redonda,RJ,2025-08-31,ACTIVE,True,2026-03-26 10:32:40
CUST00000293,Luiz Otávio Teixeira,1975-12-17,cfonseca@example.com,Belo Horizonte,MG,2018-01-22,INACTIVE,True,2019-10-19 05:51:15
CUST00002113,Beatriz Oliveira,1998-02-18,camposrhavi@example.com,Niterói,RJ,2022-12-06,INACTIVE,False,2024-10-14 13:24:51
CUST00001165,Caroline Fogaça,2005-07-17,freitasolivia,Juiz de Fora,MG,2025-05-08,ACTIVE,False,2026-03-02 20:08:39
CUST00002932,Maria Luiza Castro,2002-08-02,dpereira@example.org,Montes Claros,MG,2024-11-02,ACTIVE,True,2025-07-21 11:59:08
CUST00002685,Laura Viana,1997-10-11,castrojose@example.org,Vitória da Conquista,BA,2018-02-10,ACTIVE,True,2018-12-18 19:56:38
CUST00002967,Luiz Miguel Macedo,2007-09-08,sabrina35@example.org,São José dos Campos,São Paulo,2026-04-16,ACTIVE,True,2026-05-08 02:40:51
CUST00003829,Eduarda Costa,1978-11-13,montenegrorebeca@example.net,Campinas,SP,2024-12-11,active,True,2026-01-05 07:17:37
CUST00002073,Dra. Eloá Castro,1962-03-17,albuquerquececilia@example.org,Canoas,RS,2024-11-08,ACTIVE,True,2026-02-19 20:03:28
CUST00002388,Calebe da Cruz,1997-03-08,pcamara@example.com,Contagem,MG,2018-10-05,ACTIVE,True,2025-06-03 16:03:58
CUST00002662,Ravi Albuquerque,2004-04-09,lucasrocha@example.org,Ribeirão Preto,SP,2020-07-10,ACTIVE,False,2022-01-20 19:22:14
CUST00002965,Lucas Gabriel Aparecida,1967-12-21,claricevasconcelos@example.net,Santa Maria,RS,2019-07-31,ACTIVE,False,2019-11-24 01:38:01
CUST00002060,Thiago Pacheco,1980-06-26,castrootto@example.org,Londrina,PR,2018-09-15,ACTIVE,True,2018-10-07 00:14:32
CUST00003500,Enrico Nunes,1984-02-24,brendada-luz@example.com,São José dos Campos,SP,2018-03-15,ACTIVE,True,2023-12-29 15:00:35
CUST00004335,Catarina da Rosa,1976-11-26,francisco90@example.net,Volta Redonda,RJ,2019-08-12,ACTIVE,True,2020-09-27 08:31:33
CUST00004271,Fernando Cunha,1978-07-13,habreu@example.com,Maringá,PR,2024-02-20,BLOCKED,False,2024-04-18 03:39:37
CUST00000721,Mateus Porto,1994-03-07,enricomoura@example.net,Rio de Janeiro,RJ,2025-03-01,ACTIVE,False,2026-04-25 22:42:30
CUST00003778,Luara Cavalcante,2006-03-19,joao-gabriel41@example.net,Recife,PE,2022-04-01,ACTIVE,False,2024-10-17 13:00:52
CUST00000271,Guilherme Vieira,2001-04-03,renanvieira@example.com,Campinas,SP,2026-04-26,ACTIVE,False,2026-07-23 18:48:09
CUST00004488,Luiz Felipe Duarte,1989-04-17,yago60@example.com,Recife,PE,2020-01-06,ACTIVE,True,2023-05-23 08:44:48
CUST00003116,Ísis Leão,1987-08-04,renan39@example.net,Ribeirão Preto,São Paulo,2023-03-29,INACTIVE,False,2025-07-07 08:36:58
CUST00002936,Rafael Garcia,2007-06-23,salesrenan@example.org,Volta Redonda,RJ,2019-05-29,ACTIVE,True,2021-06-16 21:24:23
CUST00003839,Henry Rezende,1999-02-10,ccampos@example.net,Montes Claros,minas gerais,2023-02-25,ACTIVE,True,2026-05-14 06:05:34
CUST00002241,Bruno Cavalcanti,1983-11-14,viniciuscasa-grande@example.net,Petrópolis,RJ,2018-11-24,ACTIVE,True,2023-09-13 01:28:07
CUST00004787,Daniela Mendes,1963-09-24,dnovaes@example.net,São José dos Campos,SP,2023-09-21,ACTIVE,no,2024-11-13 01:48:49
CUST00003172,Sabrina Duarte,1993-11-21,julia19@example.net,Pelotas,RS,2025-03-30,ACTIVE,False,2025-10-13 14:05:50
CUST00002514,Esther Monteiro,2003-10-21,dantelopes@example.org,Chapecó,SC,2023-06-15,ACTIVE,True,2025-10-08 03:58:21
CUST00000090,Lara Sá,1999-03-29,fda-cunha@example.com,Niterói,Rio de Janeiro,2018-01-11,ACTIVE,True,2022-12-25 19:44:02
CUST00003666,Mateus Guerra,1980-09-02,xpereira@example.net,São Paulo,SP,2020-11-07,ACTIVE,False,2021-01-04 14:17:42
CUST00001846,Ana Clara das Neves,2003-10-23,ojesus@example.net,Santos,SP,2018-05-12,ACTIVE,True,2024-04-09 00:09:12
CUST00003970,Murilo Albuquerque,1983-09-28,enzo00@example.com,Niterói,RJ,2018-09-01,ACTIVE,True,2025-05-23 15:49:22
CUST00000042,Josué Pacheco,1998-06-14,pintoenrico@example.com,Petrópolis,RJ,2024-04-12,INACTIVE,True,2024-12-08 02:09:57
CUST00003186,Marcos Vinicius Rocha,1977-09-21,vicente96@example.org,Ponta Grossa,paraná,2026-07-04,ACTIVE,True,2026-07-09 10:06:40
CUST00001212,Clara Sampaio,2000-09-19,pmachado@example.org,Fortaleza,CE,2025-02-11,ACTIVE,False,2025-03-11 08:08:52
CUST00000865,Giovanna Aragão,1962-01-02,juanaraujo@example.net,Curitiba,PR,2018-01-22,ACTIVE,True,2024-10-09 13:27:17
CUST00003270,Davi Pereira,1996-08-16,fariasravy@example.org,Ribeirão Preto,SP,2021-01-13,ACTIVE,False,2022-05-16 20:15:49
CUST00000220,Srta. Sofia Ramos,2000-08-05,diogoaraujo@example.com,Ribeirão Preto,SP,2025-05-03,ACTIVE,True,2025-11-22 22:52:33
CUST00004709,Luiz Gustavo Leão,1980-05-23,arthur-miguel78@example.org,Ribeirão Preto,SP,2025-10-17,ACTIVE,False,2025-12-25 00:57:56
CUST00004230,Ana Liz Lima,2008-07-21,enzopereira@example.com,São Paulo,SP,2020-06-05,INACTIVE,False,2026-05-29 23:47:17
CUST00001612,Henrique Souza,1997-05-04,laurasampaio@example.net,Ribeirão Preto,SP,2023-09-12,INACTIVE,True,2026-03-11 16:11:28
CUST00001073,Samuel Rocha,1940-07-20,goncalvesluna@example.net,Campinas,SP,2023-12-30,active,True,2025-05-29 23:43:29
CUST00000531,Enzo Gabriel Porto,1990-03-05,enrico71@example.com,São José dos Campos,SP,2024-07-25,ACTIVE,False,2025-10-06 14:12:58
CUST00002479,Ana Julia Barbosa,1982-09-30,stella86@example.org,Maringá,PR,2019-04-05,INACTIVE,no,2022-04-16 07:38:26
CUST00001936,Henry Pereira,1972-04-15,ravyfreitas,Campinas,SP,2021-12-18,ACTIVE,True,2024-06-05 13:39:42
CUST00001209,Matteo Teixeira,1951-10-22,ribeirokevin@example.net,Santos,SP,2022-09-13,ACTIVE,yes,2025-08-30 06:29:20
CUST00000221,Maysa Moura,1987-05-15,emanuellafreitas@example.com,Cascavel,PR,2022-02-07,ACTIVE,True,2023-10-04 18:33:04
CUST00001157,Sr. João Miguel Rodrigues,1989-01-06,goncalvesevelyn@example.net,Sorocaba,SP,2026-03-07,ACTIVE,True,2026-04-07 15:15:21
CUST00003339,Bella da Luz,1982-01-03,vitor-hugo71@example.net,Ribeirão Preto,SP,2024-12-14,ACTIVE,True,2026-06-15 06:35:26
CUST00004685,Aurora Fonseca,2000-10-21,aylla87@example.org,Campinas,SP,2021-11-22,ACTIVE,True,2026-03-10 05:57:59
CUST00003932,Pedro Miguel Lima,1978-04-16,cavalcantivinicius@example.net,Londrina,PR,2019-11-28,INACTIVE,True,2023-10-02 08:52:21
CUST00003188,Pedro Miguel Almeida,1995-07-21,milena87@example.net,Canoas,RS,2020-01-21,INACTIVE,True,2020-06-27 19:13:43
CUST00004800,Oliver Barbosa,2010-03-10,jcorreia@example.com,Campinas,São Paulo,2018-11-20,ACTIVE,True,2022-01-10 19:45:20
CUST00001267,Maria Alice Correia,1988-02-24,pimentaana-julia@example.net,São Paulo,SP,2021-02-02,ACTIVE,True,2024-06-03 14:47:07
CUST00003779,Renan Vieira,2001-06-30,caue27@example.com,Sorocaba,SP,2025-07-28,ACTIVE,False,2026-05-01 20:41:39
CUST00000934,José Miguel Albuquerque,1973-01-14,pereiraluiz-fernando@example.net,Duque de Caxias,RJ,2025-06-25,ACTIVE,False,2025-09-02 08:57:06
CUST00000931,José Pedro Araújo,1951-08-25,,São Paulo,SP,2019-08-09,ACTIVE,True,2022-03-14 02:40:27
CUST00004005,Sr. Vinicius Correia,1983-02-20,ana-cecilia00@example.com,Sorocaba,SP,2019-10-13,ACTIVE,True,2023-10-20 23:39:01
CUST00004131,João Vitor Mendonça,1996-06-10,cauaferreira@example.net,Sorocaba,SP,2022-07-11,ACTIVE,True,2023-09-17 15:25:10
CUST00004625,Alexia da Costa,1985-01-28,luiz-otavionogueira@example.net,São Paulo,SP,2020-10-04,ACTIVE,True,2024-07-03 11:20:10
CUST00002592,Otto Sá,1984-10-18,emillysilveira@example.net,Cascavel,PR,2021-12-09,INACTIVE,False,2023-01-16 23:08:39
CUST00004465,Luísa Garcia,1972-12-07,lucas-gabrielfreitas@example.net,Duque de Caxias,RJ,2024-11-28,BLOCKED,True,2026-03-12 04:41:50
CUST00000549,Sra. Luna da Mata,1976-09-24,ppereira@example.org,Campinas,SP,2020-10-19,INACTIVE,True,2021-10-26 10:47:16
CUST00004444,Nicole Campos,1995-01-08,claraborges@example.com,Maringá,PR,2019-05-11,ACTIVE,True,2025-10-15 17:37:58
CUST00000084,Srta. Maria Helena Mendes,2008-04-08,fogacaana-cecilia@example.com,Anápolis,Goias,2021-04-11,ACTIVE,True,2022-02-23 17:29:20
CUST00004681,Felipe Cassiano,1987-12-22,maria-laura40@example.net,Itajaí,SC,2019-09-27,ACTIVE,yes,2020-07-03 11:29:47
CUST00001122,Alexia Gonçalves,1970-08-03,ana-julia13@example.com,Uberaba,MG,2023-03-01,ACTIVE,True,2024-08-25 06:34:11
CUST00001636,Daniel Marques,1954-06-15,caldeirajoao-miguel@example.com,Contagem,MG,2018-07-03,ACTIVE,True,2024-03-10 01:25:08
CUST00002465,Ester Monteiro,1953-01-23,zribeiro@example.net,Ribeirão Preto,SP,2018-06-27,ACTIVE,True,2022-01-27 22:05:13
CUST00003380,Luigi Cirino,1984-03-31,vitor-hugosa@example.org,Anápolis,Goias,2021-02-23,ACTIVE,False,2023-12-29 22:45:09
CUST00000936,Ryan Cirino,1987-07-29,fernandesenzo-gabriel@example.org,Niterói,RJ,2025-12-06,ACTIVE,True,2026-04-04 22:40:21
CUST00002925,Ana Vitória Farias,1988-11-15,salescaleb@example.com,Duque de Caxias,RJ,2020-06-14,ACTIVE,True,2021-06-18 19:09:46
CUST00003185,Luiz Miguel da Rocha,1998-07-18,joao-pedrocamargo@example.com,Feira de Santana,BA,2023-03-16,ACTIVE,False,2026-01-23 10:29:22
CUST00002459,Luan Costela,1997-11-17,maria-eduardacassiano@example.net,Sorocaba,SP,2022-02-26,INACTIVE,True,2022-07-18 16:21:41
CUST00002387,Allana Castro,2006-11-26,oliveiravitor-hugo@example.com,Ribeirão Preto,SP,2019-03-18,ACTIVE,False,2019-05-25 05:56:45
CUST00002919,Juan Correia,1996-10-18,hadassa14@example.org,Salvador,BA,2025-04-22,INACTIVE,True,2025-10-15 04:15:48
CUST00000286,Bianca Dias,1967-09-08,maria-florcampos@example.com,São José dos Campos,SP,2024-05-10,ACTIVE,True,2025-07-19 13:03:48
CUST00004432,Srta. Beatriz Casa Grande,1994-03-25,mpimenta@example.com,Campinas,SP,2024-05-12,ACTIVE,True,2024-09-24 23:30:31
CUST00003730,Lucas Aragão,2008-12-14,cda-costa@example.com,Porto Alegre,RS,2025-04-03,ACTIVE,False,2026-03-10 17:27:43
CUST00003954,Mariana Mendes,2001-04-04,novaisjoao-lucas@example.com,Curitiba,PR,2019-11-17,ACTIVE,no,2021-07-08 16:49:42
CUST00002492,Rhavi Sá,1997-07-10,bento56@example.com,Montes Claros,MG,2023-10-09,ACTIVE,True,2026-05-21 11:33:07
CUST00002022,Pedro Rocha,1981-08-20,gabriel75@example.net,Uberaba,MG,2018-03-08,BLOCKED,True,2025-06-02 13:38:56
CUST00002298,Guilherme Teixeira,1986-06-22,paulo94@example.com,Campinas,SP,2019-02-20,ACTIVE,False,2019-06-22 01:44:01
CUST00001472,Dra. Larissa Novaes,1965-04-21,gael-henrique02@example.com,Olinda,PE,2024-05-27,active,True,2025-06-09 15:44:53
CUST00001407,Eloah Barros,1994-07-25,enzo-gabriel61@example.com,Montes Claros,MG,2026-03-22,ACTIVE,True,2026-04-06 01:11:48
CUST00002042,Dr. Ian Marques,1988-08-20,brenda34@example.com,Ribeirão Preto,SP,2025-11-26,ACTIVE,True,2025-12-29 09:40:22
CUST00002454,Matteo Mendonça,1992-01-15,da-mataana@example.net,São José dos Campos,SP,2023-10-10,INACTIVE,False,2024-07-01 11:39:51
CUST00004789,Davi Teixeira,1973-01-02,ypereira@example.com,Volta Redonda,RJ,2020-10-25,ACTIVE,False,2025-07-11 14:34:07
CUST00004743,Dom da Cunha,2000-05-11,ucorreia@example.org,Santos,SP,2024-01-13,INACTIVE,True,2025-10-25 19:02:57
CUST00003659,Rael Guerra,1978-01-15,da-cruzfernanda@example.net,Petrópolis,Rio de Janeiro,2018-09-29,ACTIVE,False,2021-10-01 05:33:42
CUST00001532,João Lucas Cavalcanti,1986-07-20,arthur-gabriel89@example.org,Volta Redonda,RJ,2020-12-03,ACTIVE,False,2021-02-08 21:23:20
CUST00002223,Lorenzo da Rocha,1990-10-30,castroemanuella@example.net,Uberlândia,MG,2019-07-12,ACTIVE,False,2026-06-27 18:55:02
CUST00004403,Ana Lívia da Mota,2005-11-07,ravi-luccasales@example.org,Uberaba,MG,2022-05-28,ACTIVE,True,2024-02-27 03:00:50
CUST00003505,Maria Liz Melo,1987-06-21,isales@example.com,Ponta Grossa,PR,2021-11-02,ACTIVE,True,2025-10-02 02:42:33
CUST00001685,Evelyn da Rocha,1992-11-05,isiscavalcanti@example.net,Niterói,RJ,2025-11-07,ACTIVE,False,2026-01-18 15:24:51
CUST00000335,Rafael Cardoso,2002-06-17,kmarques@example.org,Juiz de Fora,minas gerais,2025-08-27,ACTIVE,True,2026-06-27 10:22:55
CUST00004748,Apollo da Luz,1975-11-18,yviana@example.org,São José dos Campos,SP,2020-07-18,active,False,2024-06-02 21:55:28
CUST00001079,Samuel Monteiro,2009-06-04,joao-felipealves@example.org,Santos,SP,2020-06-15,ACTIVE,True,2022-11-12 11:18:02
CUST00002009,Ana Lívia da Mata,2001-12-20,araujomaite@example.net,Uberaba,MG,2018-06-26,BLOCKED,yes,2020-11-26 17:17:27
CUST00004650,Olivia Siqueira,1989-07-02,wda-costa@example.net,Belo Horizonte,MG,2019-03-01,ACTIVE,False,2019-07-09 00:31:58
CUST00002978,Diego Farias,1986-07-25,livia60@example.net,Petrópolis,RJ,2020-05-03,ACTIVE,True,2023-10-21 17:57:56
CUST00004794,Dra. Melissa Albuquerque,1939-05-30,da-rochabeatriz@example.com,São José dos Campos,SP,2023-10-24,ACTIVE,True,2026-04-27 23:56:24
CUST00004144,Giovanna Rios,2004-06-17,maria-helena59,São José dos Campos,SP,2018-03-30,INACTIVE,True,2019-02-07 16:06:44
CUST00004173,Valentina Rios,1962-02-08,benicio16@example.net,Curitiba,paraná,2023-01-14,ACTIVE,False,2024-08-27 08:51:45
CUST00001459,Laís Ribeiro,1973-09-24,kcarvalho@example.com,Sorocaba,SP,2020-01-06,ACTIVE,True,2023-12-20 11:08:56
CUST00001766,Isaac da Conceição,1995-10-01,pastorantonio@example.org,Uberaba,MG,2020-09-23,INACTIVE,no,2020-12-06 21:43:05
CUST00004408,Lorena Machado,1948-09-26,paulonovaes@example.net,Florianópolis,Santa Catarina,2024-09-23,ACTIVE,True,2026-05-17 21:26:03
CUST00001387,Mateus Lima,1994-08-15,teixeiraana-clara@example.net,Cascavel,PR,2023-06-27,ACTIVE,True,2024-09-20 22:39:55
CUST00002724,Dr. João Lucas Nogueira,1995-02-23,lavinia55@example.net,Caxias do Sul,RS,2025-08-14,INACTIVE,False,2026-03-16 22:33:10
CUST00003761,Isabella Cunha,1976-02-27,joao-pedrosales@example.net,Niterói,RJ,2018-11-09,ACTIVE,False,2019-11-09 22:38:42
CUST00001271,Emanuella Azevedo,1939-09-09,davi-luccacardoso@example.com,Juiz de Fora,MG,2018-03-27,ACTIVE,True,2019-09-08 10:11:12
CUST00002734,Luiz Otávio Moraes,1975-07-10,emillyda-paz@example.org,Santos,SP,2025-02-24,ACTIVE,True,2026-07-03 14:49:26
CUST00003606,Maitê Pires,1989-09-06,maria-luisa42@example.org,São Paulo,SP,2023-02-11,ACTIVE,True,2025-01-01 12:44:58
CUST00003762,Pietra Cunha,1987-12-19,ottonunes@example.com,São José dos Campos,SP,2023-02-03,ACTIVE,True,2026-01-14 19:37:20
CUST00004001,Catarina Nascimento,1937-01-01,anthony-gabrielmelo@example.com,Blumenau,SC,2019-06-07,ACTIVE,False,2023-09-14 11:51:51
CUST00000605,Sr. Davi Lucca Mendes,1975-02-09,acamargo@example.com,Pelotas,RS,2024-10-28,ACTIVE,True,2026-06-14 17:50:08
CUST00004161,Lucas Gabriel Nogueira,2003-11-01,carlos-eduardopinto@example.net,Sorocaba,SP,2023-02-02,INACTIVE,True,2024-02-11 06:26:43
CUST00001105,Vicente Costa,1988-09-09,maria-eduarda23@example.org,Sorocaba,SP,2022-04-02,ACTIVE,True,2024-07-19 05:59:50
CUST00002455,Ana Sophia Pimenta,2008-05-10,joao-guilherme17@example.net,Campinas,SP,2023-02-22,ACTIVE,True,2025-09-13 21:49:22
CUST00004314,Francisco Duarte,1976-07-16,piresthomas@example.com,Curitiba,PR,2019-05-22,INACTIVE,True,2022-01-17 10:22:19
CUST00000138,Daniela Monteiro,1988-04-23,nicole46@example.com,Florianópolis,SC,2026-02-26,ACTIVE,False,2026-04-25 13:41:57
CUST00003534,Sr. Rafael Cavalcante,1985-11-27,eduarda39@example.com,Pelotas,RS,2024-05-27,ACTIVE,True,2026-02-07 18:14:03
CUST00000602,Júlia Gomes,1999-05-23,pleao@example.org,Nova Iguaçu,RJ,2022-08-28,ACTIVE,False,2024-03-06 01:50:29
CUST00000004,Ísis Leão,1999-01-24,manuelapastor@example.com,Santos,SP,2019-02-23,ACTIVE,True,2024-04-12 17:04:32
CUST00003896,Enzo Cunha,2003-03-11,claraazevedo@example.com,Montes Claros,MG,2022-09-04,INACTIVE,False,2025-11-14 08:27:50
CUST00004218,Maria Oliveira,1970-07-30,da-motalucas-gabriel@example.com,Pelotas,RS,2025-12-14,ACTIVE,True,2026-02-17 20:56:47
CUST00000382,Luigi Pereira,1977-08-29,uvasconcelos@example.org,Goiânia,GO,2020-10-12,ACTIVE,True,2022-08-24 16:30:48
CUST00002027,Luan Moreira,1999-06-11,mrezende@example.com,Ribeirão Preto,SP,2023-01-26,ACTIVE,False,2023-05-04 14:44:47
CUST00003769,Heitor da Rosa,1976-03-07,eribeiro@example.net,Santa Maria,RS,2020-01-12,ACTIVE,False,2025-04-20 06:12:19
CUST00000270,Kaique Castro,1967-11-15,eloamoraes@example.org,Santa Maria,RS,2026-02-14,ACTIVE,True,2026-04-19 15:43:34
CUST00001655,Lucas Cunha,1957-03-02,ynunes@example.com,Pelotas,RS,2020-05-02,INACTIVE,True,2024-04-01 23:26:55
CUST00003110,Pedro Henrique Castro,1973-05-31,barbosamaysa@example.org,Juiz de Fora,MG,2020-09-07,BLOCKED,True,2025-01-05 23:12:08
CUST00001211,Liz Silveira,1996-07-11,raquel43@example.net,Sorocaba,SP,2019-08-28,ACTIVE,True,2025-03-08 11:57:14
CUST00004073,Mathias Fogaça,1995-03-25,lizgoncalves@example.com,Joinville,SC,2024-05-23,ACTIVE,True,2025-06-20 21:09:49
CUST00003180,Rafael Aragão,1959-08-05,sda-rocha@example.org,Nova Iguaçu,RJ,2021-01-07,ACTIVE,True,2021-06-14 21:01:22
CUST00003858,Gabriel Fernandes,1969-08-16,maite07@example.com,Contagem,MG,2019-04-30,ACTIVE,True,2021-01-04 22:05:19
CUST00003622,Sophia Ramos,1984-09-22,nfarias@example.net,Ribeirão Preto,SP,2024-01-01,ACTIVE,True,2025-04-04 18:35:06
CUST00001638,Beatriz Mendonça,1991-04-07,jesusdiogo@example.com,Contagem,MG,2022-03-25,ACTIVE,False,2024-05-20 08:46:24
CUST00001530,Maria Eduarda Duarte,1995-09-07,santosisis@example.com,Juiz de Fora,MG,2019-03-31,ACTIVE,False,2022-01-02 07:52:02
CUST00001626,Dra. Luiza Farias,1994-04-03,lorenada-costa@example.net,Sorocaba,SP,2018-06-20,ACTIVE,False,2025-05-13 09:38:07
CUST00001687,Ana Julia Ramos,1997-07-16,henrycamara@example.org,Caxias do Sul,RS,2023-12-14,ACTIVE,False,2025-01-07 22:52:10
CUST00000447,Lorena Silveira,1970-04-12,lizrezende@example.org,Uberaba,MG,2019-04-28,ACTIVE,False,2021-01-04 04:10:07
CUST00004112,Dr. Otávio Moreira,1981-01-28,fcamargo@example.net,Santos,SP,2021-10-09,ACTIVE,False,2024-10-17 22:55:04
CUST00004596,Théo Nunes,2006-03-01,das-nevesjoao@example.org,Contagem,MG,2025-08-06,ACTIVE,False,2026-03-30 23:57:36
CUST00003323,Asafe da Paz,2003-01-08,davi24@example.org,Ponta Grossa,PR,2024-05-14,ACTIVE,True,2024-09-15 19:39:27
CUST00003879,Kaique da Rocha,1989-12-04,tmelo@example.com,Petrópolis,RJ,2019-12-13,ACTIVE,False,2022-08-12 15:15:00
CUST00004313,Srta. Daniela Casa Grande,1964-05-13,caroline17@example.com,Niterói,RJ,2026-05-23,active,False,2026-06-17 18:41:34
CUST00003085,Pedro Miguel da Conceição,1969-07-20,rebecapereira@example.net,Campinas,SP,2021-04-13,INACTIVE,True,2021-05-02 10:12:38
CUST00003609,Maria Sophia Sousa,2007-12-29,da-rochapedro-miguel@example.com,São Paulo,SP,2019-11-29,INACTIVE,True,2020-08-22 14:23:34
CUST00002338,Dra. Aylla Marques,2000-12-04,vsouza@example.org,Joinville,SC,2025-02-15,ACTIVE,True,2025-04-07 18:48:07
CUST00004323,Bernardo Costela,1997-04-19,maria-isiscorreia@example.com,Porto Alegre,RS,2022-11-16,ACTIVE,True,2023-06-14 19:53:12
CUST00001393,Elisa Correia,1999-02-08,xda-cunha@example.net,Canoas,RS,2026-01-19,ACTIVE,False,2026-03-24 08:54:42
CUST00000535,Manuella Nogueira,1973-06-22,lsa@example.org,Volta Redonda,Rio de Janeiro,2025-12-05,ACTIVE,True,2025-12-07 01:18:44
CUST00004646,Melina Barros,1992-11-27,lucas07@example.com,Blumenau,SC,2022-05-27,active,False,2025-01-30 22:04:58
CUST00002918,,1986-09-23,acampos@example.net,Santos,SP,2022-02-14,BLOCKED,True,2022-10-09 05:03:43
CUST00002612,Hadassa Gonçalves,1993-04-28,cecilia20@example.org,São Paulo,SP,2018-04-03,ACTIVE,True,2024-01-02 05:53:37
CUST00004624,Renan Rios,1993-05-28,tdas-neves@example.org,Salvador,BA,2025-12-30,ACTIVE,True,2026-06-29 06:56:17
CUST00001222,Luan Moreira,1995-02-08,eloahmarques@example.org,Rio de Janeiro,RJ,2022-08-26,ACTIVE,True,2026-03-24 02:09:48
CUST00002942,Vitor Hugo Rocha,1943-09-18,alanaborges@example.net,Sorocaba,SP,2023-06-23,ACTIVE,False,2025-06-28 21:09:39
CUST00000534,Julia Câmara,1970-04-18,davi21@example.org,Cascavel,PR,2025-11-04,INACTIVE,True,2026-04-08 13:29:53
CUST00001639,Ana Vitória Costela,1985-06-23,ugarcia@example.net,Sorocaba,SP,2019-06-12,ACTIVE,True,2020-06-01 08:49:08
CUST00002427,Helena Pires,1980-09-27,benicio76@example.com,Ribeirão Preto,SP,2020-11-02,ACTIVE,False,2023-03-26 07:02:26
CUST00002126,Dra. Laís Sá,1971-05-07,isabellapinto@example.net,Volta Redonda,RJ,2025-01-15,ACTIVE,False,2025-03-21 00:03:48
CUST00001944,Maria Liz Lima,1982-10-02,da-rosalais@example.com,São Paulo,SP,2018-09-06,ACTIVE,True,2026-01-15 05:48:54
CUST00003107,Dr. Paulo da Mata,2004-04-23,nunesfernando@example.net,Contagem,MG,2022-12-02,ACTIVE,False,2023-10-11 17:47:14
CUST00000224,Cecília Ferreira,1993-03-31,heloisa29@example.net,Belo Horizonte,MG,2018-07-05,ACTIVE,False,2022-12-04 12:15:12
CUST00000159,Maria Câmara,1968-01-21,theodororocha@example.net,Contagem,MG,2023-11-17,ACTIVE,False,2024-10-26 04:48:18
CUST00004428,Bento das Neves,2007-11-22,antonio77@example.net,São José dos Campos,São Paulo,2019-02-07,ACTIVE,True,2024-07-07 19:25:05
CUST00001274,Lorenzo Lopes,2001-12-10,hda-mota@example.net,Cascavel,PR,2023-07-03,ACTIVE,False,2026-04-28 13:39:44
CUST00001392,Sra. Maria Isis Mendonça,1996-02-02,diego60@example.org,Itajaí,SC,2018-09-17,ACTIVE,True,2023-04-07 15:44:09
CUST00003771,Sr. Lucas da Mata,1995-12-21,jose60@example.com,Contagem,MG,2026-07-04,ACTIVE,yes,2026-07-04 04:58:35
CUST00001324,Dra. Kamilly Correia,1980-09-11,yasminda-luz@example.org,São Paulo,SP,2022-09-01,active,True,2026-06-10 17:05:34
CUST00001457,Arthur Gabriel Barros,1961-11-05,montenegroana-cecilia@example.com,Duque de Caxias,RJ,2018-11-13,ACTIVE,True,2019-03-30 11:21:50
CUST00001607,Olívia Nascimento,1990-06-06,luizafogaca@example.net,Juazeiro do Norte,CE,2025-12-11,ACTIVE,True,2026-03-09 11:28:39
CUST00004366,Lucas Machado,1985-03-18,da-rosabernardo@example.org,Uberlândia,MG,2022-10-23,ACTIVE,True,2025-06-19 14:45:48
CUST00000436,João Guilherme Rezende,2027-02-06,joaoda-cruz@example.org,Niterói,RJ,2021-07-07,ACTIVE,True,2023-04-18 12:40:51
CUST00003723,Dr. Juan Mendes,1978-02-10,nascimentojoao-guilherme@example.net,Volta Redonda,RJ,2018-10-25,ACTIVE,True,2025-06-23 07:22:25
CUST00000027,Henry Gabriel Azevedo,2002-10-25,asafe98@example.org,Vitória,ES,2019-01-18,INACTIVE,False,2022-07-03 16:25:43
CUST00003215,Sra. Sophia Nunes,1982-12-18,borgesmaria-julia@example.net,Contagem,minas gerais,2018-07-13,ACTIVE,False,2018-08-08 10:27:48
CUST00002321,Milena Sá,1980-10-05,bryanfernandes@example.net,Campinas,SP,2023-06-05,Inactive,True,2023-09-15 01:56:33
CUST00002401,Arthur Miguel Garcia,1983-06-11,calebe31@example.net,São José dos Campos,São Paulo,2021-11-20,BLOCKED,True,2022-04-24 08:01:05
CUST00001167,Ayla Sá,1990-04-29,nfreitas@example.org,Belo Horizonte,MG,2018-06-27,ACTIVE,True,2021-05-02 07:46:58
CUST00003325,Mateus Sá,1987-06-26,ccarvalho@example.org,Cascavel,PR,2023-01-12,ACTIVE,True,2026-04-13 00:15:51
CUST00001778,Mateus Gomes,1993-07-19,oaparecida@example.org,Petrópolis,RJ,2023-04-09,ACTIVE,True,2025-10-10 20:25:51
CUST00003386,Cauê Oliveira,1961-08-05,zsantos@example.org,Uberaba,MG,2024-09-18,ACTIVE,False,2026-06-18 22:56:14
CUST00000149,Srta. Maya Brito,2005-10-13,macedolucas-gabriel@example.net,Maringá,PR,2021-10-23,ACTIVE,True,2025-03-21 04:38:49
CUST00004343,Emanuelly Moraes,1942-01-24,vitor-hugojesus@example.org,Montes Claros,MG,2024-06-27,ACTIVE,False,2024-09-27 23:15:08
CUST00001169,Heloisa Ramos,1993-10-16,mayamoura@example.net,Petrópolis,RJ,2025-12-23,ACTIVE,False,2026-02-17 22:18:33
CUST00001853,Maria Laura Vieira,1974-01-15,diogo80@example.org,Duque de Caxias,RJ,2025-12-14,INACTIVE,True,2026-06-17 11:22:45
CUST00002863,Catarina Silveira,2008-06-29,danilorodrigues@example.com,Ribeirão Preto,SP,2024-07-27,ACTIVE,False,2024-09-22 23:12:03
CUST00000609,Anthony Ramos,1989-01-01,mirellamelo@example.com,Santos,SP,2024-07-12,ACTIVE,True,2024-09-21 09:14:08
CUST00003446,Antony Guerra,2008-09-18,alexia11@example.org,Volta Redonda,RJ,2018-09-27,ACTIVE,True,2022-12-25 07:12:58
CUST00000215,Melina Pires,1990-10-13,yan90@example.com,Sorocaba,SP,2023-06-07,ACTIVE,True,2024-10-04 13:55:12
CUST00000129,Ravy Ferreira,2007-10-09,ufarias@example.net,Sorocaba,SP,2019-04-21,ACTIVE,False,2022-08-10 11:32:00
CUST00001634,Vitor Gabriel da Cruz,1965-08-08,qvargas@example.net,Campinas,SP,2023-07-22,ACTIVE,True,2023-09-30 06:26:28
CUST00004330,Arthur Castro,1999-11-27,samuel50@example.net,Rio de Janeiro,RJ,2020-06-10,ACTIVE,True,2026-03-24 22:06:47
CUST00001498,Otto Mendonça,1979-07-22,trodrigues@example.org,Chapecó,SC,2020-05-10,ACTIVE,True,2020-12-26 03:01:34
CUST00003796,Ísis Rezende,1981-05-27,varaujo@example.net,Santos,SP,2020-05-22,ACTIVE,True,2024-05-20 16:02:23
CUST00003474,Maria Helena Novaes,1998-11-16,maria-alice46@example.net,Contagem,minas gerais,2019-09-14,ACTIVE,True,2022-03-21 18:35:15
CUST00001035,Maria Fernanda Albuquerque,1997-10-03,catarina54@example.com,Montes Claros,MG,2018-02-24,ACTIVE,True,2020-10-10 13:25:22
CUST00001682,Vitória Machado,2008-02-15,vinicius18@example.org,São José dos Campos,SP,2020-08-12,ACTIVE,False,2023-05-04 11:07:29
CUST00000660,Maria Júlia Nascimento,1967-01-29,das-nevesotto@example.net,Juiz de Fora,MG,2020-11-29,ACTIVE,False,2022-01-06 00:06:45
CUST00003722,Sr. Ravy Rocha,1969-11-30,melomaria-liz@example.com,Montes Claros,MG,2018-10-30,ACTIVE,True,2025-04-01 10:06:32
CUST00003646,Ágatha Andrade,1988-02-20,marquesliam@example.com,Belo Horizonte,MG,2022-08-17,ACTIVE,False,2024-04-22 00:43:33
CUST00003617,Lucca Andrade,1993-04-03,thalesmacedo@example.com,Juiz de Fora,MG,2025-06-01,ACTIVE,yes,2026-03-29 09:13:20
CUST00003993,Manuela Lopes,2010-07-31,qferreira@example.com,Campinas,SP,2020-09-19,ACTIVE,False,2021-10-07 22:45:35
CUST00000823,Marcelo Cassiano,1973-02-17,camargocaue@example.org,Duque de Caxias,RJ,2024-04-21,INACTIVE,True,2025-06-04 03:55:39
CUST00001279,Calebe Alves,1964-01-17,zlopes@example.org,Juazeiro do Norte,CE,2019-12-18,ACTIVE,True,2023-04-15 21:01:43
CUST00003204,Sra. Sophia Ribeiro,2005-09-13,silvaesther@example.net,São Paulo,SP,2026-05-24,ACTIVE,True,2026-07-13 14:48:14
CUST00004638,Ana Vitória da Mata,1990-11-08,melissa19@example.net,São José dos Campos,SP,2021-08-28,ACTIVE,True,2025-02-15 17:32:50
CUST00002971,Sr. Mateus Pires,1977-03-09,jade28@example.org,Duque de Caxias,RJ,2018-01-21,ACTIVE,True,2025-05-12 04:35:11
CUST00001101,Kevin Montenegro,1989-11-19,luana85@example.org,Rio de Janeiro,RJ,2026-12-21,ACTIVE,True,2021-10-19 23:16:26
CUST00004498,Manuela Barros,1967-06-13,pereiramirella@example.org,Campinas,SP,2022-04-20,ACTIVE,True,2022-08-20 20:20:07
CUST00003864,Rodrigo Aragão,1998-10-04,saleandro@example.org,Jaboatão dos Guararapes,PE,2024-08-01,active,True,2026-01-19 07:12:38
CUST00003314,Isabelly Pimenta,1984-03-26,fnascimento@example.com,Porto Alegre,RS,2026-06-13,ACTIVE,True,2026-07-23 18:25:05
CUST00003881,Bryan Pires,1975-11-15,vda-mata@example.net,Camaçari,BA,2024-06-08,BLOCKED,True,2024-08-21 23:55:38
CUST00001783,Nicole Lima,1969-05-05,ugoncalves@example.org,Pelotas,RS,2020-02-18,ACTIVE,True,2025-12-12 19:06:04
CUST00000248,Alícia Gomes,1978-04-15,oaparecida@example.com,São Paulo,SP,2023-03-22,ACTIVE,True,2026-03-18 22:30:26
CUST00000356,Ana Cecília Barbosa,1992-05-17,pedro-henriquemendes@example.org,Duque de Caxias,RJ,2023-02-08,ACTIVE,True,2023-10-25 05:47:21
CUST00002802,Kamilly Mendonça,1973-01-21,murilo62@example.org,Uberlândia,MG,2022-05-24,ACTIVE,True,2022-10-11 15:41:18
CUST00001689,Henry Gabriel Pinto,2002-01-11,zgoncalves@example.org,Camaçari,BA,2018-02-19,BLOCKED,True,2023-02-20 06:47:39
CUST00002307,Rafael Costela,1997-07-24,portobento@example.com,Campinas,SP,2021-11-06,ACTIVE,True,2021-11-30 14:30:30
CUST00004385,Isaque Melo,1988-04-13,amartins@example.net,Petrópolis,RJ,2019-03-22,ACTIVE,True,2023-03-21 15:07:52
CUST00001726,André Mendonça,1992-01-03,ianazevedo@example.org,Maringá,PR,2025-09-26,ACTIVE,False,2026-02-13 04:11:20
CUST00002053,Sr. Gabriel Vargas,2002-06-24,noahdas-neves@example.org,São Paulo,SP,2018-06-25,ACTIVE,True,2020-06-07 06:13:56
CUST00001734,Mariana Casa Grande,2005-05-24,da-pazmaria-cecilia@example.org,São Paulo,SP,2018-12-19,ACTIVE,True,2024-11-16 00:53:05
CUST00004411,Cauã Almeida,1981-08-25,,Contagem,MG,2023-05-26,ACTIVE,False,2023-10-13 12:26:19
CUST00001467,Maria Helena Alves,2009-04-30,eduardoda-mata@example.org,São Paulo,SP,2024-09-06,ACTIVE,False,2026-04-02 17:59:56
CUST00000636,Sr. Anthony Gabriel Souza,1997-12-15,nathan97@example.org,Campinas,SP,2018-04-18,ACTIVE,True,2023-06-12 13:08:42
CUST00000565,Benjamin Peixoto,1997-02-02,uribeiro@example.net,Duque de Caxias,RJ,2021-01-16,INACTIVE,no,2026-01-13 11:54:36
CUST00003976,Aylla Mendonça,2001-12-22,costelayasmin@example.com,Niterói,RJ,2021-01-23,ACTIVE,True,2025-11-16 14:56:08
CUST00002150,Francisco da Luz,1989-09-03,ocosta@example.com,Montes Claros,MG,2023-06-07,INACTIVE,False,2025-08-16 05:56:28
CUST00002198,Dr. Rhavi Cassiano,2000-09-28,xnascimento@example.org,São José dos Campos,SP,2023-11-09,ACTIVE,True,2024-01-18 09:15:52
CUST00002843,Pedro Miguel Albuquerque,1992-06-14,camilacaldeira@example.com,Petrópolis,RJ,2019-11-09,ACTIVE,False,2025-11-20 02:58:15
CUST00002515,Maria Julia Correia,1985-02-10,catarina26@example.net,Juiz de Fora,MG,2020-10-18,ACTIVE,True,2022-12-18 21:47:00
CUST00000970,Srta. Rebeca Rezende,1974-07-22,melocaleb@example.org,Rio de Janeiro,RJ,2018-09-06,INACTIVE,True,2019-03-27 00:51:19
CUST00000896,Maitê Nogueira,2000-05-23,iaragao@example.org,Volta Redonda,RJ,2022-11-04,BLOCKED,False,2025-05-17 14:30:30
CUST00003863,Zoe Costela,1981-06-26,barbosaana-livia@example.org,São Paulo,SP,2018-12-20,ACTIVE,False,2020-02-20 17:10:54
CUST00002202,Maria Vitória Marques,1991-05-09,ymacedo@example.com,Pelotas,RS,2022-09-21,ACTIVE,False,2025-06-13 13:23:42
CUST00004020,Agatha Leão,1938-01-06,onunes@example.org,Itajaí,SC,2020-06-13,ACTIVE,True,2024-05-11 15:32:10
,Dr. Benicio Viana,2009-04-04,otaviomoreira@example.net,Campinas,SP,2025-01-18,ACTIVE,True,2025-10-08 12:25:21
CUST00003488,Camila Dias,2004-01-07,jda-cruz@example.com,Nova Iguaçu,RJ,2018-02-10,ACTIVE,True,2025-10-21 05:28:21
CUST00003278,Júlia Nascimento,1975-01-25,cecilianovais@example.com,Duque de Caxias,RJ,2024-09-23,ACTIVE,yes,2025-03-23 12:59:56
CUST00002920,Srta. Lavínia Dias,1935-09-28,enzo-gabrielpastor@example.net,São Paulo,SP,2020-03-23,ACTIVE,False,2022-12-25 13:30:42
CUST00002117,,2009-07-25,siqueiramaria-alice@example.com,Nova Iguaçu,RJ,2024-03-11,ACTIVE,False,2025-05-03 17:47:08
CUST00000933,Thiago Barbosa,1982-06-07,thiago29@example.com,Sorocaba,SP,2021-10-15,ACTIVE,True,2022-12-01 15:00:07
CUST00000427,Eloah Barros,1996-12-02,vieirapedro-lucas@example.com,São José dos Campos,SP,2025-04-22,ACTIVE,True,2025-06-05 02:21:23
CUST00001065,Gael da Paz,1980-10-11,stephanyabreu@example.net,Montes Claros,MG,2022-07-04,ACTIVE,False,2022-08-12 21:26:08
CUST00004154,Amanda Novais,1982-03-17,alana32@example.com,Juiz de Fora,MG,2020-04-03,INACTIVE,True,2022-04-16 04:32:56
CUST00003833,,1990-07-23,hda-rocha@example.org,Niterói,RJ,2021-08-07,ACTIVE,True,2023-05-11 19:22:06
CUST00004241,José Pedro Correia,1969-03-31,moreiranathan@example.net,Sorocaba,SP,2022-12-12,ACTIVE,False,2024-07-31 20:48:47
CUST00003179,Ana Cecília da Costa,1972-08-31,kamilly90@example.net,São Paulo,SP,2026-07-23,ACTIVE,True,2026-07-27 09:12:02
CUST00003616,Maria Isis Almeida,1967-05-14,ravy56@example.com,Montes Claros,MG,2026-02-08,ACTIVE,False,2026-07-17 17:58:54
CUST00001112,Bryan Dias,1972-03-27,davi-lucas65@example.net,Contagem,MG,2020-01-20,ACTIVE,True,2024-04-28 08:55:37
CUST00003235,João Felipe da Cruz,1976-04-29,pintojose-miguel@example.com,Ribeirão Preto,SP,2020-07-17,ACTIVE,True,2024-02-16 13:11:03
CUST00004658,Rhavi Leão,1979-03-30,clarice96@example.com,Contagem,MG,2020-09-19,ACTIVE,False,2024-07-11 15:35:05
CUST00004232,Sra. Ana Liz das Neves,2009-10-17,benicio59@example.net,Porto Alegre,RS,2019-03-19,ACTIVE,False,2019-08-26 10:38:28
CUST00000664,Bernardo da Cunha,1976-08-04,costamariah@example.com,Pelotas,RS,2021-05-14,ACTIVE,True,2022-05-02 16:17:02
CUST00001898,Sra. Kamilly Pires,1966-07-06,oliveirabento@example.net,Aparecida de Goiânia,GO,2025-05-25,active,True,2025-10-28 13:08:40
CUST00004426,Aurora Costa,1968-12-05,enzofarias@example.net,Chapecó,SC,2022-10-20,ACTIVE,False,2025-04-08 03:36:39
CUST00003066,Maria Sophia Câmara,2002-09-05,gcamara@example.net,São José dos Campos,SP,2025-01-03,ACTIVE,True,2026-06-11 10:07:35
CUST00002011,Sra. Emanuelly Aparecida,1963-09-08,nunesjoao-vitor@example.com,Cascavel,PR,2025-06-26,ACTIVE,False,2025-11-26 18:49:31
CUST00003766,Srta. Heloisa Silveira,1967-03-17,joao-miguel02@example.org,Montes Claros,MG,2020-11-12,active,True,2023-06-17 17:57:37
CUST00001862,Bianca Machado,2006-11-26,beniciogoncalves@example.org,Nova Iguaçu,RJ,2020-11-06,ACTIVE,True,2021-03-11 23:11:27
CUST00001647,José Cavalcanti,1980-10-22,alanagoncalves@example.org,Salvador,BA,2020-10-03,ACTIVE,True,2021-12-22 09:57:13
CUST00004246,Sr. Rael Cunha,1979-10-14,nicolecamargo@example.com,São José dos Campos,SP,2026-06-17,ACTIVE,False,2026-06-30 18:29:04
CUST00002303,Arthur Pinto,2000-02-08,albuquerqueyan@example.org,Maringá,paraná,2025-07-01,ACTIVE,True,2026-01-24 10:39:39
CUST00001369,Liz Vargas,1998-12-31,tcaldeira@example.net,Uberaba,MG,2021-02-18,INACTIVE,True,2025-04-30 14:37:37
CUST00003748,Caleb Lima,2010-03-31,ubrito@example.com,Duque de Caxias,RJ,2022-02-01,INACTIVE,False,2024-05-16 20:21:38
CUST00004527,Arthur Gabriel Mendonça,2001-06-30,msampaio@example.org,Santos,SP,2019-05-04,ACTIVE,False,2019-12-23 22:21:27
CUST00001232,Mariah Aragão,1975-01-08,alice32@example.net,São José dos Campos,SP,2018-11-09,ACTIVE,True,2024-03-30 09:02:45
CUST00001408,Luigi Alves,2000-09-28,maria-lizmendonca@example.net,São José dos Campos,SP,2019-05-13,ACTIVE,True,2019-09-11 08:40:10
CUST00001295,Clara Araújo,1985-08-28,natalianovais@example.org,Salvador,BA,2026-04-21,ACTIVE,True,2026-05-30 19:40:10
CUST00000513,Dr. Carlos Eduardo Fernandes,1970-08-22,ayla22@example.net,Sorocaba,SP,2020-08-07,ACTIVE,True,2026-04-15 05:21:20
CUST00001405,Hadassa Cirino,1977-07-19,dantesouza@example.org,Montes Claros,minas gerais,2021-10-15,INACTIVE,True,2025-03-31 01:23:35
CUST00001751,Pedro Lucas Lima,2005-06-02,kbarbosa@example.org,Jaboatão dos Guararapes,PE,2022-01-04,ACTIVE,True,2024-07-24 17:41:19
CUST00001297,Sr. Renan Sales,1990-10-18,speixoto@example.com,Santa Maria,RS,2025-09-18,ACTIVE,True,2026-05-10 11:44:12
CUST00003519,Yago Freitas,2009-06-17,da-pazvitor-gabriel@example.net,Sorocaba,SP,2024-07-08,INACTIVE,False,2024-07-31 17:53:17
CUST00001990,Pedro Lucas Mendes,2002-07-13,da-rochaisabella@example.net,Caxias do Sul,RS,2022-07-22,ACTIVE,True,2023-03-06 18:06:05
CUST00003887,Isabella Costa,1977-07-10,,Camaçari,BA,2020-05-21,BLOCKED,False,2024-10-10 17:11:31
CUST00004596,Théo Nunes,2006-03-01,kcassiano@example.com,Contagem,MG,2025-08-06,ACTIVE,False,2026-03-11 08:34:35
CUST00000569,Enzo Gabriel Ribeiro,1997-10-27,ana-beatrizbrito@example.com,Cascavel,PR,2025-01-10,ACTIVE,True,2025-02-01 04:36:27
CUST00001582,Beatriz Montenegro,1970-10-26,beniciopastor@example.com,Juiz de Fora,MG,2019-04-08,ACTIVE,True,2025-04-21 03:35:28
CUST00003398,Samuel Rodrigues,1978-01-11,arthurfogaca@example.com,Rio de Janeiro,RJ,2025-07-21,ACTIVE,True,2026-02-19 05:15:39
CUST00001206,Mariah Viana,1966-07-17,joao-guilhermelima@example.com,Canoas,RS,2020-05-24,ACTIVE,False,2023-12-28 23:13:37
CUST00001840,Mariana Camargo,1981-08-05,maria-fernandadias@example.net,Belo Horizonte,MG,2019-02-17,ACTIVE,False,2020-05-28 04:15:33
CUST00001812,Enzo Barbosa,1985-09-26,oliviamoura@example.com,Petrópolis,RJ,2023-03-10,ACTIVE,True,2026-03-22 06:35:12
CUST00001361,Marcos Vinicius Vargas,1969-06-07,theofreitas@example.org,Joinville,SC,2022-07-28,ACTIVE,True,2023-09-05 07:54:09
CUST00000471,Sophia Fonseca,1985-07-21,monteirolucas-gabriel@example.com,Canoas,Rio Grande do Sul,2023-09-14,ACTIVE,False,2026-02-28 18:04:15
CUST00004737,Sr. João Caldeira,1995-06-09,nataliaalbuquerque@example.com,Aparecida de Goiânia,GO,2024-06-13,active,True,2026-01-31 23:49:43
CUST00001037,Enrico Siqueira,1998-01-16,asiqueira@example.org,Niterói,RJ,2026-02-18,ACTIVE,False,2026-03-16 01:43:46
CUST00003665,Sra. Maria Sophia Cassiano,1965-03-30,jose-miguelda-conceicao@example.com,Sorocaba,SP,2022-10-13,ACTIVE,False,2025-11-15 04:10:20
CUST00004360,Calebe Gomes,1982-01-21,sribeiro@example.com,Sorocaba,SP,2019-06-09,ACTIVE,True,2020-04-28 07:26:05
CUST00002134,Maria Liz Pires,1962-04-16,qsouza@example.net,Campinas,SP,2024-09-23,ACTIVE,True,2025-01-17 20:20:57
CUST00004381,Catarina Gomes,1980-02-15,heloisamacedo@example.net,Cascavel,PR,2021-06-19,INACTIVE,True,2026-03-24 07:09:21
CUST00000058,Hellena Costa,1973-03-07,tferreira@example.org,Duque de Caxias,RJ,2024-11-14,INACTIVE,no,2026-01-13 13:04:24
CUST00001266,Pedro Miguel Albuquerque,1989-08-28,asafeteixeira@example.com,Volta Redonda,RJ,2020-10-16,BLOCKED,True,2021-02-03 21:05:12
CUST00004576,Lucca da Cunha,1944-12-07,noliveira@example.net,São José dos Campos,SP,2018-04-27,ACTIVE,True,2018-06-19 22:45:03
CUST00000132,Lorenzo Camargo,1949-10-02,amoraes@example.net,Montes Claros,MG,2022-01-09,ACTIVE,True,2025-11-21 18:11:05
CUST00004026,Alícia Moraes,2000-12-18,mathias76@example.net,Chapecó,SC,2025-05-27,BLOCKED,True,2026-07-22 19:45:21
CUST00003747,Brayan Freitas,1988-08-17,anthonyazevedo@example.com,Volta Redonda,RJ,2020-07-29,ACTIVE,True,2021-04-09 11:31:56
CUST00001674,Gustavo Sales,2002-10-06,barbosamaya@example.org,Cariacica,ES,2025-05-24,ACTIVE,True,2025-06-01 07:03:00
CUST00001957,Lucca Porto,2003-03-21,lavinia60@example.org,Campinas,SP,2019-02-23,ACTIVE,False,2023-08-15 21:10:00
CUST00001442,Diogo Costela,1996-12-16,matteosousa@example.net,São José dos Campos,SP,2023-08-26,ACTIVE,no,2024-01-13 23:41:05
CUST00000160,Cecilia Pires,1999-01-26,piresbruno@example.com,São José dos Campos,SP,2019-04-13,ACTIVE,True,2022-04-07 19:53:36
CUST00000926,Sr. Rodrigo Sales,2000-02-19,casa-grandesara@example.com,Uberaba,MG,2022-07-08,ACTIVE,True,2026-03-23 15:04:04
CUST00002634,Vitor Gabriel Viana,1995-02-06,hadassa93@example.org,Santos,São Paulo,2021-04-13,ACTIVE,False,2023-08-31 12:00:12
CUST00003701,Vitor Gabriel Pastor,1973-11-07,emanuel45@example.com,Contagem,MG,2019-01-20,INACTIVE,True,2021-09-28 17:15:25
CUST00003030,Asafe Vasconcelos,1971-01-16,milenaborges@example.com,Salvador,BA,2024-12-22,ACTIVE,False,2025-06-28 10:06:30
CUST00002035,Sra. Olivia Aparecida,1977-05-21,tsales@example.com,Caxias do Sul,RS,2020-03-07,ACTIVE,False,2021-01-21 07:53:17
CUST00000456,Josué da Mota,1982-01-31,da-cruzalice@example.net,Uberaba,MG,2025-08-10,ACTIVE,True,2026-04-04 10:16:24
CUST00000805,João Miguel Peixoto,1943-04-16,moreirajoao-gabriel@example.com,Campinas,São Paulo,2023-08-13,ACTIVE,True,2026-01-14 19:54:54
CUST00001009,Ana Cecília Fonseca,1991-12-24,luiz-fernando81@example.net,Uberlândia,MG,2020-03-26,ACTIVE,False,2021-12-25 16:26:32
CUST00003269,Cecilia Dias,1998-06-29,lvargas@example.org,Juiz de Fora,MG,2018-03-01,ACTIVE,True,2024-11-21 05:58:38
CUST00001129,Josué Moreira,1974-08-11,julianavieira@example.com,Montes Claros,MG,2022-05-12,ACTIVE,False,2022-11-23 22:13:40
CUST00002467,Srta. Alana Viana,1979-10-10,theodoroleao@example.org,Santos,SP,2024-11-08,ACTIVE,False,2025-07-10 23:58:25
CUST00002434,Clarice Lima,1972-03-09,otto01@example.org,Curitiba,paraná,2018-09-02,ACTIVE,True,2020-01-24 13:46:38
CUST00004207,Sra. Zoe Andrade,1983-11-05,benicio45@example.org,Ribeirão Preto,SP,2021-01-17,ACTIVE,False,2024-04-13 06:45:12
CUST00001107,Noah da Mata,1997-09-23,lorenzo49@example.org,São Paulo,SP,2022-03-25,BLOCKED,True,2023-04-12 17:05:16
CUST00000564,Luan da Mota,1985-01-10,ana-cecilia32@example.net,Porto Alegre,RS,2018-11-21,ACTIVE,True,2024-06-10 20:11:09
CUST00001589,Sr. Juan Castro,2002-02-18,da-motaemanuella@example.com,Ribeirão Preto,SP,2025-07-18,ACTIVE,True,2026-04-22 22:56:19
CUST00004507,Ryan Guerra,1981-07-27,ana-ceciliacamargo@example.com,Campinas,São Paulo,2025-06-18,ACTIVE,True,2026-03-16 20:35:57
CUST00001958,Sra. Anna Liz Lopes,1990-07-14,vieiramatheus@example.net,Uberaba,MG,2020-03-24,ACTIVE,True,2021-11-29 03:12:57
CUST00000490,Dante Borges,1987-04-07,ana-juliasantos@example.net,Ribeirão Preto,SP,2022-03-16,ACTIVE,True,2022-07-30 05:49:00
CUST00000685,Srta. Heloísa Leão,1990-01-26,ian77@example.com,Juiz de Fora,MG,2023-05-15,ACTIVE,True,2025-12-08 23:09:54
CUST00001163,Enrico Gomes,1993-10-03,pda-paz@example.net,São Paulo,SP,2024-02-05,ACTIVE,True,2024-03-08 22:41:16
CUST00003241,Lorenzo Machado,1971-03-20,ana-lizpimenta@example.net,Montes Claros,MG,2019-08-18,ACTIVE,True,2021-01-28 05:23:13
CUST00000821,Dr. Gabriel Duarte,2026-09-27,benicio42@example.com,Belo Horizonte,MG,2019-12-26,ACTIVE,False,2025-12-27 15:35:25
CUST00001801,Srta. Maria Helena Teixeira,1978-06-27,barbosapietro@example.net,Contagem,MG,2018-04-10,ACTIVE,True,2024-03-16 07:24:11
CUST00004212,Ana Azevedo,1997-04-26,vcarvalho@example.net,Caxias do Sul,RS,2019-04-15,INACTIVE,True,2026-02-01 13:40:38
CUST00000404,Ísis Andrade,1987-09-19,stella91@example.org,Santa Maria,RS,2018-09-10,ACTIVE,True,2019-06-03 06:48:01
CUST00003904,Zoe da Conceição,1952-08-17,da-rosamaria-isis@example.org,Santos,São Paulo,2022-12-21,ACTIVE,True,2024-12-06 19:58:18
CUST00001994,Lucas Ramos,1987-08-16,marquesmariane@example.org,Petrópolis,RJ,2023-09-16,ACTIVE,False,2024-05-28 03:30:52
CUST00001311,Lara Cardoso,1978-03-04,ucostela@example.org,Campinas,SP,2026-03-02,INACTIVE,False,2026-03-14 11:59:07
CUST00003846,Kevin Freitas,1997-04-09,zcavalcante@example.net,São Paulo,SP,2026-06-10,ACTIVE,False,2026-07-08 11:05:42
CUST00000329,Henry Carvalho,1993-02-27,dcassiano@example.net,Juazeiro do Norte,CE,2019-01-26,ACTIVE,False,2019-07-29 04:40:33
CUST00002804,Maria Machado,1978-08-11,bsantos@example.net,Campinas,SP,2024-10-13,BLOCKED,True,2025-11-07 19:09:49
CUST00000095,Leonardo Oliveira,1996-08-11,tgoncalves@example.org,Campinas,SP,2025-07-24,INACTIVE,True,2026-05-17 00:05:00
CUST00004100,Léo Teixeira,2003-11-30,nunespedro@example.com,Santos,SP,2021-03-26,ACTIVE,True,2024-01-22 20:14:17
CUST00002668,,1989-09-09,alice03@example.com,Niterói,RJ,2024-09-03,ACTIVE,True,2025-06-18 11:27:56
CUST00004311,Dr. Marcelo Moreira,2004-11-13,milena35@example.net,São Paulo,SP,2020-10-12,ACTIVE,True,2021-03-24 21:55:36
CUST00004478,Luiz Henrique Vasconcelos,1996-01-06,hdas-neves@example.net,Caxias do Sul,RS,2026-07-01,ACTIVE,True,2026-07-26 17:01:39
CUST00000520,Srta. Marcela da Cunha,1999-05-21,silveiraalexandre@example.org,Niterói,RJ,2019-07-06,ACTIVE,True,2020-10-04 07:03:20
CUST00000438,Juliana Pires,1985-02-08,cgarcia@example.org,Contagem,MG,2022-04-20,ACTIVE,True,2022-06-02 17:39:57
CUST00003965,Bruno Correia,1984-09-24,ravida-mata@example.com,Sorocaba,SP,2020-11-10,ACTIVE,yes,2021-06-10 04:18:57
CUST00004102,Renan Ferreira,1962-10-18,nogueiracalebe@example.org,Belo Horizonte,minas gerais,2023-09-11,ACTIVE,True,2025-08-04 19:49:23
CUST00001370,Eloá da Cunha,1991-12-25,peixotoaylla@example.net,Uberaba,MG,2024-07-02,ACTIVE,False,2025-03-09 17:25:46
CUST00000709,Léo Barros,1992-07-24,silveirahadassa@example.com,Cascavel,PR,2022-02-23,INACTIVE,True,2024-02-26 20:02:29
CUST00002147,Bárbara Farias,1981-04-19,britoisis@example.net,Campinas,SP,2018-06-29,INACTIVE,True,2019-04-18 06:38:34
CUST00002366,Oliver Azevedo,1981-12-11,santosjoao-vitor@example.net,Nova Iguaçu,RJ,2020-09-20,INACTIVE,False,2023-01-24 20:14:22
CUST00000867,Emanuelly Castro,1993-09-29,luiz-gustavo79@example.com,Santos,SP,2025-12-19,ACTIVE,True,2026-04-19 15:53:03
CUST00000036,Isaac Cavalcante,1999-07-01,emendonca@example.org,Uberaba,MG,2025-11-21,active,False,2026-06-14 10:05:04
CUST00002277,Rafael da Mota,1981-10-19,mariada-paz@example.org,Salvador,BA,2024-02-21,BLOCKED,True,2026-04-20 23:00:41
CUST00003341,Ana Clara Leão,1981-11-21,qguerra@example.net,Ribeirão Preto,SP,2020-04-21,INACTIVE,True,2022-12-13 09:29:35
CUST00002616,Sofia Casa Grande,1993-08-21,da-costamarcela@example.com,Ponta Grossa,PR,2020-03-21,ACTIVE,False,2024-01-10 01:12:37
CUST00002736,Gabriel Azevedo,1980-02-17,murilopereira@example.org,Contagem,MG,2025-08-28,ACTIVE,True,2025-11-15 23:25:56
CUST00000912,Diogo Ribeiro,1988-03-07,marcelanascimento@example.com,Ribeirão Preto,SP,2022-09-24,ACTIVE,True,2024-06-27 05:01:12
CUST00001244,Dr. José Miguel Borges,2009-11-28,britovitoria@example.org,Londrina,PR,2023-03-22,ACTIVE,True,2025-08-10 11:28:43
CUST00003826,Asafe da Conceição,1965-09-28,nuneslunna@example.net,São Paulo,SP,2018-12-20,ACTIVE,True,2020-09-13 15:20:33
CUST00002368,Dr. Vitor Gabriel Pereira,1972-10-05,ana-liz78@example.com,Campinas,SP,2018-07-15,ACTIVE,True,2023-09-08 00:47:06
CUST00004799,Daniel Rios,1966-10-28,barrosbeatriz,Volta Redonda,RJ,2026-02-15,ACTIVE,True,2026-05-01 11:54:21
CUST00001312,Ana Luiza Cavalcante,2006-06-20,psa@example.net,São José dos Campos,SP,2018-10-26,ACTIVE,True,2025-12-19 21:35:46
CUST00002906,Mirella Montenegro,1992-04-15,stephany69@example.net,Cascavel,PR,2019-11-18,ACTIVE,True,2022-02-13 21:32:33
CUST00004768,Sr. Miguel Andrade,1969-04-20,bda-paz@example.org,São Paulo,SP,2021-03-04,ACTIVE,True,2022-07-06 13:39:30
CUST00003108,Sra. Hadassa Pastor,1979-01-18,manuella87@example.com,Contagem,MG,2018-06-20,ACTIVE,no,2023-01-11 06:09:08
CUST00004364,Ryan Fernandes,2001-05-16,caleb24@example.org,Montes Claros,MG,2024-04-11,active,True,2026-06-13 09:52:49
CUST00004309,Luísa da Mata,1973-09-16,sacaleb@example.com,São José dos Campos,SP,2021-09-16,ACTIVE,True,2023-01-10 01:23:43
CUST00002694,Maria Isis Nogueira,1974-04-04,luizamontenegro@example.com,Campinas,SP,2018-03-15,ACTIVE,True,2019-04-08 09:13:45
CUST00002654,Benicio Siqueira,1999-10-31,pedro-lucas44@example.org,Santa Maria,RS,2018-02-02,ACTIVE,False,2019-09-06 13:11:11
CUST00000288,Mariah da Cruz,1967-05-04,beatrizoliveira@example.net,Campinas,SP,2024-05-10,INACTIVE,True,2025-10-07 07:47:05
CUST00003994,Luiz Otávio Fonseca,2009-09-25,joao-vitor27@example.net,Vitória da Conquista,BA,2020-11-23,INACTIVE,True,2023-04-03 02:49:30
CUST00000410,Gabrielly Moreira,1995-07-25,eferreira@example.org,Petrópolis,RJ,2023-10-30,ACTIVE,no,2026-06-23 21:16:59
CUST00003582,Antony Silva,1996-11-08,domaragao@example.net,Uberaba,MG,2018-05-18,ACTIVE,True,2021-12-01 08:23:58
CUST00000246,Luiz Gustavo da Costa,1989-12-06,qcirino@example.net,Belo Horizonte,MG,2020-01-27,BLOCKED,True,2020-02-17 05:17:27
CUST00003361,Nicolas Costela,1971-06-20,luiz-gustavofreitas@example.org,Ribeirão Preto,SP,2025-03-16,ACTIVE,False,2026-04-20 19:05:40
CUST00000555,Arthur da Costa,1994-03-03,mariana97@example.org,Caruaru,PE,2022-02-07,ACTIVE,True,2025-04-08 17:25:05
CUST00001876,Ravy Martins,1963-08-22,biancasouza@example.net,Duque de Caxias,RJ,2022-05-06,ACTIVE,True,2022-07-01 12:19:31
CUST00003588,Matteo da Paz,2005-09-22,sarasilva@example.com,Belo Horizonte,MG,2023-08-16,ACTIVE,False,2026-02-02 05:58:28
CUST00002209,Srta. Maria Isis Nunes,1988-04-30,yagosouza@example.net,Uberaba,MG,2020-04-08,ACTIVE,True,2026-06-10 09:49:15
CUST00001304,Henry da Luz,2002-10-11,camilanovaes@example.org,Camaçari,BA,2018-06-24,INACTIVE,True,2022-06-16 17:40:57
CUST00001706,Dr. Daniel Albuquerque,1971-06-14,jrodrigues@example.com,Uberlândia,MG,2025-02-06,ACTIVE,True,2026-02-15 19:26:31
CUST00001045,Dante Teixeira,2009-05-03,marina19@example.net,Belo Horizonte,MG,2026-07-06,INACTIVE,True,2026-07-13 10:01:24
CUST00000789,Larissa Duarte,2001-11-23,uramos@example.org,Ribeirão Preto,São Paulo,2021-05-29,ACTIVE,False,2021-08-20 09:20:10
CUST00004457,Anna Liz Sá,1997-07-15,cunhanicole@example.org,Niterói,RJ,2022-11-03,INACTIVE,False,2025-03-29 19:14:39
CUST00002774,Luigi Ribeiro,2009-12-07,mda-cruz@example.net,Ribeirão Preto,SP,2019-12-09,ACTIVE,False,2025-02-09 00:24:55
CUST00003964,Sr. Danilo Guerra,1978-02-02,yagosiqueira@example.net,Montes Claros,MG,2018-10-27,INACTIVE,True,2023-04-06 06:20:52
CUST00000183,Bianca Mendonça,1963-10-16,fbarbosa@example.com,Belo Horizonte,MG,2018-11-21,ACTIVE,True,2023-07-23 01:48:36
CUST00004357,Pedro Lucas Barros,1961-01-26,alvespedro@example.net,Ribeirão Preto,SP,2025-01-05,ACTIVE,True,2026-02-09 12:51:59
CUST00002257,Kevin Novaes,2005-03-08,rafael37@example.net,Nova Iguaçu,RJ,2018-02-23,ACTIVE,True,2026-03-02 12:03:42
CUST00004572,Amanda Novaes,1995-09-26,yfonseca@example.com,Rio de Janeiro,RJ,2020-05-02,ACTIVE,False,2025-07-20 16:58:19
CUST00002884,Maria Alice Macedo,1963-10-18,da-matamaite@example.org,Nova Iguaçu,RJ,2023-06-18,ACTIVE,True,2025-10-27 12:47:53
CUST00001055,Davi Lucca Almeida,1982-09-15,tferreira@example.net,Duque de Caxias,RJ,2024-07-28,active,True,2024-10-20 21:00:58
CUST00002738,Caleb Moreira,1982-05-02,kamillyda-luz@example.com,Nova Iguaçu,RJ,2024-11-26,ACTIVE,False,2025-03-30 01:44:12
CUST00001417,Dr. Igor Pereira,2006-10-04,vguerra@example.net,Campinas,SP,2021-02-20,ACTIVE,True,2025-07-31 18:50:17
CUST0008,Vicente Cavalcanti,1977-04-25,isabellynunes@example.com,Londrina,PR,2022-06-26,ACTIVE,True,2023-07-07 05:11:49
CUST00004013,João Pedro Melo,1967-10-24,smarques@example.net,Campinas,SP,2021-02-07,ACTIVE,no,2026-05-25 04:10:45
CUST00004696,Maya Barbosa,1960-03-08,bryan42@example.org,Curitiba,PR,2022-05-10,ACTIVE,False,2023-02-11 22:45:32
CUST00002289,Igor Cassiano,1970-10-01,melissadias@example.com,Feira de Santana,BA,2024-07-12,ACTIVE,True,2026-07-15 07:31:50
CUST00003893,Mariana Novaes,1943-07-09,lauramendonca@example.com,Petrópolis,Rio de Janeiro,2023-02-25,ACTIVE,True,2025-05-27 17:09:46
CUST00000869,Ana Luiza da Rocha,1966-10-17,hcarvalho@example.net,Contagem,MG,2019-11-07,active,False,2024-07-29 10:06:33
CUST00002176,Isadora Pinto,1996-03-24,lavinia94@example.org,Volta Redonda,Rio de Janeiro,2022-04-30,INACTIVE,True,2025-04-22 12:19:05
CUST00003972,Bárbara Guerra,1964-12-26,souzadiogo@example.net,Nova Iguaçu,RJ,2026-07-22,ACTIVE,True,2026-07-26 08:39:24
CUST00002284,Srta. Ayla Sá,2004-11-08,eduarda51@example.com,Uberlândia,MG,2025-10-19,INACTIVE,True,2025-11-04 02:08:40
CUST00003843,Sra. Ana Sophia Pires,1991-10-10,fleao@example.com,Ribeirão Preto,SP,2022-06-14,ACTIVE,True,2025-09-15 17:37:33
CUST00000506,Maria Cavalcanti,1975-04-03,renanpastor@example.com,Santos,SP,2019-07-05,ACTIVE,True,2023-06-12 00:28:34
CUST00003719,Lucas Gabriel Nascimento,2005-06-07,camila80@example.com,Juiz de Fora,MG,2025-08-03,ACTIVE,yes,2025-08-17 10:02:29
CUST00000035,Pedro Miguel Novaes,1958-09-05,aragaovalentina@example.org,Uberaba,MG,2020-12-22,ACTIVE,True,2023-01-19 23:09:58
CUST00001814,Sra. Bárbara Fernandes,1975-06-28,henrique01@example.net,Volta Redonda,RJ,2022-07-13,INACTIVE,True,2026-07-17 08:13:35
CUST00002477,Ana Carolina da Conceição,2005-09-17,isabela40@example.net,Itajaí,SC,2025-02-21,ACTIVE,True,2025-09-09 15:33:08
CUST00003547,Davi Cardoso,1964-10-07,vitor-hugo12@example.net,Uberlândia,MG,2019-12-13,BLOCKED,True,2022-04-23 16:21:49
CUST00003207,Zoe Araújo,2010-02-16,tdas-neves@example.org,Rio de Janeiro,Rio de Janeiro,2025-07-20,INACTIVE,True,2026-07-05 18:53:59
CUST00003401,Dra. Maria Luiza Marques,1970-04-16,henrypimenta@example.org,Nova Iguaçu,RJ,2025-10-25,ACTIVE,True,2025-11-19 02:48:22
CUST00000414,Isabel Guerra,2006-02-07,marceloporto@example.net,Rio de Janeiro,RJ,2026-05-13,ACTIVE,True,2026-05-14 23:08:45
CUST00003884,Carlos Eduardo da Conceição,1940-04-06,yan76@example.net,Vitória da Conquista,BA,2018-10-26,INACTIVE,False,2025-01-02 22:50:10
CUST00002586,Benício Araújo,1963-01-14,calebe16@example.com,Curitiba,PR,2023-08-01,ACTIVE,True,2024-07-14 13:48:15
CUST00004276,Dra. Bruna Sales,1999-12-29,jsa@example.com,Santos,São Paulo,2018-09-29,INACTIVE,False,2025-12-01 12:35:54
CUST00000550,Pedro Miguel Cunha,1964-01-09,fsousa@example.net,Nova Iguaçu,RJ,2018-06-23,INACTIVE,True,2022-08-30 15:33:32
CUST00003589,Anthony Gabriel Oliveira,1971-10-13,rafael72@example.org,Santos,SP,2022-03-30,BLOCKED,True,2024-10-28 19:00:58
CUST00001842,Maria Sophia Rodrigues,1949-10-24,benjaminda-rocha@example.com,Volta Redonda,RJ,2022-01-03,ACTIVE,True,2024-08-22 09:55:51
CUST00000308,Raul Nascimento,1982-07-14,zoe54@example.net,Niterói,RJ,2022-12-31,ACTIVE,True,2025-07-02 08:13:26
CUST00002237,Caleb Silva,1969-03-11,abreuluana@example.net,Belo Horizonte,MG,2022-07-20,INACTIVE,False,2022-09-18 10:57:37
CUST00004107,Dr. Thiago Aragão,1975-03-07,bryanpinto@example.net,Juiz de Fora,MG,2026-01-26,INACTIVE,True,2026-02-20 17:49:46
10000002,Sr. Matteo Alves,1938-06-06,theo59@example.net,Cascavel,PR,2022-08-02,ACTIVE,False,2026-04-24 20:00:56
CUST00003117,Sra. Gabriela Camargo,1963-11-23,piresgiovanna@example.com,São José dos Campos,SP,2018-02-02,ACTIVE,False,2022-10-25 02:17:34
CUST00003015,Alana Rodrigues,1977-05-19,gabriel61@example.org,Juiz de Fora,MG,2022-10-11,ACTIVE,True,2025-04-26 18:44:31
CUST00004193,Theo Porto,1987-06-15,asafecarvalho@example.com,Uberaba,MG,2020-09-04,ACTIVE,False,2026-05-07 06:21:05
CUST00001091,Manuella Fogaça,1964-09-12,dferreira@example.net,São José dos Campos,SP,2022-12-29,ACTIVE,True,2023-07-06 14:24:43
CUST00002230,Lívia Fonseca,1986-07-01,tjesus@example.com,Rio de Janeiro,RJ,2023-06-05,ACTIVE,False,2023-10-17 13:33:56
CUST00004765,Sr. Benício Sampaio,1993-02-20,ferreiramariana@example.com,Belo Horizonte,MG,2023-06-19,INACTIVE,True,2024-01-15 11:33:36
CUST00001514,Dr. Vinícius Pereira,1984-05-18,renan43@example.net,Ribeirão Preto,SP,2024-08-11,ACTIVE,True,2024-08-18 11:00:11
CUST00000670,João Siqueira,1999-12-18,siqueiradom@example.org,Vitória da Conquista,BA,2025-11-28,INACTIVE,False,2026-05-07 17:32:38
CUST00001277,Lucas Gabriel Barros,1950-02-01,sousarael@example.net,Uberlândia,MG,2024-06-23,ACTIVE,False,2024-11-30 05:51:03
CUST00000193,Maria Eduarda Camargo,2001-02-21,rael68@example.net,Vitória da Conquista,BA,2021-01-24,ACTIVE,True,2024-10-21 05:08:23
CUST00002409,Anthony Duarte,2001-04-17,yagomoraes@example.org,Porto Alegre,RS,2022-03-13,ACTIVE,True,2025-03-02 10:14:04
CUST00001993,Maitê Casa Grande,1992-12-15,maria-sophiacostela@example.com,Santos,SP,2026-06-01,ACTIVE,False,2026-07-09 16:58:10
CUST00000654,Maria Luiza Lopes,1967-08-17,arthur-gabriel61@example.net,Campinas,SP,2018-08-14,ACTIVE,True,2024-04-16 06:52:01
CUST00003812,Isabel Dias,1983-03-09,uaparecida@example.org,Curitiba,PR,2021-07-29,Inactive,True,2024-09-14 14:50:44
CUST00002680,Enzo Gabriel Cirino,1983-09-08,ceciliaduarte@example.net,São Paulo,SP,2024-07-28,ACTIVE,True,2026-01-25 00:41:42
CUST00002066,Alexia Cardoso,1975-03-29,joao-lucassales@example.com,Campinas,São Paulo,2026-01-21,ACTIVE,True,2026-02-24 02:07:03
CUST00001635,João Guilherme Barros,1968-01-17,augustoporto@example.net,Florianópolis,SC,2021-04-04,ACTIVE,True,2022-10-06 02:22:57
CUST00001550,Paulo Moura,2008-09-03,luiz-miguel62@example.net,Canoas,RS,2019-02-14,ACTIVE,False,2022-10-24 20:29:12
CUST00004045,Maria Alice Abreu,1980-12-15,kevinaparecida@example.com,Contagem,MG,2024-05-13,ACTIVE,False,2025-11-28 00:18:25
10000001,Sra. Catarina Gomes,1992-04-10,alice34@example.com,São Paulo,SP,2020-04-04,ACTIVE,True,2021-08-04 17:30:29
CUST00003039,Alice Montenegro,1983-03-04,fonsecajade@example.net,Contagem,MG,2018-10-01,ACTIVE,True,2022-08-29 05:32:55
CUST00003792,Srta. Emilly Rodrigues,1985-04-05,vlopes@example.net,Juazeiro do Norte,CE,2020-09-23,ACTIVE,True,2024-07-18 11:37:25
CUST00002231,Luiz Felipe Silveira,1962-06-27,matheus74@example.com,Santa Maria,RS,2025-12-23,ACTIVE,True,2026-02-15 16:48:36
CUST00004352,Stephany Costa,1983-12-21,andradecarolina@example.com,Campinas,SP,2026-06-13,ACTIVE,True,2026-07-16 16:57:49
CUST00000279,Theodoro Ramos,2007-07-08,leandrocavalcante@example.net,Ribeirão Preto,SP,2023-02-11,ACTIVE,True,2025-09-25 17:30:27
CUST00003434,Leonardo Mendonça,2006-10-25,valentimda-costa@example.com,Niterói,Rio de Janeiro,2019-11-12,ACTIVE,True,2022-08-09 06:17:31
CUST00002658,Olívia Gomes,2001-03-23,castrodavi-luiz@example.com,Blumenau,SC,2024-07-17,ACTIVE,True,2024-12-06 13:25:48
CUST00002071,Luna Alves,1963-06-27,fariasbenjamin@example.com,Ribeirão Preto,SP,2021-06-15,ACTIVE,True,2025-05-23 13:49:42
,Gustavo Costa,1982-10-24,hsantos@example.net,Canoas,RS,2020-10-06,ACTIVE,False,2023-06-03 18:35:09
CUST00002904,Maria Cecília Sales,1998-03-20,eduarte@example.org,Rio de Janeiro,RJ,2024-02-09,ACTIVE,True,2026-02-26 18:09:51
CUST00002794,Agatha Camargo,1983-09-15,novaisdante@example.org,Volta Redonda,RJ,2024-04-01,INACTIVE,False,2026-04-21 19:31:21
CUST00001654,Dr. Diogo Vasconcelos,2001-05-05,joaquim05@example.net,Juiz de Fora,MG,2019-08-13,ACTIVE,True,2021-07-18 05:16:25
CUST00002953,Caleb Carvalho,2003-01-10,ybarbosa@example.net,Canoas,RS,2023-11-25,ACTIVE,True,2024-10-21 21:40:58
CUST00001696,Ravy Camargo,1989-04-13,almeidaamanda@example.org,Ribeirão Preto,SP,2021-02-11,active,True,2024-10-17 20:06:03
CUST00002562,Levi da Luz,2006-08-08,asafecosta@example.com,São José dos Campos,SP,2023-07-07,ACTIVE,False,2025-01-15 02:54:53
CUST00003192,Giovanna Castro,1978-03-31,kamilly34@example.org,Volta Redonda,RJ,2018-05-09,INACTIVE,True,2019-12-09 08:43:52
CUST00003259,Manuella Silveira,1939-05-20,rteixeira@example.com,São Paulo,SP,2019-05-13,ACTIVE,True,2024-06-13 15:34:12
CUST00002872,Maria Clara Mendonça,1985-06-14,ifernandes@example.org,São José dos Campos,SP,2024-01-28,ACTIVE,True,2025-12-18 22:22:39
CUST00004272,Daniel Vasconcelos,1969-05-06,pintovinicius,Campinas,SP,2021-06-01,ACTIVE,True,2022-02-27 01:22:34
CUST00000568,Dra. Hellena Rodrigues,2002-07-02,wrios@example.net,Belo Horizonte,MG,2019-03-02,ACTIVE,True,2022-06-25 05:02:24
CUST00001623,Maria Sophia Ramos,2004-07-15,xabreu@example.org,Salvador,BA,2021-06-30,INACTIVE,True,
CUST00002145,Sr. Brayan Pimenta,1997-12-06,mourajulia@example.net,Vitória,ES,2024-07-30,INACTIVE,False,2025-05-03 20:53:22
CUST00004654,Dr. Leandro Câmara,1971-01-11,castrocalebe@example.org,Cariacica,ES,2019-11-09,INACTIVE,True,2020-06-16 16:39:14
CUST00001483,Sr. Vinícius Rodrigues,1988-02-22,pereiramanuela@example.org,Serra,ES,2020-01-02,INACTIVE,False,2024-09-06 00:13:06
CUST00001912,Sra. Emanuelly da Mota,1980-03-27,ana-vitoriajesus@example.org,Niterói,Rio de Janeiro,2020-08-05,ACTIVE,True,2024-02-07 03:46:51
CUST00004591,Ana Clara Pastor,1994-12-31,luna31@example.net,Campinas,SP,2019-03-10,ACTIVE,True,2019-04-18 01:47:52
CUST00000207,Maria Vitória da Rocha,1938-01-10,guerraasafe@example.com,Contagem,MG,2022-08-05,INACTIVE,True,2025-04-28 20:07:06
CUST00002048,Pedro da Mota,1987-01-26,vmachado@example.org,Uberlândia,MG,2023-10-08,ACTIVE,False,2025-06-23 18:51:52
CUST00001902,Ana Liz Dias,1972-11-11,nogueiraagatha@example.org,Sorocaba,SP,2021-11-25,ACTIVE,True,2024-03-30 07:23:11
CUST00004203,Helena Lopes,1991-03-13,hda-rosa@example.com,Santa Maria,RS,2025-04-20,active,False,2026-02-04 02:56:54
CUST00004295,Evelyn Almeida,1974-01-06,nascimentoian@example.com,Curitiba,PR,2021-02-09,ACTIVE,False,2025-04-25 07:50:39
CUST00004673,Felipe Ramos,1996-11-14,josueguerra@example.net,Maringá,PR,2022-03-24,ACTIVE,True,2023-07-05 07:14:02
CUST00002379,Thales Marques,1968-12-14,nina96@example.org,Campinas,SP,2020-03-09,ACTIVE,True,2023-08-24 04:36:48
CUST00004501,Paulo da Mota,1964-07-02,raquelteixeira@example.net,Nova Iguaçu,RJ,2024-03-27,ACTIVE,True,2024-08-13 03:13:12
CUST00000383,Júlia Viana,1985-07-24,omendonca@example.com,Uberlândia,MG,2019-12-23,ACTIVE,True,2023-01-10 16:48:32
CUST00000122,Gael Henrique Lima,1988-08-18,nogueirarael@example.net,Volta Redonda,RJ,2025-04-01,ACTIVE,False,2026-06-25 04:02:19
CUST00001886,Henrique Borges,1993-03-04,joao-pedrocavalcante@example.com,Rio de Janeiro,RJ,2022-07-12,ACTIVE,True,2022-12-03 10:04:43
CUST00004225,Ester Nogueira,1976-02-01,leaomaria-alice@example.org,Campinas,SP,2020-06-13,ACTIVE,True,2020-07-21 07:37:04
CUST00003266,Ana Clara Gonçalves,1994-11-24,qda-mota@example.com,Contagem,MG,2025-10-07,ACTIVE,True,2026-07-08 10:06:18
CUST00004647,Liz Sampaio,1994-06-22,vieiraana-luiza@example.org,Sorocaba,SP,2026-06-13,ACTIVE,False,2026-06-16 03:34:26
CUST00000825,Olivia Almeida,1966-02-11,otto83@example.org,Santa Maria,RS,2018-04-21,ACTIVE,True,2019-02-17 10:56:45
CUST00004533,Igor Ferreira,1971-09-22,samathias@example.net,Niterói,RJ,2026-05-30,active,True,2026-06-13 06:37:00
CUST00002154,Arthur Nunes,1982-07-23,davi-miguel23@example.net,Nova Iguaçu,RJ,2020-10-16,ACTIVE,True,2026-01-19 18:03:55
CUST00002273,Vinicius Montenegro,1988-08-03,theo66@example.net,Ribeirão Preto,SP,2019-05-25,ACTIVE,False,2025-03-26 13:21:17
CUST00000238,Anna Liz Freitas,1973-03-30,benjamindias@example.org,Campinas,SP,2018-08-04,ACTIVE,True,2019-06-12 09:10:17
CUST00003700,Ana Beatriz Sales,1973-09-20,felipe73@example.net,Caxias do Sul,RS,2018-08-21,BLOCKED,True,2025-06-30 07:19:47
CUST00000793,Jade Aragão,1969-01-30,pedro-miguel91@example.org,Niterói,RJ,2021-08-02,ACTIVE,True,2022-12-22 09:11:27
CUST00004129,Alexandre Vasconcelos,2003-01-07,maria-aliceramos@example.com,Contagem,MG,2021-05-23,ACTIVE,True,2024-09-23 20:14:10
CUST00003128,Luiz Henrique Carvalho,2009-09-28,ucamara@example.org,Juiz de Fora,MG,2023-05-13,ACTIVE,yes,2024-10-13 17:51:27
CUST00001462,Helena Pastor,1991-03-19,agatha29@example.com,Santos,SP,2026-04-28,ACTIVE,True,2026-06-15 17:53:17
CUST00000119,Emanuel da Costa,1994-12-30,domcastro@example.org,Salvador,BA,2020-08-29,ACTIVE,True,2023-03-04 06:00:03
CUST00002063,Mateus Leão,1990-01-12,wbrito@example.com,Niterói,RJ,2020-01-11,INACTIVE,True,2022-03-29 20:24:25
CUST00001693,Enzo Cirino,1963-08-13,maria-alice20,Uberlândia,MG,2026-04-11,ACTIVE,True,2026-05-08 01:48:01
CUST00004585,Maria Isis Novais,1951-08-16,igor87@example.com,Juiz de Fora,MG,2019-08-15,active,True,2021-10-24 01:00:52
CUST00001748,Aylla Costela,1974-04-16,carvalhoanthony@example.com,São José dos Campos,SP,2026-06-13,ACTIVE,True,2026-06-23 11:11:39
CUST00001715,Guilherme da Cunha,1978-11-29,laranovaes@example.org,Belo Horizonte,MG,2019-07-28,ACTIVE,True,2020-05-08 09:32:01
CUST00002483,Lucas Ramos,1983-04-01,maria-luizaalmeida@example.org,Salvador,BA,2021-12-15,ACTIVE,True,2023-08-16 21:08:01
CUST00004097,Antonella Sampaio,1980-04-19,giovannaalbuquerque@example.com,Santos,SP,2024-08-20,ACTIVE,True,2024-11-24 06:17:16
CUST00001953,Srta. Yasmin Sousa,1976-11-24,lda-cruz@example.org,Uberaba,MG,2023-09-01,INACTIVE,True,2024-02-17 06:30:59
,Ágatha Moreira,2009-06-28,joao-vitor85@example.net,Itajaí,SC,2025-02-28,ACTIVE,False,2026-04-12 05:44:18
CUST00001901,Srta. Caroline Barros,1987-08-08,dcampos@example.com,Juiz de Fora,MG,2019-07-31,ACTIVE,True,2023-08-09 06:52:54
CUST00000657,Ana Melo,2005-09-03,sophiecamara@example.org,Sorocaba,São Paulo,2018-10-05,ACTIVE,False,2021-04-01 19:11:23
CUST00000176,Gustavo Azevedo,1988-04-30,pedroda-conceicao@example.com,Caruaru,PE,2026-06-09,ACTIVE,True,2026-07-02 05:18:10
CUST00001593,Luara Freitas,2000-11-16,rodriguesjulia@example.net,São José dos Campos,SP,2025-02-13,ACTIVE,False,2026-04-22 18:46:48
CUST00000626,Srta. Kamilly Gonçalves,1971-07-30,ana-beatriz72@example.org,São José dos Campos,São Paulo,2022-05-03,ACTIVE,True,2022-10-04 17:29:43
CUST00004056,Milena Monteiro,2005-12-18,tleao@example.com,Sorocaba,SP,2026-12-12,ACTIVE,True,2025-09-05 06:45:59
CUST00003489,Sr. Davi Miguel Nogueira,2000-10-07,machadomarina@example.com,Sorocaba,SP,2022-08-08,ACTIVE,True,2024-02-26 06:16:58
CUST00000165,Miguel Albuquerque,1970-05-25,stella17@example.com,Rio de Janeiro,RJ,2024-11-24,ACTIVE,True,2026-01-28 13:12:21
CUST00002976,Sra. Ana Rios,1973-02-06,da-conceicaoguilherme@example.org,Sorocaba,SP,2022-09-02,ACTIVE,True,2023-08-08 11:27:17
CUST00004048,Benjamin Ramos,1964-02-28,cirinocarolina@example.com,Niterói,RJ,2025-01-05,INACTIVE,False,2025-01-08 13:47:38
CUST00004277,Luiz Gustavo Guerra,1990-02-04,carvalhoisadora@example.com,Santos,SP,2019-03-29,ACTIVE,True,2022-01-29 13:43:05
CUST00001757,Guilherme Farias,2005-08-06,carvalhonicolas@example.net,Volta Redonda,RJ,2023-01-23,ACTIVE,True,2025-12-20 06:47:54
CUST00003595,Maria Cecília Mendes,1990-02-16,csa@example.com,São Paulo,SP,2020-12-11,INACTIVE,True,2023-04-04 08:21:42
CUST00001784,Davi Lucca Albuquerque,1994-06-23,yan13@example.net,Niterói,RJ,2019-04-26,ACTIVE,False,2021-06-01 11:40:40
CUST00002238,Gustavo Henrique Aragão,1974-01-01,gomesaurora@example.net,Ribeirão Preto,SP,2020-06-16,BLOCKED,False,2025-01-24 18:07:33
CUST00004633,Melissa da Cunha,2003-07-10,luigi03@example.net,Contagem,MG,2022-04-18,ACTIVE,False,2024-03-31 18:42:10
CUST00001272,Heloísa Moreira,1981-03-30,matheus08@example.net,Duque de Caxias,RJ,2024-07-16,ACTIVE,False,2024-10-08 23:06:10
CUST00002929,Juliana Vargas,1999-12-09,haparecida@example.net,Montes Claros,MG,2022-03-08,ACTIVE,True,2024-04-14 18:22:58
CUST00003005,Matheus Gonçalves,1979-08-09,ycamara@example.org,Campinas,SP,2025-11-29,ACTIVE,True,2026-01-20 13:38:06
CUST00003992,Hellena Araújo,1988-02-07,freitasheitor@example.net,São Paulo,SP,2020-02-11,ACTIVE,True,2023-08-19 08:22:18
CUST00000067,Gael Leão,1993-12-08,vrocha@example.org,Sorocaba,SP,2021-02-13,ACTIVE,False,2021-10-25 11:22:16
CUST00003868,Ana Júlia Casa Grande,2004-12-19,ana-juliavasconcelos@example.net,Pelotas,RS,2026-06-14,ACTIVE,True,2026-07-23 14:59:45
CUST00000629,Dra. Luna Santos,1975-12-10,teixeiraclarice@example.net,Niterói,RJ,2023-08-16,ACTIVE,True,2025-04-08 10:45:56
CUST00003471,Maria Clara Viana,2006-06-01,maria-flor80@example.org,Juiz de Fora,MG,2021-03-31,ACTIVE,True,2026-03-18 10:02:53
CUST00002501,Cecilia Sampaio,2010-05-21,gabrielly24@example.com,Ponta Grossa,PR,2025-05-13,INACTIVE,False,2025-09-19 15:41:17
CUST00000111,Sr. Kevin Albuquerque,1993-09-11,yanaparecida@example.org,Pelotas,RS,2021-10-18,ACTIVE,True,2024-08-03 19:37:32
CUST00004182,Bianca Vasconcelos,1979-09-30,efarias@example.net,Sorocaba,SP,2023-10-01,INACTIVE,True,2023-11-10 23:52:25
CUST00003740,Davi Novais,1980-06-11,piresisaque@example.net,Porto Alegre,RS,2018-12-14,ACTIVE,True,2023-09-07 13:43:21
CUST00000017,Eduardo Pires,1983-02-02,laviniapeixoto@example.org,Itajaí,SC,2021-08-20,ACTIVE,yes,2024-04-01 09:54:55
CUST00001118,Srta. Luiza Nogueira,1980-11-24,rmelo@example.org,Niterói,RJ,2025-07-25,INACTIVE,False,2025-09-30 21:23:11
CUST00002335,Luiza Ferreira,1998-04-18,da-cunhamaria-julia@example.com,Fortaleza,CE,2019-08-04,BLOCKED,False,2019-09-25 11:12:37
CUST00004049,Marcos Vinicius Casa Grande,1972-06-24,carolinagarcia@example.net,Juiz de Fora,MG,2022-07-23,ACTIVE,True,2025-06-23 16:48:24
CUST00003485,Srta. Isabel Rios,1981-05-03,ravi-lucca48@example.org,Juiz de Fora,MG,2025-05-04,ACTIVE,True,2026-03-04 07:27:13
CUST00004326,Enzo Gabriel Sousa,2008-02-01,gabriel98@example.net,São Paulo,SP,2020-11-07,ACTIVE,True,2023-01-02 22:00:46
CUST00002587,Camila Novais,1937-01-04,da-luzvalentim@example.net,Vitória da Conquista,BA,2021-07-02,ACTIVE,True,2023-01-05 02:35:49
CUST00002152,Antônio Pereira,1964-02-28,novaisdante@example.net,Caxias do Sul,RS,2019-02-01,ACTIVE,True,2023-06-26 04:11:45
CUST00003343,Thomas Marques,1975-01-07,antonella51@example.net,Campinas,SP,2025-11-21,active,False,2026-01-20 23:13:02
CUST00004217,Bruno Silveira,1968-10-23,camargojoao-miguel@example.org,Juiz de Fora,MG,2021-10-01,INACTIVE,True,2021-10-11 02:04:33
CUST00003628,Francisco Araújo,1989-04-20,guerraluan@example.net,Joinville,SC,2018-01-05,ACTIVE,False,2020-05-23 12:07:13
CUST00000861,Pietro da Paz,1986-08-15,isaaccardoso@example.org,Londrina,PR,2022-09-10,ACTIVE,False,2023-12-04 19:10:39
CUST00003754,Yasmin Gonçalves,1971-08-03,tsouza@example.net,Uberaba,MG,2019-04-17,ACTIVE,False,2026-05-31 23:14:01
CUST00004483,Eloah Mendes,2002-02-08,jjesus@example.org,São Paulo,SP,2022-04-08,ACTIVE,True,2024-02-04 00:49:03
CUST00003562,Valentim Macedo,1997-02-15,dpastor@example.net,Niterói,RJ,2022-08-14,ACTIVE,True,2024-08-29 21:44:45
CUST00000813,Ana Júlia das Neves,1983-05-30,diasvalentina@example.net,Rio de Janeiro,RJ,2019-05-04,ACTIVE,True,2020-03-15 00:57:12
CUST00000528,Ágatha da Luz,1976-03-05,ana-cecilia31@example.org,Volta Redonda,RJ,2026-07-17,INACTIVE,True,2026-07-20 05:59:33
CUST00004047,Heloisa Mendonça,1994-06-13,mbarros@example.org,Belo Horizonte,MG,2019-04-19,ACTIVE,True,2020-02-10 20:57:09
CUST00002760,Yuri Mendonça,1998-09-16,gmoreira@example.net,Petrópolis,RJ,2020-05-30,ACTIVE,True,2021-09-27 07:52:09
CUST00000983,Gael Campos,1990-12-27,pintoeloa@example.net,Belo Horizonte,MG,2022-01-05,ACTIVE,True,2025-10-04 07:12:35
CUST00004376,João Miguel Cunha,2010-07-01,isis89@example.com,Vitória da Conquista,BA,2023-07-05,INACTIVE,True,2026-01-30 23:57:26
CUST00003271,Laís Macedo,1978-02-27,da-luzmelina@example.com,Pelotas,RS,2018-01-30,ACTIVE,True,2021-01-24 15:14:13
CUST00001962,Larissa da Mata,2008-04-25,jesusoliver@example.org,Sorocaba,SP,2019-04-04,ACTIVE,False,2019-05-14 18:18:47
CUST00002372,Lucas Gabriel Moreira,1994-08-20,qda-mota@example.net,Contagem,MG,2024-07-26,ACTIVE,False,2025-01-31 20:34:38
CUST00002256,João Gabriel Fernandes,1997-09-06,augustomonteiro@example.com,Itajaí,SC,2021-10-26,ACTIVE,True,2022-02-06 07:52:17
CUST00000680,Marcos Vinicius Rezende,2008-06-18,joao-lucasalmeida@example.com,Sorocaba,SP,2020-01-04,ACTIVE,False,2026-03-26 02:13:09
CUST00004739,Fernando Cunha,1961-09-26,mariahmoura@example.net,São Paulo,SP,2023-10-27,Inactive,True,2025-12-06 22:15:10
CUST00002188,Luiz Fernando Martins,1953-04-30,danielgoncalves@example.com,São José dos Campos,SP,2022-01-12,ACTIVE,True,2023-10-27 06:34:13
CUST00004635,Marcelo Montenegro,1968-05-22,pcasa-grande@example.net,Nova Iguaçu,RJ,2019-02-15,INACTIVE,True,2024-05-18 10:54:51
CUST00004307,Enzo Gabriel Camargo,2027-05-31,zcamara@example.net,Santos,SP,2024-09-01,ACTIVE,False,2024-09-17 18:10:03
CUST00000954,Ana Lívia Mendonça,1962-07-23,isabelcavalcanti@example.net,Belo Horizonte,MG,2025-07-18,ACTIVE,True,2026-04-17 03:13:41
CUST00003310,Dr. João Farias,1970-03-08,vieiravitor@example.org,Vitória da Conquista,BA,2021-02-20,INACTIVE,True,2022-08-11 16:14:21
CUST00001203,Maria Clara Farias,2003-01-10,joaquimcosta@example.com,Sorocaba,SP,2022-11-10,ACTIVE,yes,2024-04-24 22:28:29
CUST00002403,Rael Cassiano,1986-06-03,joao-miguel64@example.org,Ribeirão Preto,SP,2024-12-03,ACTIVE,True,2025-08-07 06:16:37
CUST00002908,Catarina Mendes,1989-06-20,da-motamanuella@example.net,Sorocaba,SP,2025-08-22,ACTIVE,True,2026-06-23 09:19:30
CUST00002391,Bruno Jesus,1955-10-27,jmacedo@example.net,Itajaí,XX,2024-03-27,ACTIVE,False,2025-03-27 00:58:49
CUST00002225,Amanda Mendonça,1997-02-16,lucas-gabriel03@example.net,Londrina,PR,2019-01-05,ACTIVE,True,2023-08-16 16:42:44
CUST00000130,Enrico Farias,1982-09-20,fsales@example.com,Montes Claros,MG,2026-02-24,ACTIVE,True,2026-05-30 00:31:20
CUST00001508,Igor Câmara,1998-04-17,leticia70@example.net,Belo Horizonte,MG,2022-06-21,ACTIVE,False,2022-10-03 09:18:46
CUST00003022,Enzo Gabriel Silveira,1991-03-30,acastro@example.org,Rio de Janeiro,RJ,2023-06-14,ACTIVE,True,2025-03-08 06:03:49
CUST00002261,Emanuel Fernandes,1988-08-06,liz91@example.net,São Paulo,São Paulo,2020-06-11,ACTIVE,True,2021-01-23 10:13:03
CUST00001724,Sr. Davi Sousa,1996-03-16,sampaionicolas@example.net,Camaçari,BA,2019-05-04,ACTIVE,True,2024-06-20 14:22:05
CUST00002981,Fernando Macedo,1937-12-25,eduarda00@example.org,Niterói,Rio de Janeiro,2021-08-20,ACTIVE,False,2025-02-16 09:16:44
CUST00003552,Caleb Nunes,1974-09-25,manuelafernandes@example.net,Ribeirão Preto,SP,2018-06-22,ACTIVE,True,2018-11-06 02:40:12
CUST00003332,Ana Castro,1998-04-14,pvargas@example.com,Ribeirão Preto,SP,2019-01-05,ACTIVE,False,2021-11-25 01:13:58
CUST00001291,Melina Cirino,1984-10-11,joao-guilhermeaparecida@example.org,Uberaba,MG,2018-04-19,BLOCKED,True,2023-07-13 09:16:27
CUST00003894,Allana Brito,2008-03-29,nmachado@example.org,Curitiba,PR,2018-02-26,ACTIVE,no,2018-03-27 21:47:11
CUST00003275,Dr. Henrique Caldeira,1970-02-14,danielabreu@example.net,Nova Iguaçu,RJ,2018-08-17,ACTIVE,False,2025-12-10 04:03:27
CUST00000345,Gustavo Azevedo,2000-07-19,peixotobernardo@example.com,Ribeirão Preto,SP,2024-09-23,ACTIVE,True,2024-10-13 20:02:35
CUST00001557,Sr. Joaquim Gomes,1964-10-20,daniel62@example.com,Sorocaba,SP,2026-07-21,ACTIVE,True,2026-07-28 09:42:19
CUST00002778,João Miguel Almeida,1972-05-21,hpires@example.org,Santos,SP,2019-04-30,ACTIVE,True,2023-07-18 02:31:44
CUST00003371,Lucas Gabriel Nunes,1977-05-19,alvesmaria-eduarda@example.org,Vitória da Conquista,BA,2026-03-09,ACTIVE,True,2026-05-04 06:47:27
CUST00001752,Valentim da Rosa,1996-06-10,camposmelina@example.org,Sorocaba,SP,2024-12-11,ACTIVE,True,2026-03-16 20:35:17
CUST00000851,Ana Cecília da Cruz,1977-01-18,csousa@example.net,Camaçari,BA,2023-04-14,ACTIVE,False,2026-05-02 10:05:21
CUST00001219,André Marques,2004-11-23,ravy99@example.net,Belo Horizonte,MG,2025-06-27,ACTIVE,True,2026-06-15 02:54:54
CUST00001765,Bárbara Pimenta,1984-09-03,clarice35@example.com,Juiz de Fora,MG,2022-11-23,ACTIVE,True,2023-04-07 12:39:11
CUST00000777,João Guilherme Pacheco,2007-10-19,goncalvesryan@example.org,Contagem,MG,2019-08-19,INACTIVE,False,2019-09-01 08:12:22
CUST00003011,Amanda Sales,1999-01-19,alexandremacedo@example.org,Santos,SP,2018-07-16,ACTIVE,True,2020-05-22 15:58:17
CUST00004169,Leandro Carvalho,1995-08-28,opereira@example.com,Juiz de Fora,MG,2025-11-06,ACTIVE,True,2025-11-07 03:00:45
CUST00001595,Anthony Cassiano,1918-06-24,da-rochafernanda@example.org,Ribeirão Preto,SP,2024-01-14,ACTIVE,False,2025-05-19 17:14:53
CUST00001763,Allana Novaes,1980-05-15,yaragao@example.com,Campinas,São Paulo,2019-06-25,ACTIVE,False,2019-09-06 13:34:29
CUST00000909,Nicole Duarte,1965-09-20,macedoluiz-gustavo@example.com,Santos,SP,2025-12-10,ACTIVE,True,2026-02-07 22:08:25
CUST00003473,Enrico Campos,1982-01-27,cpacheco@example.com,Juiz de Fora,MG,2023-01-16,ACTIVE,True,2024-10-26 20:22:57
CUST00004579,Dr. Théo Porto,1988-05-23,lnunes@example.org,Maringá,PR,2025-05-31,ACTIVE,True,2026-05-18 07:56:05
CUST00002193,Enzo Gabriel Silveira,1994-06-03,ester02@example.org,Petrópolis,RJ,2022-03-24,ACTIVE,False,2025-06-20 18:39:36
CUST00003220,Sr. Enrico Nogueira,1998-07-11,mathias86@example.org,Ribeirão Preto,SP,2026-04-20,ACTIVE,False,2026-07-04 02:19:06
CUST00004701,Sarah Novais,1984-06-15,nascimentooliver@example.org,São José dos Campos,SP,2021-10-06,ACTIVE,False,2022-08-31 04:22:33
CUST00000561,Dr. José Cunha,2010-06-29,rda-rosa@example.net,Montes Claros,MG,2024-10-16,ACTIVE,True,2025-12-08 05:12:59
CUST00000355,Sr. Vitor Gabriel Silveira,1997-04-26,cauada-mata@example.com,Curitiba,PR,2018-05-01,ACTIVE,True,2018-11-15 10:38:26
CUST00002522,Luigi Costela,1991-06-11,jcasa-grande,Niterói,RJ,2023-09-03,ACTIVE,False,2025-11-01 22:23:42
CUST00004623,José Castro,1992-06-02,eloa62@example.net,Ribeirão Preto,SP,2024-10-08,ACTIVE,True,2025-11-04 12:03:58
CUST00002498,Bruna Pastor,1977-09-23,maria-juliamonteiro@example.net,Uberlândia,MG,2023-11-13,BLOCKED,False,2024-03-20 22:28:15
CUST00003162,,1990-12-13,thiagojesus@example.com,Vitória da Conquista,BA,2018-06-28,ACTIVE,True,2020-10-13 03:29:15
CUST00004728,Hellena Vargas,1974-05-15,alvesbento@example.net,Aparecida de Goiânia,GO,2019-06-27,active,True,2021-12-12 23:17:33
CUST00000834,Bento Pires,1976-05-07,hellena08@example.com,Sorocaba,SP,2020-10-26,ACTIVE,True,2022-05-10 02:34:30
CUST00003075,Daniel da Mota,1992-08-16,ramoscaleb@example.net,São Paulo,SP,2019-02-07,ACTIVE,True,2026-01-11 15:23:41
CUST00001236,Melissa Cassiano,1970-12-16,felipe99@example.com,Campinas,SP,2018-12-08,ACTIVE,False,2021-04-06 06:03:06
CUST00003353,Luiz Fernando da Luz,1995-07-26,brunoda-luz@example.org,Rio de Janeiro,RJ,2018-03-12,ACTIVE,False,2024-05-16 19:26:16
CUST00000332,Sra. Ana Vitória Nunes,1986-08-02,araujoagatha@example.net,Petrópolis,RJ,2023-02-06,BLOCKED,True,2026-05-23 13:51:19
CUST00001798,Arthur Castro,1993-04-26,caio42@example.net,Londrina,paraná,2025-07-20,ACTIVE,False,2025-11-29 22:21:44
CUST00004318,Helena Vasconcelos,1955-11-26,pereiraryan@example.org,Caxias do Sul,RS,2020-03-09,ACTIVE,True,2023-02-22 14:48:38
CUST00004126,Srta. Mirella Teixeira,1978-10-16,lucas-gabrielmendes@example.com,São José dos Campos,SP,2022-07-16,ACTIVE,yes,2025-08-19 19:13:27
CUST00000814,Luan Montenegro,1979-02-23,leandroaragao@example.net,Campinas,SP,2021-10-19,ACTIVE,False,2022-11-04 09:48:38
CUST00001691,Dr. João Pedro Siqueira,1993-11-06,britoleo@example.net,Juiz de Fora,MG,2026-07-24,ACTIVE,True,2026-07-26 18:26:32
CUST00001504,Fernanda Melo,1989-04-25,sampaiomilena@example.net,Anápolis,GO,2019-10-01,ACTIVE,True,2022-12-07 02:29:50
CUST00004380,Luiz Henrique Martins,1984-08-27,llima@example.net,Santos,SP,2020-09-08,ACTIVE,True,2023-01-19 00:40:19
CUST00004525,Marcela Pimenta,1977-03-14,ribeirobruno@example.org,Ribeirão Preto,SP,2023-08-15,blocked,True,2024-06-27 08:45:39
CUST00004324,Ana Mendes,1982-11-15,isaquemendes@example.net,Montes Claros,minas gerais,2025-07-13,ACTIVE,False,2026-01-21 22:52:33
CUST00001338,Ana Lívia Marques,1965-02-11,hmontenegro@example.org,Contagem,MG,2022-04-25,ACTIVE,True,2024-07-31 21:55:10
CUST00000835,Dom Fernandes,1963-03-28,iribeiro@example.org,Camaçari,BA,2020-05-22,ACTIVE,False,2022-09-01 10:45:08
CUST00004631,Ana Lívia Araújo,1965-10-12,jade62@example.com,Volta Redonda,RJ,2022-06-28,ACTIVE,True,2026-07-06 16:46:47
CUST00003980,Aurora da Rocha,1989-07-03,camposjoao@example.net,Petrópolis,RJ,2018-11-17,ACTIVE,True,2019-01-05 22:43:42
CUST00002763,Antony da Mota,1999-03-06,ravy61@example.net,Pelotas,RS,2018-06-22,ACTIVE,True,2020-08-24 20:58:34
CUST00000618,Alexandre Fernandes,1987-09-27,ana88@example.com,Sorocaba,SP,2021-08-17,ACTIVE,True,2025-02-21 22:54:47
CUST00003497,Henrique Brito,2000-08-11,tdias@example.org,Sorocaba,SP,2021-07-02,ACTIVE,True,2022-10-02 03:31:18
CUST00003738,Dr. Juan Ribeiro,1994-04-26,theo49@example.org,Caruaru,PE,2025-02-17,ACTIVE,True,2025-07-15 06:47:09
CUST00004192,Giovanna Campos,1988-04-11,gomeslucca@example.org,Belo Horizonte,MG,2024-03-06,ACTIVE,True,2025-04-17 05:17:48
CUST00002506,Igor Aragão,1964-03-06,ana-livia88@example.org,São José dos Campos,SP,2021-07-14,ACTIVE,True,2021-11-22 07:19:23
,Nina Gonçalves,1978-12-06,cauasilva@example.net,Niterói,RJ,2023-06-25,ACTIVE,True,2024-02-15 06:19:19
CUST00002093,Valentina Aragão,1979-05-30,valentina38@example.org,Santos,SP,2022-03-19,ACTIVE,False,2023-11-10 15:52:50
CUST00000927,Stella Barros,1994-03-02,da-cruzmaria-julia@example.net,Duque de Caxias,RJ,2025-09-23,INACTIVE,True,2025-11-25 05:48:16
CUST00004278,Ísis Câmara,1946-10-15,freitasemanuella@example.com,Niterói,RJ,2018-07-13,ACTIVE,False,2024-05-09 01:54:04
CUST00001087,Ágatha Oliveira,1991-10-26,jmelo@example.org,Campinas,SP,2022-03-23,BLOCKED,True,2022-09-14 00:22:54
CUST00002392,Maria Helena Almeida,2005-09-04,noah76@example.net,Londrina,PR,2018-07-11,ACTIVE,True,2026-07-29 19:44:06
CUST00002342,Kamilly Sampaio,1981-12-20,pnascimento@example.net,Canoas,RS,2025-05-14,ACTIVE,yes,2026-05-18 19:57:56
CUST00003334,Marcos Vinicius da Cunha,2003-06-27,davi-miguel61@example.org,Feira de Santana,BA,2026-02-05,ACTIVE,True,2026-03-20 19:39:11
CUST00002928,João Miguel Abreu,2003-11-25,unogueira@example.org,Montes Claros,MG,2025-06-04,ACTIVE,True,2025-11-27 00:51:35
CUST00000596,Sabrina Cassiano,2003-09-24,vasconcelosnina@example.org,Rio de Janeiro,RJ,2019-06-16,ACTIVE,True,2023-08-01 23:49:54
CUST00004368,Théo Vieira,1998-07-10,piresjuliana@example.org,Salvador,BA,2022-11-02,ACTIVE,True,2025-05-18 09:29:18
CUST00001668,Benjamim da Luz,1999-03-14,camargocalebe@example.com,Ponta Grossa,PR,2025-09-19,BLOCKED,True,2026-05-04 03:34:52
CUST00001937,Sr. Miguel Barbosa,1977-04-02,joao-guilhermemonteiro@example.org,Ribeirão Preto,SP,2019-08-29,ACTIVE,True,2022-02-06 05:58:34
CUST00004649,Sr. Valentim Nogueira,2007-07-05,davi-miguelcavalcanti@example.com,Campinas,SP,2018-02-24,ACTIVE,True,
CUST00003109,Bento Mendes,1998-01-15,carvalhoarthur-miguel@example.com,São José dos Campos,SP,2024-01-18,ACTIVE,True,2025-12-01 02:23:01
CUST00000872,Luiza da Luz,1989-12-24,jose-pedro99@example.com,Caxias do Sul,RS,2019-05-22,ACTIVE,True,2020-12-03 06:36:36
CUST00002473,Fernanda Lopes,1963-10-20,marquesagatha@example.com,São José dos Campos,SP,2019-08-10,ACTIVE,True,2023-03-24 06:56:16
CUST00002378,Davi Garcia,1986-02-25,eabreu@example.org,Campinas,SP,2021-04-29,INACTIVE,True,2022-08-31 13:22:10
CUST00003178,Bryan Borges,1972-03-08,campossofia@example.com,Volta Redonda,Rio de Janeiro,2025-04-11,ACTIVE,True,2026-07-18 18:03:38
CUST00001357,Davi Nascimento,1990-04-24,ecavalcante@example.net,Santa Maria,RS,2018-07-30,ACTIVE,True,2022-04-30 04:38:31
CUST00000278,José Costa,1990-06-19,jose49@example.net,Florianópolis,SC,2026-07-28,ACTIVE,True,2026-07-29 09:42:17
CUST00001531,Srta. Maria Luísa Pimenta,1938-05-15,aylla00@example.com,Uberlândia,MG,2019-09-09,ACTIVE,yes,2020-06-08 10:08:25
CUST00001126,Lunna Marques,1995-09-26,teixeiracaua@example.net,Curitiba,PR,2022-01-11,INACTIVE,False,2023-08-22 23:08:43
CUST00000171,Ágatha Leão,1939-05-14,kamillyrezende@example.org,Niterói,RJ,2024-09-03,ACTIVE,True,2025-06-22 13:48:40
CUST00004283,Brayan Marques,1954-04-17,gvasconcelos@example.net,Volta Redonda,RJ,2025-02-17,ACTIVE,True,2026-02-22 03:33:50
CUST00001058,Davi Lucca Barros,1974-11-02,wsales@example.org,Santos,SP,2020-02-03,ACTIVE,True,2024-05-13 13:35:51
CUST00002018,Emanuelly Farias,2001-09-14,smoraes@example.net,Campinas,SP,2025-01-21,ACTIVE,True,2025-11-22 12:42:05
CUST00004730,Antony Mendonça,1989-04-07,heitor79@example.net,São José dos Campos,SP,2024-03-17,ACTIVE,True,2025-11-05 19:30:02
CUST00000091,Vitor Hugo Aragão,2006-06-17,pietro10@example.org,Cascavel,PR,2018-10-19,ACTIVE,False,2023-10-25 09:53:56
CUST00000521,Maysa Siqueira,2005-08-10,acavalcante@example.com,Itajaí,SC,2022-07-19,ACTIVE,True,2026-04-13 17:11:19
CUST00000418,Bruna da Luz,1992-11-11,omoura@example.com,Uberaba,MG,2024-05-18,ACTIVE,yes,2024-08-15 12:30:34
CUST00004614,Maitê da Paz,1995-07-07,vvasconcelos@example.org,Recife,PE,2024-04-21,ACTIVE,False,2024-07-29 12:53:14
CUST00000380,Ágatha Farias,1976-02-15,vsa@example.org,Contagem,MG,2021-11-10,INACTIVE,True,2024-02-28 05:08:47
CUST00001470,Marcos Vinicius Câmara,2001-04-20,ycaldeira@example.org,São José dos Campos,SP,2025-02-25,INACTIVE,True,2025-04-27 04:17:00
CUST00001006,Sra. Vitória Andrade,2002-05-18,jesusmaria-eduarda@example.com,Campinas,SP,2019-09-22,BLOCKED,False,2025-07-23 19:27:11
CUST00002101,Camila Silveira,1997-07-26,noahmacedo@example.org,Olinda,PE,2025-09-04,ACTIVE,yes,2026-06-06 20:46:17
CUST00004708,Brenda Rocha,1980-01-30,caldeiramarcos-vinicius@example.com,Belo Horizonte,MG,2020-11-09,ACTIVE,False,2024-10-07 20:13:37
CUST00003989,Theo Sousa,2007-01-22,dom02@example.net,Santos,SP,2020-01-05,BLOCKED,True,2026-04-30 17:03:45
CUST00003160,Daniela Pinto,1982-01-28,antonycarvalho@example.org,São Paulo,SP,2019-07-24,ACTIVE,False,2022-12-06 19:49:07
CUST00002174,Danilo da Rocha,2002-10-15,da-costabianca@example.org,Juiz de Fora,MG,2019-11-04,active,True,2026-01-20 10:03:57
CUST00000494,Anthony Gabriel Araújo,2007-12-11,jose-pedrocosta@example.com,Santos,São Paulo,2024-04-04,ACTIVE,False,2025-12-28 05:39:05
CUST00002833,Maria Luiza Borges,1998-07-30,castronina@example.com,Santos,SP,2021-06-13,ACTIVE,True,2024-08-22 06:04:33
CUST00002550,Sr. Caio Montenegro,1975-03-29,agathaabreu@example.com,Petrópolis,Rio de Janeiro,2021-07-17,ACTIVE,False,2025-01-07 15:24:29
CUST00004740,João Guilherme Mendonça,1950-10-22,pachecogiovanna@example.org,Montes Claros,MG,2021-02-12,INACTIVE,True,2022-01-01 08:21:05
CUST00000501,Gabriela Ramos,1998-05-18,yasminvieira@example.org,Petrópolis,RJ,2020-03-06,ACTIVE,True,2020-08-21 23:29:08
CUST00001481,Yasmin Sampaio,1988-12-24,guerraarthur@example.net,Nova Iguaçu,RJ,2022-11-03,ACTIVE,False,2025-03-16 09:34:03
CUST00000056,Enrico Cavalcanti,1973-09-24,lalves@example.net,Uberlândia,MG,2025-05-11,ACTIVE,False,2026-04-06 05:17:58
CUST00001416,Alexandre Porto,1964-12-09,arthur-gabriel50@example.net,Petrópolis,RJ,2022-02-13,ACTIVE,True,2023-11-04 10:03:53
CUST00002755,Francisco Oliveira,1991-02-14,lunnaazevedo@example.org,Uberaba,MG,2026-08-19,ACTIVE,True,2025-10-20 18:56:23
CUST00003695,Evelyn Costela,1985-03-20,maparecida@example.com,Petrópolis,RJ,2021-03-12,ACTIVE,True,2024-03-17 21:06:08
CUST00003629,Alice Melo,1978-06-16,luiz-gustavovargas@example.net,Juiz de Fora,MG,2025-06-20,BLOCKED,False,2025-07-29 19:04:14
CUST00002265,Luigi Oliveira,1976-02-28,mathias25@example.net,São José dos Campos,SP,2026-07-28,BLOCKED,True,2026-07-31 02:20:15
CUST00004329,Luana da Rocha,1988-09-23,lucca48@example.com,Uberlândia,MG,2022-01-16,ACTIVE,False,2026-02-05 18:02:20
CUST00000377,Olívia da Mata,1978-08-18,barbosaalana@example.net,Uberlândia,MG,2021-01-31,ACTIVE,False,2026-04-22 23:06:18
CUST00000331,Josué Rodrigues,1989-06-21,mouramaite@example.net,Petrópolis,RJ,2025-01-15,ACTIVE,True,2025-03-28 07:24:45
CUST00004590,Luigi Camargo,2003-06-22,da-rosavitoria@example.com,São Paulo,SP,2023-03-06,ACTIVE,False,2025-04-13 09:38:18
CUST00001036,Aurora Cunha,1994-12-30,asousa@example.com,Ponta Grossa,PR,2018-11-22,ACTIVE,True,2020-08-10 15:05:26
CUST00000644,Lucas Farias,1967-04-22,ana-beatriz39@example.net,Contagem,MG,2021-04-20,ACTIVE,True,2022-07-05 22:09:16
CUST00001350,Camila Freitas,1988-01-28,sagustavo-henrique@example.net,São José dos Campos,São Paulo,2020-11-27,BLOCKED,True,2025-07-03 02:13:41
CUST00003737,Benicio Pinto,1995-06-25,iaparecida@example.com,Belo Horizonte,MG,2020-04-04,ACTIVE,no,2023-09-03 03:59:32
CUST00000480,Fernanda Siqueira,1993-02-12,kevinabreu@example.com,Uberaba,MG,2025-10-22,ACTIVE,True,2026-03-21 12:16:16
CUST00003021,Lucas das Neves,2003-02-27,ribeirogael@example.net,Belo Horizonte,MG,2018-01-22,ACTIVE,True,2025-01-07 13:03:27
CUST00001515,Aurora Caldeira,1990-06-11,isaqueaparecida@example.net,Cascavel,paraná,2025-03-17,ACTIVE,False,2026-03-06 09:11:56
CUST00001310,Esther Nascimento,2003-04-01,kaique53@example.org,São Paulo,SP,2025-06-17,active,False,2026-02-23 09:26:53
CUST00000299,Luiza Castro,1976-01-12,vpimenta@example.com,Contagem,MG,2025-04-20,BLOCKED,True,2025-09-23 00:08:35
CUST00001478,Nicolas Vargas,1994-07-11,fernando11@example.net,São José dos Campos,SP,2023-08-06,ACTIVE,yes,2025-04-02 22:32:15
CUST00002197,Milena Souza,1972-08-08,marianepimenta@example.com,Joinville,SC,2019-08-20,ACTIVE,False,2021-03-17 03:07:14
CUST00000574,Vitória da Rosa,1993-03-09,jaragao@example.org,Sorocaba,SP,2026-06-22,ACTIVE,yes,2026-07-30 17:41:46
CUST00002841,Larissa Pimenta,1984-02-24,igomes@example.org,São José dos Campos,SP,2019-06-30,ACTIVE,False,2021-12-14 04:32:48
CUST00004163,Joaquim Vargas,1993-03-03,kgoncalves@example.net,Ribeirão Preto,SP,2025-11-10,ACTIVE,True,2026-03-18 11:43:05
CUST00004479,Maysa Moura,1998-01-08,uda-costa@example.org,Santa Maria,RS,2023-05-25,ACTIVE,False,2024-08-09 05:34:21
CUST00004691,Ravy Camargo,1983-07-07,maysa55@example.com,Volta Redonda,RJ,2025-03-05,ACTIVE,True,2025-08-17 19:20:23
CUST00004574,Isabel Sá,1981-10-09,matheus91@example.org,Campinas,SP,2020-08-20,INACTIVE,True,2022-04-08 23:02:53
CUST00002972,Dr. Benjamim Machado,1999-06-22,tda-mota@example.org,Ponta Grossa,PR,2021-12-31,ACTIVE,False,2026-01-10 06:42:12
CUST00003835,Hadassa Ribeiro,1970-05-08,freitasfrancisco@example.net,Florianópolis,Santa Catarina,2018-02-16,INACTIVE,True,2025-10-19 03:30:38
CUST00000671,Ana Pacheco,2007-02-08,lvargas@example.org,Juiz de Fora,MG,2020-06-04,ACTIVE,True,2020-09-28 04:22:32
CUST00001821,Luara Brito,1995-12-29,alice21@example.com,Contagem,MG,2025-04-30,INACTIVE,True,2026-01-30 13:28:25
CUST00000011,Ana Sophia Pereira,1994-05-15,sophiesiqueira@example.org,Montes Claros,MG,2023-02-23,ACTIVE,True,2025-06-09 06:31:47
CUST00001334,Vitor Gomes,1972-12-22,maria-lauracaldeira@example.com,Santos,SP,2022-08-10,ACTIVE,True,2022-12-09 20:40:54
CUST00002054,Apollo Nascimento,1987-09-29,vasconcelosjose-miguel@example.net,Campinas,SP,2019-06-22,active,False,2026-04-09 09:01:49
CUST00000675,Eloah Sá,1962-07-04,maitecastro@example.org,Vitória da Conquista,BA,2023-03-28,INACTIVE,True,2026-05-29 04:17:41
CUST00002092,Gael Henrique Siqueira,1992-08-05,sara92@example.net,Volta Redonda,RJ,2023-11-20,ACTIVE,True,2026-05-03 10:51:04
CUST00000656,Bianca da Rocha,1992-02-01,erick47@example.com,Nova Iguaçu,RJ,2019-12-28,BLOCKED,False,2020-04-17 08:25:39
CUST00003330,Sr. Carlos Eduardo Garcia,1970-10-29,thales69@example.org,Sorocaba,SP,2025-08-18,ACTIVE,True,2025-10-17 09:58:50
CUST00000100,Dra. Juliana Duarte,1964-06-16,erickda-mota@example.com,Uberlândia,MG,2023-10-25,ACTIVE,False,2025-09-10 16:28:52
CUST00001260,Dr. Rael da Mata,1973-03-20,aurorafernandes@example.org,Campinas,SP,2020-06-15,INACTIVE,True,2025-09-24 18:11:49
,Letícia Viana,1986-10-03,ana-sophia74@example.com,Uberaba,MG,2021-10-07,INACTIVE,False,2024-04-03 23:57:55
CUST00003545,Enrico da Rocha,2002-09-05,isabelcastro@example.net,Maringá,PR,2024-11-08,BLOCKED,False,2026-03-01 19:50:27
CUST00001159,Pietra Marques,1975-06-05,anthony50@example.net,Ribeirão Preto,SP,2019-07-17,ACTIVE,False,2020-05-21 20:24:13
CUST00002220,Maria Cecília Macedo,1975-12-29,manuelaalmeida@example.com,Campinas,SP,2019-03-08,INACTIVE,yes,2022-05-09 09:35:33
CUST00003448,Clara Martins,1992-07-01,andrerios@example.com,Campinas,SP,2025-07-12,ACTIVE,False,2025-11-16 13:54:08
CUST00004176,Maria Laura Barros,1972-06-29,kduarte@example.org,Sorocaba,SP,2024-10-20,ACTIVE,True,2024-12-16 04:40:32
CUST00002221,Manuella Fernandes,1990-10-04,freitasdavi-miguel@example.org,Ribeirão Preto,SP,2019-06-02,active,True,2022-07-16 18:05:43
CUST00000860,Sr. Enrico Casa Grande,2003-03-09,caualeao@example.com,Santos,SP,2021-03-25,ACTIVE,True,2022-12-26 21:39:23
CUST00003181,Heloisa Peixoto,1987-03-28,claricecaldeira@example.net,Ribeirão Preto,SP,2026-07-04,ACTIVE,True,2026-07-25 16:36:08
CUST00001224,Renan Cunha,1984-10-28,xbarbosa@example.net,Santa Maria,RS,2022-10-24,active,True,2024-07-11 05:21:58
CUST00003281,Theodoro Duarte,1988-11-05,nfreitas@example.org,Sorocaba,SP,2022-10-06,ACTIVE,True,2023-11-29 16:15:14
CUST00003099,Bruna Nascimento,1972-08-19,da-mataisabella@example.net,Feira de Santana,XX,2023-11-16,ACTIVE,True,2025-02-02 00:56:03
CUST00001343,Pietro Azevedo,1997-09-13,zpereira@example.org,São Paulo,SP,2021-02-23,ACTIVE,False,2023-04-10 12:19:35
CUST00002235,Srta. Manuela Pinto,2000-11-02,cassianomaria-clara@example.net,Ribeirão Preto,SP,2025-06-12,ACTIVE,True,2025-08-04 09:02:50
CUST00002553,Emanuel da Conceição,2003-10-27,siqueiraluiz-henrique@example.org,Petrópolis,RJ,2024-01-09,ACTIVE,False,2025-11-06 18:36:18
CUST00000485,Matteo Barbosa,1996-05-20,lopesjose-pedro@example.org,Volta Redonda,Rio de Janeiro,2024-11-26,INACTIVE,True,2026-01-27 07:43:44
CUST00000205,Heloísa Montenegro,1973-02-01,diego60@example.com,Campinas,SP,2019-07-23,ACTIVE,True,2024-04-08 06:49:57
CUST00002583,Maria Flor Siqueira,2003-09-13,novaesbruno@example.net,São Paulo,SP,2020-12-19,ACTIVE,True,2022-01-20 00:28:35
CUST00004712,Gabrielly Jesus,1988-11-25,qbarros@example.com,São Paulo,SP,2021-09-03,ACTIVE,True,2022-10-30 03:16:40
CUST00000196,Maria Liz Azevedo,1977-03-17,bentoborges@example.net,Montes Claros,MG,2022-10-12,ACTIVE,yes,2022-12-16 19:06:53
CUST00002809,Arthur Gabriel Araújo,1977-12-30,isis66@example.org,São Paulo,SP,2019-04-02,ACTIVE,True,2023-02-13 01:58:27
CUST00004561,Maria Laura Novais,1973-11-12,ribeiroana-clara@example.org,Feira de Santana,BA,2025-10-16,ACTIVE,True,2026-07-05 10:07:10
CUST00004475,Eduarda Lima,1984-08-10,wduarte,Belo Horizonte,MG,2019-04-06,ACTIVE,True,2026-06-23 04:06:58
CUST00000466,Caio Lopes,1972-07-03,marquesdaniel@example.com,Montes Claros,MG,2022-01-28,ACTIVE,True,2023-12-17 22:39:47
CUST00001509,Ana Júlia da Rosa,1993-05-18,da-mataemanuella@example.com,Santa Maria,RS,2018-11-22,BLOCKED,True,2023-05-04 17:53:18
CUST00004181,Sr. Liam Alves,1978-10-05,santosamanda@example.org,Uberaba,MG,2025-06-03,Inactive,True,2026-03-27 12:06:11
CUST00001743,Srta. Bella Cavalcanti,1974-06-17,asa@example.org,Londrina,PR,2018-06-25,ACTIVE,False,2019-09-18 15:44:55
CUST00001866,Dra. Isabel Araújo,1965-07-17,ada-cunha@example.com,Petrópolis,RJ,2019-12-27,ACTIVE,True,2023-08-22 09:52:39
CUST00000655,Benício Sá,1981-10-22,sampaiodiogo@example.com,São Paulo,SP,2018-07-20,ACTIVE,False,2024-04-07 02:41:59
CUST00000097,Mariane Ribeiro,1948-01-12,davi-miguel85@example.org,Duque de Caxias,RJ,2019-01-09,ACTIVE,True,2024-09-21 00:46:35
CUST00002364,Srta. Pietra Pimenta,1972-01-17,wramos@example.net,Juiz de Fora,MG,2022-08-23,ACTIVE,True,2025-11-05 20:41:25
CUST00002170,Ana Aragão,2006-04-15,helena35@example.net,Curitiba,PR,2019-01-14,ACTIVE,False,2025-12-21 00:05:36
CUST00004679,Josué Almeida,1989-05-12,rda-conceicao@example.com,Olinda,PE,2025-02-04,ACTIVE,True,2025-10-29 14:44:19
CUST00002002,Stella Guerra,1974-05-17,kpinto@example.com,Cascavel,PR,2022-04-24,INACTIVE,False,2022-11-17 12:31:46
CUST00000519,Lívia Machado,1974-02-27,da-luzotto@example.org,Duque de Caxias,RJ,2020-05-13,ACTIVE,True,2020-07-21 17:41:53
CUST00002222,Kaique Rocha,1990-11-21,isabel76@example.org,Curitiba,PR,2026-03-27,ACTIVE,True,2026-07-30 22:02:07
CUST00001925,Bianca Leão,1969-03-18,rvasconcelos@example.net,Santa Maria,RS,2023-12-23,ACTIVE,True,2025-10-13 00:54:36
CUST00003760,Ester Castro,1990-06-09,pereiraeloah@example.com,Caruaru,PE,2022-08-08,ACTIVE,False,2024-12-15 11:00:03
CUST00001933,Maria Flor Martins,1985-08-17,kvieira@example.org,Montes Claros,MG,2021-02-05,BLOCKED,True,2021-09-29 14:14:09
CUST00000994,Dra. Ana Liz da Mota,1994-09-13,henrymartins@example.com,Feira de Santana,BA,2022-03-13,ACTIVE,True,2024-09-14 16:22:29
CUST00002272,Sr. Gabriel Peixoto,1973-06-28,da-rochadavi@example.net,Campinas,SP,2022-11-03,ACTIVE,True,2026-03-22 09:30:17
CUST00001290,Davi Lucas Porto,2005-03-07,daniela67@example.net,Nova Iguaçu,RJ,2025-09-07,ACTIVE,True,2026-03-07 04:35:06
CUST00002603,Caleb Brito,1955-09-12,dmoura@example.net,Santos,SP,2021-06-27,ACTIVE,False,2023-01-27 09:33:40
CUST00003224,Marina Castro,1979-12-16,bsa@example.org,Canoas,RS,2018-02-06,ACTIVE,True,2022-11-13 19:29:56
CUST00004549,Allana Rodrigues,1991-02-18,joao-pedro03@example.net,Camaçari,BA,2020-05-16,ACTIVE,True,2020-07-08 02:24:20
CUST00003227,Maitê Porto,1996-02-16,piresvitoria@example.com,Contagem,MG,2019-08-04,ACTIVE,True,2020-07-25 22:20:55
CUST00001158,Lorenzo Cassiano,1965-03-21,barrosmaria-clara@example.net,Niterói,RJ,2018-10-12,ACTIVE,True,2026-07-06 13:43:28
CUST00001166,Melissa Gomes,1980-01-30,kda-mata,Belo Horizonte,MG,2020-07-08,ACTIVE,False,2021-03-02 00:35:25
CUST00000022,Vitória Abreu,1981-07-09,mariana01@example.com,São Paulo,SP,2021-09-15,ACTIVE,True,2025-11-01 03:07:42
CUST00002556,Letícia Rodrigues,1962-11-27,scassiano@example.org,Juiz de Fora,MG,2023-02-12,ACTIVE,True,2024-12-23 21:49:42
CUST00001528,Diogo da Mota,2006-08-24,vitor-hugovieira@example.org,São José dos Campos,SP,2023-05-19,INACTIVE,True,2026-03-08 08:53:37
CUST00003947,Luísa Montenegro,2007-01-17,qda-cruz@example.net,Belo Horizonte,MG,2018-01-21,ACTIVE,True,2023-05-03 09:27:30
CUST00001004,Sra. Amanda Marques,2002-01-29,ivargas@example.net,São José dos Campos,SP,2018-02-09,ACTIVE,True,2020-12-30 18:58:58
CUST00003222,Vinícius da Costa,1974-05-31,fogacalorenzo@example.com,Cariacica,ES,2024-09-24,ACTIVE,False,2026-03-26 16:49:31
CUST00004042,Felipe Guerra,1971-08-14,npereira@example.com,Caruaru,PE,2023-05-26,ACTIVE,True,2025-01-07 12:22:50
CUST0000002@,Sr. Erick Andrade,1992-02-08,costelaoliver@example.com,Curitiba,PR,2021-03-04,ACTIVE,True,2024-09-30 19:23:19
CUST00001573,Ana Vitória Sales,1973-06-13,umendes@example.net,Campinas,SP,2019-02-15,ACTIVE,yes,2021-01-17 22:58:52
CUST00003363,Heitor Cavalcanti,2009-07-21,gbrito@example.net,Canoas,RS,2020-12-15,ACTIVE,False,2026-02-12 20:14:38
CUST00004137,João Miguel Carvalho,1963-01-16,trodrigues@example.com,Jaboatão dos Guararapes,PE,2023-08-16,ACTIVE,False,2025-01-06 07:25:55
CUST00002576,Clara Peixoto,1980-10-10,fda-paz@example.net,Santa Maria,RS,2019-01-11,ACTIVE,True,2024-07-30 14:44:41
CUST00004548,Manuela Barros,1995-02-26,giovannamachado@example.org,Londrina,PR,2023-12-14,ACTIVE,True,2025-07-31 01:46:01
CUST00002496,Esther Abreu,2027-03-04,arthur-gabriel55@example.com,Ribeirão Preto,SP,2020-02-08,ACTIVE,False,2020-10-19 14:34:55
CUST00002186,Srta. Melina Peixoto,1988-07-24,ribeiromilena@example.org,Campinas,SP,2021-06-05,ACTIVE,False,2022-04-23 14:38:43
CUST00002904,Maria Cecília Sales,1998-03-20,melopedro-henrique@example.com,Rio de Janeiro,RJ,2024-02-09,ACTIVE,True,2024-12-31 10:14:57
CUST00000006,Lucca Caldeira,1962-07-05,garciagael@example.com,Vitória da Conquista,BA,2024-06-22,ACTIVE,True,2024-12-16 00:19:54
CUST00001697,Sarah Cavalcante,1989-01-13,gabrielbrito@example.com,Montes Claros,MG,2018-09-02,ACTIVE,True,2024-09-03 12:58:22
CUST00002927,Maria Eduarda da Rosa,1990-05-17,santosfernando@example.net,Uberaba,MG,2026-05-02,ACTIVE,True,2026-07-21 13:43:43
CUST00002663,,1990-06-30,ocamargo@example.com,Ribeirão Preto,SP,2019-04-28,INACTIVE,True,2019-09-23 09:05:41
CUST00003433,André Fonseca,1980-05-25,vsilveira@example.net,Ribeirão Preto,SP,2026-07-25,ACTIVE,True,2026-07-26 06:12:02
CUST00002874,Ana Lima,1999-03-19,ryanviana@example.com,Sorocaba,SP,2021-08-14,ACTIVE,True,2025-12-04 20:24:17
CUST00003513,Nicole Monteiro,1998-09-05,catarina42@example.com,São Paulo,SP,2023-10-20,INACTIVE,True,2024-07-22 05:30:25
CUST00003824,Isis da Mata,1991-05-26,caioda-conceicao@example.org,Montes Claros,MG,2019-11-06,ACTIVE,True,2024-09-05 06:48:09
CUST00001764,Srta. Marina Sampaio,1986-02-05,inovaes@example.org,Canoas,RS,2018-03-26,ACTIVE,False,2023-08-19 08:30:16
CUST00003424,João Pedro Rios,2002-05-27,ccamargo@example.org,Uberlândia,minas gerais,2025-06-15,ACTIVE,False,2026-05-10 12:02:36
CUST00003467,Sophie Camargo,1998-03-21,icassiano@example.org,São José dos Campos,SP,2026-01-05,INACTIVE,False,2026-04-05 13:22:29
CUST00004258,Sra. Marcela da Rosa,1991-10-27,nascimentojoao-vitor@example.org,Pelotas,Rio Grande do Sul,2024-03-12,ACTIVE,True,2024-11-20 00:43:52
CUST00000948,Apollo Pinto,1973-06-14,araujopedro-henrique@example.net,Jaboatão dos Guararapes,PE,2018-06-21,ACTIVE,True,2020-12-05 16:00:08
CUST00002309,Júlia da Mata,1995-12-01,sampaiomaria-luiza@example.org,Duque de Caxias,RJ,2021-05-22,INACTIVE,True,2021-07-03 02:04:50
CUST00002915,Davi Aparecida,1984-08-07,albuquerqueleo@example.org,Feira de Santana,BA,2020-02-22,ACTIVE,True,2024-04-13 13:18:04
CUST00003086,Alexandre da Paz,1996-02-08,maria-julia35@example.org,Anápolis,GO,2024-05-12,ACTIVE,False,2024-11-08 12:53:54
CUST00001177,Sr. Heitor Cirino,1938-08-28,souzavalentim@example.net,São José dos Campos,SP,2018-04-18,ACTIVE,True,2024-04-05 04:18:23
CUST00002111,Juliana Caldeira,2007-04-28,mnovais@example.net,Ribeirão Preto,SP,2022-11-18,ACTIVE,True,2025-10-03 16:45:25
CUST00001200,Brenda Caldeira,2004-08-30,novaisbryan@example.net,Juiz de Fora,MG,2025-08-27,ACTIVE,False,2026-06-10 19:01:02
CUST00004341,Benício Pires,1985-07-24,arthur-gabrielpinto@example.org,Juiz de Fora,MG,2020-01-18,ACTIVE,True,2022-04-20 07:26:33
CUST00001322,Anna Liz Viana,2005-11-13,rafael11@example.org,Uberlândia,MG,2021-10-02,INACTIVE,True,2026-05-28 17:47:20
CUST00004127,Mirella Souza,1977-07-17,camposmelissa@example.com,São Paulo,SP,2020-11-21,ACTIVE,True,2022-04-22 03:41:35
CUST00003382,Alícia Costela,1976-05-02,lauraramos@example.net,Niterói,RJ,2023-08-23,ACTIVE,yes,2025-08-02 11:23:34
CUST00004611,Sr. Gabriel Fernandes,1998-07-22,znascimento@example.com,Maringá,PR,2023-11-16,ACTIVE,True,2025-06-29 18:21:49
CUST00002621,Asafe Correia,1985-01-30,moreiranicolas@example.com,Rio de Janeiro,RJ,2022-05-13,INACTIVE,True,2022-08-23 23:35:25
CUST00000209,Maria Liz Moura,1998-10-22,goncalvesana-luiza@example.net,Belo Horizonte,MG,2019-05-24,ACTIVE,yes,2022-02-19 11:19:44
CUST00000230,Fernando Sales,2009-06-10,lunaaparecida@example.com,Contagem,MG,2025-09-29,ACTIVE,True,2026-03-31 03:40:53
CUST00003164,Sr. Pedro Lucas Lima,1940-09-22,maria-lizpimenta@example.net,São Paulo,SP,2019-08-02,ACTIVE,True,2025-10-20 09:45:10
CUST00001178,Pedro Henrique Nascimento,2003-09-10,abreuisabela@example.org,Ribeirão Preto,SP,2019-10-10,ACTIVE,True,2021-11-09 07:56:23
CUST00003901,Julia Borges,1987-05-28,caleb03@example.net,Ribeirão Preto,SP,2023-09-20,ACTIVE,True,2024-11-14 16:15:01
CUST00000820,Luna Rodrigues,1983-03-19,camargojulia@example.com,Belo Horizonte,MG,2022-10-29,INACTIVE,True,2024-02-29 15:37:00
CUST00002195,Bárbara Câmara,1992-04-12,nuneszoe@example.org,Caxias do Sul,RS,2019-04-07,blocked,True,2019-07-09 11:11:35
CUST00000397,Sr. Rhavi Dias,1995-01-21,isabelladias@example.com,São Paulo,SP,2024-02-19,INACTIVE,False,2026-03-09 21:43:54
CUST00003605,Juliana Azevedo,1972-06-28,abreucamila@example.org,Santos,SP,2023-10-18,ACTIVE,True,2024-11-03 20:33:34
CUST00002290,Maria Laura Almeida,1977-02-15,marina06@example.net,São José dos Campos,SP,2024-01-26,INACTIVE,True,2025-09-25 18:25:19
CUST00004756,Benicio Gomes,1962-01-12,sbrito@example.net,Uberlândia,MG,2022-08-11,ACTIVE,False,2023-10-13 12:46:46
CUST00000837,Paulo das Neves,1987-09-02,manuela82@example.org,São José dos Campos,SP,2021-05-14,INACTIVE,True,2023-02-05 10:23:14
CUST00001897,Arthur Gabriel Ramos,1981-06-28,maria-luiza60@example.net,Juiz de Fora,MG,2020-04-25,ACTIVE,True,2021-05-12 21:45:00
CUST00002291,Asafe Costa,1991-08-29,costelaraul@example.net,Campinas,São Paulo,2019-05-01,ACTIVE,True,2022-06-13 21:29:13
CUST00004235,Vitória Andrade,1987-09-22,milena51@example.net,Duque de Caxias,RJ,2025-06-29,ACTIVE,True,2026-05-18 09:11:01
CUST00002559,Brayan Cassiano,1968-01-14,ninamartins@example.org,Montes Claros,MG,2025-01-05,ACTIVE,True,2025-07-30 08:37:08
CUST00003802,Ana Liz Oliveira,1963-12-21,larabarros@example.com,Sorocaba,SP,2021-11-07,ACTIVE,True,2026-03-25 17:40:19
CUST00001099,Murilo Câmara,1939-12-29,silvagabriel@example.net,Santos,SP,2018-07-09,INACTIVE,True,2024-02-15 22:21:05
CUST00002517,Theo Abreu,1966-02-08,guerramateus@example.net,Montes Claros,MG,2021-05-12,ACTIVE,True,2022-06-02 14:53:54
CUST00001587,Ana Vitória Cassiano,1980-06-06,zbrito@example.org,Cariacica,ES,2024-04-15,ACTIVE,True,2026-06-30 04:29:02
CUST00000081,Anna Liz Carvalho,1992-10-01,ravigomes@example.net,São José dos Campos,São Paulo,2023-02-02,ACTIVE,True,2026-02-26 11:25:44
CUST00003986,Dr. Benicio Barbosa,1975-02-21,enzofarias@example.org,Uberlândia,MG,2021-06-17,ACTIVE,True,2026-02-14 19:02:38
CUST00003815,,1979-12-25,calebe89@example.net,Juiz de Fora,MG,2023-10-07,ACTIVE,False,2024-01-30 10:21:12
CUST00003493,,1955-04-05,lavinia77@example.org,Olinda,PE,2024-01-21,INACTIVE,True,2024-09-24 17:49:44
CUST00001131,Lunna da Paz,1975-06-13,enzo-gabrielleao@example.com,Juiz de Fora,MG,2026-10-28,ACTIVE,True,2024-02-05 21:27:09
CUST00001337,Matheus da Paz,1990-08-31,ravi-luccada-rocha@example.net,Ribeirão Preto,SP,2022-04-23,ACTIVE,False,2024-09-06 02:38:37
CUST00003795,Ana Luiza Moraes,1986-03-20,jose-miguelcostela@example.com,Feira de Santana,BA,2020-03-01,BLOCKED,True,2024-05-31 12:45:46
CUST00000607,Heloisa Rios,1983-01-09,rafaela89@example.org,Santos,SP,2018-01-27,ACTIVE,yes,2018-06-10 20:20:35
CUST00004263,Eloá Fonseca,1994-07-26,luiz-felipeandrade@example.net,Campinas,São Paulo,2019-07-31,ACTIVE,True,2023-09-20 15:14:34
CUST00004023,Júlia Freitas,1968-11-17,joaquimfarias@example.org,Santa Maria,RS,2019-06-05,ACTIVE,False,2025-05-26 10:07:03
CUST00004268,Asafe Almeida,1973-11-14,jose-pedro14@example.net,Feira de Santana,BA,2018-10-16,ACTIVE,True,2020-10-26 07:43:03
CUST00000771,Gael da Cunha,1963-01-15,halbuquerque@example.net,Duque de Caxias,RJ,2024-06-28,ACTIVE,True,2025-07-10 14:27:46
CUST00003554,Carlos Eduardo Mendes,1992-12-22,,Uberaba,MG,2019-02-07,ACTIVE,True,2025-11-25 04:18:04
CUST00004200,Mariane Novaes,2003-09-28,gfogaca@example.org,Nova Iguaçu,RJ,2023-07-04,ACTIVE,True,2024-04-18 09:38:20
CUST00001539,Maria Luiza Brito,1974-10-17,apollopereira@example.org,Canoas,RS,2026-12-14,INACTIVE,False,2025-10-29 10:17:55
CUST00003683,Catarina da Rocha,1966-05-19,fariaskevin@example.org,Curitiba,PR,2018-12-26,BLOCKED,yes,2026-07-28 23:25:15
CUST00004586,Nicole Rios,2006-02-04,aaraujo@example.com,Campinas,SP,2026-04-09,active,True,2026-06-12 03:00:02
CUST00000544,Dr. João Gomes,1962-01-21,moliveira@example.com,Sorocaba,SP,2022-03-25,ACTIVE,False,2026-02-17 14:13:07
CUST00003141,Ana Clara Mendes,1962-01-06,ana-julia85@example.org,Ribeirão Preto,SP,2022-12-22,ACTIVE,False,2026-06-23 23:04:15
CUST00001581,Dr. Luiz Henrique Cardoso,1993-09-06,fariasjoana@example.net,São Paulo,São Paulo,2024-01-26,ACTIVE,True,2025-07-09 07:27:50
CUST00000790,Vicente Ribeiro,1978-12-26,aparecidajose-pedro@example.org,São José dos Campos,SP,2025-02-20,ACTIVE,True,2026-01-10 00:21:57
CUST00003357,Júlia Brito,1990-06-21,liamda-mata@example.com,Curitiba,PR,2021-11-15,ACTIVE,True,2024-11-11 16:17:01
CUST00001625,Ana Beatriz Albuquerque,1962-12-05,cassianoevelyn@example.net,Canoas,RS,2019-04-22,ACTIVE,True,2022-06-01 04:05:05
CUST00002219,Mateus Melo,1998-08-28,kmendes@example.org,Sorocaba,SP,2021-10-01,active,True,2023-12-31 06:09:26
CUST00001423,Srta. Bianca Lopes,1999-07-17,castrobeatriz@example.com,Santa Maria,RS,2022-12-14,ACTIVE,False,2023-06-18 18:51:52
CUST00001663,Aylla Leão,1980-01-30,yan55@example.com,São Paulo,SP,2018-08-05,ACTIVE,True,2020-04-26 17:18:15
CUST00002346,Isadora Abreu,1988-10-21,vvasconcelos@example.net,São Paulo,SP,2019-07-16,ACTIVE,True,2025-03-17 06:02:08
CUST00000622,Davi Vargas,1999-11-17,qmarques@example.net,Sorocaba,SP,2018-04-04,ACTIVE,False,2019-12-28 04:31:48
CUST00001694,Mariane Farias,1975-07-05,cavalcantivinicius@example.org,Juazeiro do Norte,CE,2019-09-04,ACTIVE,True,2021-02-21 19:24:25
CUST00002889,Léo da Luz,1980-10-11,ana-luizacardoso@example.org,Porto Alegre,RS,2021-12-20,INACTIVE,True,2024-10-16 20:55:34
CUST00001785,Lucca Oliveira,1995-12-17,nandrade@example.com,São José dos Campos,SP,2023-07-29,ACTIVE,True,2025-12-27 15:38:08
CUST00003459,Beatriz Pastor,2006-07-28,pteixeira@example.net,Santos,SP,2022-03-26,ACTIVE,False,2025-03-02 09:04:52
CUST00001552,Maria Eduarda da Luz,1953-05-17,vianaandre@example.org,Maringá,PR,2018-07-05,ACTIVE,True,2018-08-02 19:30:56
CUST00001795,Sr. Breno Montenegro,2001-11-21,gcamargo@example.org,Uberlândia,minas gerais,2023-02-26,ACTIVE,False,2024-05-05 03:25:20
CUST00004634,Ana Laura Mendes,1920-04-10,ana83@example.org,Belo Horizonte,MG,2022-12-01,ACTIVE,True,2026-07-25 17:26:12
CUST00000505,Isabella da Mata,1985-11-22,teixeirapedro-lucas@example.net,Canoas,RS,2019-11-22,ACTIVE,True,2025-12-12 17:24:57
CUST00001303,Luiz Miguel Aparecida,1985-05-25,costamiguel@example.com,Santos,SP,2023-02-16,ACTIVE,True,2024-05-31 07:46:10
CUST00000433,Sra. Mariane Cavalcante,1992-05-24,noahcostela@example.org,São Paulo,São Paulo,2023-04-12,ACTIVE,True,2025-12-01 03:41:03
CUST00002551,Sra. Maria Alice Sá,2005-07-13,snovais@example.org,Petrópolis,RJ,2026-01-28,ACTIVE,False,2026-02-23 00:11:22
CUST00001441,Elisa Oliveira,1969-07-26,luisasampaio@example.com,Ribeirão Preto,SP,2022-04-29,ACTIVE,True,2026-01-05 22:27:15
CUST00004145,Gabrielly Câmara,1995-11-05,alicia88@example.net,Vitória da Conquista,BA,2018-07-23,ACTIVE,True,2026-04-26 20:32:22
CUST00001872,Eloá Pires,1976-06-13,vcarvalho@example.net,Campinas,SP,2024-02-12,INACTIVE,False,2024-06-25 06:07:39
CUST00004484,Stephany Vargas,2000-07-30,luiza01@example.net,Uberlândia,MG,2025-08-30,ACTIVE,True,2026-02-21 02:23:46
CUST00000928,Dra. Ana Vitória Rodrigues,1999-04-28,caue58@example.org,Contagem,MG,2019-06-14,BLOCKED,True,2020-06-14 19:03:14
CUST00004443,Ravi da Mata,1974-09-03,marina24@example.org,Montes Claros,MG,2022-08-20,INACTIVE,True,2024-01-21 03:18:40
CUST00004785,Sabrina Silva,1989-07-16,matteovieira@example.net,Santos,SP,2022-09-04,ACTIVE,True,2024-04-11 04:39:19
CUST00000987,Dr. Augusto Caldeira,1998-06-16,nascimentoluiz-gustavo@example.org,Juiz de Fora,MG,2025-05-31,ACTIVE,True,2026-05-02 21:05:26
CUST00002943,Dra. Maria Luiza Carvalho,1961-10-01,lda-mata@example.org,Campinas,SP,2025-02-16,ACTIVE,False,2025-09-17 02:12:50
CUST00001632,Ísis Barros,1949-03-11,valves@example.net,Ribeirão Preto,SP,2018-08-03,INACTIVE,True,2024-11-13 13:32:25
CUST00002678,Nathan Monteiro,1958-01-06,jademoreira@example.org,Sorocaba,SP,2022-07-03,ACTIVE,True,2025-01-01 10:09:35
CUST00003684,Emilly da Conceição,1962-10-25,ravi09@example.com,Rio de Janeiro,RJ,2026-06-26,ACTIVE,True,2026-07-04 19:30:09
CUST00000194,Amanda Pereira,1965-04-23,benjamin24@example.net,Campinas,SP,2023-07-26,ACTIVE,True,2024-09-12 08:04:05
CUST00004433,Sr. Benjamin Leão,1935-10-30,enzo91@example.org,São José dos Campos,São Paulo,2019-01-02,ACTIVE,True,2019-04-16 09:07:53
CUST00000690,Eloá Câmara,2005-06-02,jpeixoto@example.net,Sorocaba,SP,2018-10-13,ACTIVE,True,2025-05-05 11:31:50
CUST00002659,Miguel Moura,1997-05-16,davi-luiz33@example.org,Uberlândia,MG,2019-04-09,INACTIVE,True,2021-08-21 16:41:04
CUST00001653,Ester Fogaça,1967-12-10,diogocunha@example.net,São José dos Campos,SP,2026-03-14,ACTIVE,False,2026-04-14 03:07:47
CUST00003406,Sra. Letícia Nogueira,1988-03-29,novaeslais@example.com,Petrópolis,RJ,2020-06-30,BLOCKED,True,2026-01-31 23:34:07
CUST00000158,Ana Julia Pereira,1985-09-15,xda-paz@example.org,Ribeirão Preto,SP,2023-02-28,INACTIVE,False,2025-01-06 09:47:42
CUST00002696,Yasmin Dias,1982-11-02,guerramarcelo@example.net,Campinas,SP,2021-12-06,ACTIVE,True,2024-12-05 16:53:17
CUST00002011,Sra. Emanuelly Aparecida,1963-09-08,agatha13@example.net,Cascavel,PR,2025-06-26,ACTIVE,False,2025-07-06 21:13:51
CUST00003663,Sra. Sophia Nogueira,1997-11-10,isaacfogaca@example.net,Volta Redonda,RJ,2019-08-07,INACTIVE,True,2023-06-26 12:40:57
CUST00002983,Luiz Felipe Rezende,1979-05-07,almeidaemanuella@example.org,Sorocaba,SP,2024-08-14,ACTIVE,True,2026-07-22 19:31:11
CUST00004269,Srta. Ana Julia Melo,1958-03-10,marquesian@example.com,Camaçari,BA,2019-10-26,BLOCKED,True,2026-01-16 06:07:17
CUST00002211,Noah Dias,1983-07-16,vda-cruz@example.org,Montes Claros,MG,2024-05-06,ACTIVE,True,2026-05-29 21:06:41
CUST00002292,Alana Ferreira,1985-08-21,pachecoemilly@example.net,Jaboatão dos Guararapes,PE,2022-05-30,ACTIVE,False,2024-01-15 05:24:57
CUST00000060,João Lucas Ferreira,1972-11-29,irocha@example.com,Uberlândia,MG,2021-01-29,ACTIVE,False,2023-05-23 04:32:49
CUST00003044,Sr. Kevin Ramos,2000-12-07,dcavalcante@example.org,Montes Claros,MG,2020-01-25,ACTIVE,True,2021-07-18 22:30:02
CUST00000394,Dr. Josué Silveira,1999-10-25,npeixoto@example.org,Curitiba,PR,2022-04-30,ACTIVE,True,2025-11-06 07:30:22
CUST00003354,Eloá da Conceição,1989-05-02,pimentabernardo@example.net,Santos,SP,2019-07-03,INACTIVE,True,2020-09-14 07:12:06
CUST00000886,Erick Camargo,1963-05-19,breno31@example.com,Sorocaba,SP,2022-08-19,ACTIVE,True,2026-02-01 16:18:12
CUST00002180,Brayan Porto,1969-12-25,camargoliam@example.com,Campinas,SP,2019-09-24,INACTIVE,False,2026-04-11 12:47:21
CUST00000250,Bella Vargas,1992-07-06,joao-felipe05@example.net,Montes Claros,MG,2024-02-28,Inactive,False,2025-02-01 06:58:31
CUST00000529,Rebeca Cassiano,1997-12-10,fonsecaandre@example.com,Florianópolis,SC,2021-03-06,ACTIVE,True,2022-10-14 06:25:43
CUST00001659,Ana Clara da Mota,1982-07-04,hcampos@example.com,Uberlândia,MG,2020-06-08,ACTIVE,False,2023-09-14 22:46:35
CUST00003094,Julia Cardoso,1962-11-14,ottocunha@example.net,Duque de Caxias,RJ,2026-02-12,ACTIVE,True,2026-04-27 00:28:36
CUST00001402,Samuel Abreu,2007-04-02,azevedolara@example.net,Rio de Janeiro,RJ,2022-06-16,ACTIVE,True,2024-11-06 19:52:32
CUST00004682,Zoe Freitas,1979-02-17,maria-ceciliacastro@example.org,Joinville,SC,2019-07-26,ACTIVE,True,2021-02-21 02:38:53
CUST00004319,Maria Liz Moreira,1988-01-20,caleb96@example.net,Blumenau,SC,2025-03-26,ACTIVE,True,2025-04-16 18:18:01
CUST00000723,Emanuelly Melo,1999-09-25,daniela39@example.com,Uberlândia,MG,2024-11-04,ACTIVE,True,2025-02-23 17:58:46
CUST00000372,Miguel Barros,1987-05-12,jade79@example.org,Campinas,SP,2018-05-08,BLOCKED,False,2024-09-17 04:46:19
CUST00003212,Daniel Pimenta,1991-12-19,luizacasa-grande@example.org,Curitiba,paraná,2022-03-09,INACTIVE,True,2024-11-20 08:35:20
CUST00002210,Daniela Ramos,1981-11-28,yoliveira@example.org,Contagem,MG,2024-10-21,ACTIVE,True,2025-12-14 09:07:45
CUST00002185,Bernardo da Costa,1997-10-14,xpimenta@example.com,Ribeirão Preto,SP,2020-07-29,ACTIVE,yes,2022-11-04 19:27:53
CUST00004668,Elisa Sousa,1971-09-23,livia79@example.net,Rio de Janeiro,RJ,2025-12-06,ACTIVE,True,2026-04-26 09:58:54
CUST00002421,Isis Mendonça,1984-08-05,tmartins@example.com,Uberaba,MG,2023-08-08,BLOCKED,True,2024-01-16 12:41:59
CUST00001602,Maria Helena Araújo,1968-07-21,lorena73@example.org,Montes Claros,minas gerais,2021-01-26,ACTIVE,True,2022-12-07 07:58:17
CUST00002573,Dra. Anna Liz Barros,1981-02-27,maria-luisabrito@example.com,Campinas,SP,2021-08-19,ACTIVE,True,2021-11-20 02:49:27
CUST00004437,Oliver Montenegro,1984-01-11,kevinrodrigues@example.org,Niterói,RJ,2022-12-14,ACTIVE,True,2023-08-15 05:14:04
CUST00003142,Noah Freitas,1990-09-03,maria-julia92@example.org,São José dos Campos,SP,2020-08-02,ACTIVE,False,2023-06-09 03:05:03
CUST00001174,Bruno Vargas,1977-08-09,camargomaria-eduarda@example.org,Londrina,PR,2022-01-21,ACTIVE,False,2025-02-19 22:23:10
CUST00001097,Maitê Cavalcante,1986-05-15,emanuella63@example.com,Campinas,SP,2024-06-13,ACTIVE,True,2025-07-16 20:43:28
CUST00002393,Dr. Antônio Monteiro,1942-10-23,mmacedo@example.org,Porto Alegre,RS,2019-01-08,ACTIVE,True,2024-08-25 12:08:17
CUST00002429,Camila Macedo,1994-09-19,wlopes@example.net,Nova Iguaçu,RJ,2024-11-15,ACTIVE,True,2026-04-05 04:20:20
CUST00001415,Léo Machado,1995-12-19,amoraes@example.net,Niterói,RJ,2021-11-13,ACTIVE,False,2024-04-13 22:33:41
CUST00004209,Benjamim Marques,1985-01-14,alanacavalcanti@example.net,Contagem,MG,2018-01-20,INACTIVE,True,2018-05-02 23:30:05
CUST00002814,Srta. Luiza Viana,1957-02-09,,Feira de Santana,BA,2020-10-13,ACTIVE,False,2020-10-21 14:59:45
CUST00000699,Ísis Jesus,1975-05-10,marcos-vinicius00@example.net,Camaçari,BA,2024-12-27,ACTIVE,True,2025-12-11 13:27:40
CUST00003559,Enzo Santos,1976-12-23,azevedodaniela@example.net,Montes Claros,MG,2020-03-02,ACTIVE,True,2020-04-26 02:59:06
CUST00002361,Sophie Barbosa,1992-05-30,thalespires@example.com,Niterói,RJ,2021-08-08,ACTIVE,True,2025-07-25 15:52:22
CUST00002777,Vicente Caldeira,1968-08-18,alexiacavalcanti@example.org,Porto Alegre,RS,2021-06-03,ACTIVE,yes,2023-11-03 02:47:17
CUST00003813,Alícia da Cruz,1982-01-23,ccorreia@example.net,Petrópolis,RJ,2021-12-18,BLOCKED,True,2025-02-12 04:50:42
CUST00000223,Matheus da Paz,1989-02-04,kaique51@example.net,Aparecida de Goiânia,GO,2022-03-09,ACTIVE,yes,2023-05-31 05:21:14
CUST00003175,Sr. Fernando Cassiano,1976-04-10,bruno95@example.com,Duque de Caxias,RJ,2025-01-24,ACTIVE,yes,2025-07-10 15:26:35
CUST00001149,Valentim Dias,1982-10-27,ucavalcante@example.net,Campinas,SP,2021-04-28,ACTIVE,True,2023-03-24 17:23:24
CUST00004473,Dr. Emanuel Montenegro,2000-07-13,ida-mota@example.net,Joinville,SC,2022-06-06,ACTIVE,yes,2022-09-17 09:49:57
CUST00001732,Dra. Gabriela Melo,1969-10-01,sda-rocha@example.net,São José dos Campos,São Paulo,2018-04-02,ACTIVE,True,2020-10-26 10:29:20
CUST00000804,Luiz Miguel Machado,2003-10-14,agoncalves@example.net,Campinas,SP,2020-01-27,ACTIVE,True,2026-06-02 08:33:22
CUST00004342,Davi Lucas da Mota,1998-03-14,ana-beatrizabreu@example.com,Canoas,RS,2020-03-03,ACTIVE,True,2024-08-04 16:13:07
CUST00004449,Sr. Antônio da Cunha,1966-02-20,portomilena@example.net,Caxias do Sul,RS,2023-01-31,active,True,2024-11-02 21:41:11
CUST00001988,Arthur Gabriel Rodrigues,1992-12-24,emoreira@example.com,Ribeirão Preto,SP,2026-06-28,ACTIVE,False,2026-06-28 03:34:45
CUST00002549,Vitor Hugo Cavalcante,2008-08-12,mendoncapedro@example.com,Sorocaba,SP,2023-04-28,INACTIVE,True,2024-03-16 11:54:13
CUST00001490,Luiz Gustavo Caldeira,2003-10-22,ferreiramarcelo@example.com,Camaçari,BA,2024-03-11,ACTIVE,True,2026-02-20 02:51:41
CUST00003053,Arthur Gabriel Sales,1980-06-05,eduardobarros@example.net,Uberlândia,MG,2024-08-15,ACTIVE,True,2025-01-25 01:07:08
CUST00000724,Gabriel Monteiro,1984-09-22,ravysousa@example.org,São José dos Campos,SP,2019-03-12,INACTIVE,False,2019-06-28 07:25:00
CUST00004562,Maria Julia Oliveira,1945-09-06,caiocamara@example.net,Uberlândia,MG,2021-09-28,ACTIVE,True,2024-05-25 06:14:52
CUST00004518,Bárbara Vasconcelos,1987-11-17,julianacavalcante@example.org,São José dos Campos,SP,2021-11-07,ACTIVE,False,2025-04-06 08:01:37
CUST00001485,Maria Aragão,1976-03-25,ymonteiro@example.org,Uberaba,MG,2022-05-26,ACTIVE,True,2023-08-13 17:25:10
CUST00000454,Dom Jesus,1979-04-02,fcunha@example.org,Sorocaba,SP,2023-02-13,ACTIVE,True,2026-07-09 14:23:59
CUST00003396,Henry Gabriel Oliveira,1990-02-26,rdias@example.com,Niterói,RJ,2025-12-20,ACTIVE,False,2026-06-10 14:33:02
CUST00002425,Rhavi Azevedo,1984-12-30,bianca34,Curitiba,PR,2024-09-06,ACTIVE,True,2026-01-30 11:24:15
CUST00002602,Sr. Vinicius da Cunha,1990-09-20,joaquim63@example.org,Cariacica,ES,2020-11-29,Inactive,True,2021-10-08 00:56:57
CUST00003245,Liz Azevedo,1989-09-18,noliveira@example.com,Sorocaba,SP,2021-10-07,BLOCKED,True,2026-06-20 18:36:41
CUST00000841,Srta. Luiza Jesus,2001-01-08,cda-rosa@example.net,Jaboatão dos Guararapes,pernambuco,2018-03-23,ACTIVE,False,2023-05-05 02:31:41
CUST00001061,Benício da Rosa,1996-09-21,sagael@example.org,São Paulo,SP,2024-07-26,ACTIVE,True,2024-08-02 09:12:55
CUST00000481,Igor Nogueira,1986-03-15,antony50@example.net,Recife,PE,2018-02-23,ACTIVE,True,2025-03-16 16:03:15
CUST00003853,Dra. Ana Carolina Campos,1974-12-19,marquesjoao@example.org,Santos,SP,2023-10-27,ACTIVE,True,2026-01-07 12:52:30
CUST00001227,Thiago Cardoso,2007-09-10,dsilva@example.org,Nova Iguaçu,RJ,2019-09-19,ACTIVE,False,2024-07-30 12:02:19
CUST00000953,Maria Julia Farias,1995-10-08,da-luzvinicius@example.org,Sorocaba,SP,2024-09-21,ACTIVE,False,2026-02-05 02:34:34
CUST00003112,Sra. Maria Luiza Martins,2001-03-08,cguerra@example.net,Santos,SP,2024-01-19,INACTIVE,False,2026-05-19 08:53:49
CUST00003753,Sra. Camila Oliveira,1962-05-21,teixeirasabrina@example.net,Cascavel,PR,2022-10-02,ACTIVE,True,2026-01-12 09:36:20
CUST00003272,Maria Julia da Rosa,1980-01-20,aylla59@example.org,São José dos Campos,SP,2023-10-10,ACTIVE,True,2025-07-18 01:18:19
CUST00003342,Agatha Nunes,1916-06-27,luiz-felipemontenegro@example.net,São José dos Campos,SP,2018-06-18,ACTIVE,False,2019-01-06 01:02:13
CUST00002975,Lívia Vargas,1971-10-20,heitor07@example.net,Pelotas,RS,2023-06-22,ACTIVE,True,2025-01-16 08:36:21
CUST00002475,Ana Luiza Melo,1996-01-25,mmartins@example.net,Ribeirão Preto,SP,2025-07-01,ACTIVE,True,2025-10-17 16:43:42
CLIENT00000002,Matteo Dias,1994-01-20,liammarques@example.org,Nova Iguaçu,RJ,2019-06-24,ACTIVE,False,2020-05-14 11:52:36
CUST00004608,Isabella Aragão,1979-06-25,pedropimenta@example.net,Sorocaba,SP,2020-02-12,ACTIVE,True,2026-05-20 11:48:08
CUST00000538,Stella Oliveira,1956-04-22,isaquesa@example.com,Duque de Caxias,RJ,2018-02-13,ACTIVE,True,2020-07-20 14:11:28
CUST00002000,Jade Porto,2000-08-30,benjamincunha@example.net,Camaçari,BA,2022-12-19,ACTIVE,True,2026-01-01 15:36:25
CUST00003183,Thales Caldeira,2001-01-29,luiz-fernandocasa-grande@example.com,Campinas,SP,2021-10-04,ACTIVE,True,2022-01-31 11:09:19
CUST00001776,Antônio Monteiro,1987-05-15,da-mataagatha@example.net,Belo Horizonte,MG,2022-11-08,ACTIVE,True,2023-03-19 19:09:49
CUST00000188,Dr. Levi Rios,2001-08-09,evelyn27@example.org,Montes Claros,MG,2022-05-04,BLOCKED,True,2023-11-09 17:25:28
CUST00001976,Luiza Montenegro,2001-03-18,zcamara@example.com,Santos,SP,2024-03-21,ACTIVE,True,2025-01-16 11:25:25
CUST00001980,Ana Pinto,2001-06-03,joao-guilhermepimenta,Cascavel,PR,2020-11-11,ACTIVE,True,2025-09-25 14:07:21
CUST00001753,Vitor Hugo Farias,2005-03-31,camaraamanda@example.com,Aparecida de Goiânia,GO,2021-08-02,ACTIVE,True,2024-11-06 06:52:00
CUST00004196,Laura Alves,1996-09-27,maya14@example.com,Uberaba,MG,2019-05-20,ACTIVE,False,
CUST00002169,Leandro Pastor,1973-08-15,ana-sophiasousa@example.org,Campinas,SP,2026-07-26,ACTIVE,True,2026-07-26 15:05:45
CUST00003873,Luiz Gustavo Pacheco,1988-09-04,cfonseca@example.net,Belo Horizonte,MG,2019-04-05,ACTIVE,False,2024-10-09 09:17:55
CUST00001790,Luara Azevedo,1967-07-18,qcirino@example.com,Ribeirão Preto,SP,2021-01-04,ACTIVE,True,2024-08-11 00:50:33
CUST00001871,Enzo Costa,1972-09-12,ccamargo@example.com,Belo Horizonte,MG,2023-05-26,ACTIVE,True,2024-11-29 10:18:01
CUST00004511,Vitor Gabriel Mendes,1988-06-17,luiz-felipefogaca@example.com,São José dos Campos,São Paulo,2021-10-22,ACTIVE,False,2021-12-10 09:18:44
CUST00001507,,1994-04-26,garciajoana@example.net,Montes Claros,MG,2018-02-19,INACTIVE,False,2025-10-10 09:46:30
CUST00004237,Letícia Fonseca,2000-01-09,rochajoao-vitor@example.net,Rio de Janeiro,RJ,2019-01-25,ACTIVE,True,2026-07-29 08:34:09
CUST00004796,Beatriz Silveira,1989-03-09,vgoncalves@example.net,Recife,PE,2019-10-21,INACTIVE,False,2023-08-12 22:34:42
CUST00000734,Otto Sampaio,1982-10-12,emanuella64,Ribeirão Preto,SP,2020-08-12,INACTIVE,True,2024-10-08 22:37:54
CUST00001026,Vitor da Rosa,2007-12-01,alvesjade@example.com,Sorocaba,SP,2020-04-06,INACTIVE,True,2021-12-18 08:00:50
CUST00002268,Sr. Vinícius Mendonça,1973-05-31,upereira@example.com,Uberaba,MG,2020-02-02,ACTIVE,True,2023-09-09 18:16:46
CUST00001939,Emilly Lima,2004-12-04,alicedas-neves@example.com,Belo Horizonte,MG,2024-09-20,ACTIVE,True,2025-07-10 12:29:13
CUST00001839,Daniel Sá,1985-01-20,larissa75,Uberlândia,MG,2021-03-19,ACTIVE,False,2022-07-26 14:12:57
CUST00003253,Maria Liz da Rocha,1983-07-19,almeidayasmin@example.org,Ribeirão Preto,SP,2018-05-31,ACTIVE,True,2023-07-14 12:11:52
CUST00000025,Eloah da Luz,1957-11-07,icunha@example.net,São José dos Campos,SP,2021-10-21,INACTIVE,True,2023-06-03 23:00:14
CUST00002200,Sr. Pedro da Rosa,1979-09-17,bryanmarques@example.com,São Paulo,SP,2021-04-25,ACTIVE,True,2023-10-09 03:47:47
CUST00003042,João Pedro Vasconcelos,1998-06-12,ana-clara07@example.com,Nova Iguaçu,RJ,2021-02-22,ACTIVE,False,2026-05-13 22:47:59
CUST00002910,Ágatha Souza,1991-09-20,qsantos@example.org,Nova Iguaçu,RJ,2023-11-13,ACTIVE,False,2026-01-14 09:53:59
CUST00004370,Maria Isis Costa,1987-04-18,olivia53@example.org,São José dos Campos,SP,2024-08-10,ACTIVE,True,2026-05-22 21:30:16
CUST00003104,Maria Clara Gomes,2000-07-02,diasyuri@example.com,Recife,PE,2019-09-26,INACTIVE,False,2020-08-10 02:25:29
CUST00001425,Rebeca Borges,1977-08-06,pietro99@example.org,Niterói,RJ,2022-04-16,ACTIVE,False,2023-12-15 10:35:48
CUST00001873,Maria Liz Albuquerque,1956-04-02,isaac64@example.net,Campinas,SP,2023-11-09,Inactive,True,2026-07-17 02:38:45
CUST00002818,Cauã Jesus,2002-08-05,jbrito@example.org,Montes Claros,MG,2018-12-26,ACTIVE,True,2024-04-16 05:12:10
CUST00004257,João Gabriel Albuquerque,1975-01-14,yagojesus@example.net,São Paulo,São Paulo,2020-08-31,ACTIVE,True,2025-08-03 06:31:48
CUST00000057,Dr. Josué da Mata,1992-10-08,henriquegarcia@example.org,Uberaba,MG,2020-10-17,INACTIVE,True,2024-09-29 14:18:39
CUST00001772,Vinicius da Mata,1998-09-07,vitoria81@example.org,Feira de Santana,BA,2026-07-13,ACTIVE,True,2026-07-26 17:48:38
CUST00002025,Letícia Pimenta,1989-08-19,leonardoduarte@example.org,Sorocaba,SP,2025-01-08,ACTIVE,True,2026-07-02 00:57:55
CUST00004358,Pietro Caldeira,1974-05-28,heloisa75@example.com,São José dos Campos,SP,2024-01-26,ACTIVE,False,2025-07-05 06:36:58
CUST00000155,Dr. Otávio Sales,2005-10-06,maria-alice43@example.com,São Paulo,SP,2018-02-01,ACTIVE,True,2021-04-27 06:19:18
CUST00001321,Ana Vitória Fogaça,1984-12-13,da-rochamelissa@example.net,Nova Iguaçu,RJ,2025-10-28,Inactive,True,2026-07-08 16:33:48
CUST00000343,Raul Ferreira,1995-11-20,yuricorreia@example.net,Londrina,PR,2022-08-14,ACTIVE,True,2022-12-26 15:57:50
CUST00003209,Melina Porto,1979-10-20,uda-cruz@example.net,Ponta Grossa,PR,2023-06-27,ACTIVE,True,2023-11-26 03:50:56
CUST00001881,Sr. Luiz Felipe Pires,1956-09-08,correiayan@example.com,Duque de Caxias,RJ,2019-09-19,ACTIVE,False,2024-03-25 15:25:14
CUST00000498,Mariane Cavalcanti,1989-07-13,paulo24@example.com,Ponta Grossa,PR,2021-04-23,BLOCKED,True,2024-06-25 06:37:38
CUST00001031,Maria Alice Borges,1989-11-20,daniel93@example.net,Petrópolis,RJ,2025-04-16,ACTIVE,True,2026-03-01 07:24:01
CUST00001282,Maysa Teixeira,1989-04-07,piresmaite@example.net,Juiz de Fora,MG,2024-12-30,ACTIVE,yes,2025-08-10 21:33:18
CUST00000195,Lucca Ferreira,1974-09-10,cirinojoao-pedro@example.net,Ribeirão Preto,SP,2020-01-10,ACTIVE,True,2022-10-24 19:28:49
CUST00002799,Luigi Santos,1970-08-10,martinsenzo-gabriel@example.org,Maringá,PR,2021-06-30,active,True,2023-08-11 12:16:59
CUST0009,Dra. Cecília Lima,1986-01-20,cirinoleo@example.org,Montes Claros,MG,2025-04-14,ACTIVE,True,2026-06-10 15:46:35
CUST00003020,Daniela Moraes,1997-11-01,zcavalcanti@example.net,Sorocaba,SP,2023-09-17,active,False,2024-10-25 22:44:36
CUST00003261,Calebe Novais,1998-03-29,matheus78@example.net,Ponta Grossa,PR,2020-09-19,ACTIVE,False,2025-10-20 08:22:39
CUST00001604,Bryan Casa Grande,1984-04-22,da-motajade@example.org,Uberaba,MG,2024-05-15,ACTIVE,True,2026-01-25 18:47:43
CUST00001915,Dr. Enzo Gabriel Andrade,1988-06-02,icassiano@example.net,Campinas,São Paulo,2024-11-10,ACTIVE,False,2026-01-01 00:22:30
CUST00003550,Fernanda Barbosa,1990-07-04,tmarques@example.net,Santos,SP,2019-09-23,ACTIVE,True,2023-01-02 10:25:26
CUST00002665,Manuella Garcia,1978-11-14,correiapedro-henrique@example.com,Uberlândia,MG,2024-03-14,ACTIVE,True,2026-04-13 00:38:08
CUST00003065,Bruna da Rosa,2002-04-02,ana-luiza30@example.com,Nova Iguaçu,RJ,2018-12-21,INACTIVE,True,2023-08-17 20:05:00
CUST00002442,Ravi Cassiano,1992-10-05,sampaiovitoria@example.net,Montes Claros,MG,2020-12-27,ACTIVE,True,2024-12-17 04:40:17
CUST00000925,Maria Clara Andrade,2002-10-06,nunesmaria-sophia@example.net,Contagem,MG,2018-12-02,ACTIVE,True,2022-12-20 16:00:11
CUST00002752,Nicole Sousa,1998-12-30,kcamara@example.com,Uberaba,MG,2022-08-26,ACTIVE,True,2026-03-11 21:38:30
CUST00003720,Murilo da Costa,1983-10-28,isaquecamargo@example.net,São José dos Campos,SP,2018-10-02,BLOCKED,True,2019-01-30 03:39:27
CUST00003372,Nicole Borges,1991-08-25,bernardorezende@example.com,Curitiba,PR,2020-11-29,ACTIVE,True,2023-12-27 17:21:27
CUST00004094,Stella da Rocha,1965-09-13,jose64@example.net,Petrópolis,RJ,2020-08-27,ACTIVE,True,2025-03-18 14:57:35
CUST00004018,Sra. Alice Dias,2005-11-04,ayla57@example.com,Rio de Janeiro,RJ,2020-05-12,ACTIVE,True,2022-04-23 19:48:43
CUST00001745,Sr. Erick Duarte,1985-05-09,sampaiomanuella@example.com,Salvador,bahia,2023-10-30,ACTIVE,True,2024-07-11 20:31:54
CUST00000901,José Pedro Fonseca,1964-07-10,scirino@example.net,Santos,SP,2026-02-09,ACTIVE,False,2026-06-15 16:52:16
CUST00001085,Felipe Novais,2006-03-23,lucas76@example.org,Ponta Grossa,PR,2018-08-10,INACTIVE,False,2024-03-04 21:02:52
CUST00000319,Dra. Ana Carolina Cavalcanti,1989-06-27,ccavalcanti@example.com,Duque de Caxias,RJ,2020-01-31,ACTIVE,True,2021-07-22 05:19:22
CUST00002191,Vinícius da Paz,1973-04-28,joao-pedronovaes@example.com,Ponta Grossa,PR,2024-05-15,ACTIVE,False,2026-07-23 05:40:09
CUST00001758,Sra. Ana Liz da Costa,2002-03-26,zbarbosa@example.net,Rio de Janeiro,RJ,2023-09-05,active,True,2024-11-04 19:05:32
CUST00000181,Bianca Machado,1970-09-11,caiosiqueira@example.net,Contagem,MG,2023-08-19,ACTIVE,True,2025-03-23 09:45:27
CUST00000044,Caroline Rios,1968-03-28,maria-cecilia51@example.org,São José dos Campos,SP,2019-03-19,ACTIVE,True,2021-02-07 01:51:36
CUST00003741,Maria Julia Ferreira,1972-08-01,sofia34@example.com,Sorocaba,SP,2018-01-12,INACTIVE,True,2024-11-03 21:54:51
CUST00001799,Cauê Pereira,1994-07-27,ana-sophiamoraes@example.net,Contagem,MG,2022-12-17,ACTIVE,True,2023-04-16 04:04:34
CUST00000322,Thiago Martins,1973-12-28,matheus15@example.org,Belo Horizonte,MG,2024-05-04,ACTIVE,False,2024-06-23 18:57:40
CUST00002208,Sr. Matheus Moreira,1982-02-05,,Ribeirão Preto,SP,2023-04-07,ACTIVE,True,2026-07-20 19:44:12
CUST00002702,Josué Porto,2009-12-04,sophiasousa@example.net,Rio de Janeiro,RJ,2026-04-09,ACTIVE,yes,2026-06-19 23:45:10
CUST00001566,Maria Vitória Cassiano,1968-06-14,maria-isissouza@example.org,Nova Iguaçu,RJ,2022-07-20,ACTIVE,yes,2023-09-01 06:04:01
CUST00003481,Cecilia da Paz,1936-10-28,milena13@example.org,Santos,SP,2019-05-20,active,True,2020-12-22 07:53:39
CUST00000023,Isaque Araújo,1999-02-25,emanuelbarros@example.net,Ponta Grossa,PR,2024-06-18,active,False,2024-11-12 21:29:53
CUST00003374,Ana Cecília Souza,2001-02-18,pbarbosa@example.com,Pelotas,RS,2026-03-04,ACTIVE,True,2026-06-07 19:31:27
CUST00004338,Erick da Costa,1974-11-27,tgarcia@example.com,Santos,SP,2019-02-11,ACTIVE,True,2023-05-28 20:45:34
CUST00000477,,1972-10-14,xda-paz@example.com,Sorocaba,SP,2018-02-22,ACTIVE,True,2018-08-05 20:48:47
CUST00002069,Dra. Emilly Fonseca,1979-06-24,vianaluan@example.org,Jaboatão dos Guararapes,PE,2021-09-01,ACTIVE,True,2024-03-31 00:07:21
,Daniel Aparecida,1973-05-22,lguerra@example.org,Jaboatão dos Guararapes,PE,2026-06-10,ACTIVE,True,2026-07-08 02:39:03
CUST00002308,Anthony Gabriel Camargo,1982-02-21,silveiraravy@example.com,Blumenau,SC,2023-09-12,ACTIVE,True,2026-03-25 18:25:23
CUST00004694,Noah Carvalho,2001-06-20,riosstella@example.net,Juiz de Fora,MG,2025-06-27,ACTIVE,True,2025-09-05 03:24:18
CUST00004377,Dra. Isabelly da Conceição,2007-06-23,nascimentodiego@example.net,Santos,SP,2018-10-27,INACTIVE,False,2022-04-09 08:22:29
CUST00000258,Yago da Rocha,1973-04-28,gustavo15@example.net,Santos,SP,2019-05-01,ACTIVE,True,2020-05-30 15:41:12
CUST00001044,Oliver Cavalcanti,1988-10-19,psales@example.org,Contagem,MG,2023-09-01,ACTIVE,True,2025-09-18 18:17:22
CUST00003937,Lucas Gabriel Sales,1971-12-28,hadassaguerra@example.com,Nova Iguaçu,Rio de Janeiro,2020-03-21,ACTIVE,False,2026-03-27 08:58:13
CUST00001202,Sra. Melina Teixeira,1994-03-27,gsiqueira@example.org,Petrópolis,RJ,2023-03-24,ACTIVE,True,2023-09-09 12:15:11
CUST00004204,Eduardo Alves,1971-05-16,xmelo@example.net,Sorocaba,SP,2025-10-08,ACTIVE,False,2025-11-07 15:11:33
CUST00001820,Sr. Diego Aparecida,1963-09-21,lorenamoreira@example.com,São Paulo,SP,2020-10-02,INACTIVE,False,2023-04-07 19:58:08
CUST00003654,João da Mota,1973-05-14,pedro-henrique59@example.com,Nova Iguaçu,RJ,2019-11-12,ACTIVE,False,2021-01-17 20:06:29
CUST00001033,Aurora Moraes,2000-07-21,fcorreia@example.com,Volta Redonda,RJ,2025-10-23,ACTIVE,no,2025-12-13 15:00:38
CUST00002089,Ian Marques,1972-11-18,camposisis@example.net,Londrina,PR,2020-03-21,INACTIVE,False,2020-07-14 00:38:13
CUST00001683,Dr. Heitor Cassiano,1987-11-04,bmontenegro@example.net,Uberlândia,MG,2025-12-10,BLOCKED,True,2026-06-10 05:21:30
CUST00000725,Gustavo da Conceição,2004-06-23,theopinto@example.com,Cascavel,PR,2018-03-18,INACTIVE,True,2018-03-20 16:41:44
CUST00003799,Dra. Zoe da Mata,1996-07-16,walves@example.net,Sorocaba,SP,2023-11-05,ACTIVE,False,2024-10-16 07:29:48
CUST00001701,Cecília Fogaça,1998-01-08,palves@example.net,Santos,SP,2025-09-20,ACTIVE,False,2026-05-24 04:06:35
CUST00004093,Davi Miguel Vieira,1993-10-16,benjamimaragao@example.net,Niterói,RJ,2024-07-31,INACTIVE,False,2025-02-26 09:51:12
CUST00002097,Kaique Abreu,1995-09-08,da-cunhaana-livia@example.org,Uberlândia,MG,2020-05-18,INACTIVE,True,2021-09-15 04:55:17
CUST00004636,Helena Gonçalves,1984-06-27,limacarlos-eduardo@example.org,Uberlândia,MG,2022-12-20,active,True,2024-11-08 09:59:55
CUST00004410,Davi Lucas Abreu,1985-02-02,beatrizpereira@example.com,Santa Maria,RS,2021-03-09,ACTIVE,True,2022-03-07 06:22:56
CUST00000932,João Vitor Sousa,1967-09-04,da-pazmaria-vitoria@example.org,São José dos Campos,SP,2023-06-26,ACTIVE,True,2023-09-03 09:53:00
CUST00000508,Cecília Nunes,1968-04-16,marinanogueira@example.com,São José dos Campos,SP,2018-11-10,ACTIVE,no,2024-03-25 09:29:06
CUST00001346,Matteo Pimenta,1983-11-20,kamillyda-cruz@example.org,São Paulo,SP,2022-01-09,ACTIVE,False,2025-07-01 12:14:10
CUST00000266,Danilo Alves,1976-05-02,melinamoreira@example.com,Duque de Caxias,RJ,2019-09-04,ACTIVE,True,2023-09-14 04:07:20
CUST00000179,Lorenzo Almeida,2004-12-24,viniciusaragao@example.org,Salvador,BA,2025-12-23,INACTIVE,False,2026-01-24 13:46:22
CUST00001420,Dra. Ana Beatriz Cardoso,2001-07-07,fvieira@example.com,São Paulo,SP,2019-07-16,ACTIVE,yes,2023-07-20 11:41:12
CUST00002868,Apollo Peixoto,1969-01-16,joao-gabriel48@example.net,Ribeirão Preto,SP,2025-03-18,ACTIVE,True,2026-05-16 14:23:52
CUST00000249,Dr. Antony Fogaça,1979-10-08,ferreirarodrigo@example.net,Petrópolis,RJ,2022-02-14,ACTIVE,True,2026-03-10 15:49:36
CUST00004644,Elisa Pastor,1983-01-09,fernandesstella@example.net,São Paulo,SP,2019-01-07,ACTIVE,True,2024-03-11 05:19:32
CUST00003988,Nicolas Novaes,1986-10-07,catarina52@example.com,São Paulo,SP,2022-01-30,INACTIVE,True,2023-11-01 21:28:52
CUST00000077,Luiza Sá,1984-12-11,upimenta@example.net,Sorocaba,SP,2021-08-24,ACTIVE,True,2024-07-16 09:30:12
CUST00004299,Daniel da Mota,1977-03-01,vvieira@example.com,Canoas,RS,2018-08-31,ACTIVE,True,2022-08-30 07:09:14
CUST00003240,Sra. Yasmin Gomes,2002-09-02,danielaoliveira@example.org,São Paulo,SP,2022-04-20,ACTIVE,True,2022-09-02 17:05:31
CUST00002023,Zoe Cirino,2001-06-03,henriqueteixeira@example.org,Olinda,PE,2025-06-05,INACTIVE,True,2025-12-16 18:42:57
CUST00001657,Lara Silva,1998-03-26,oliveiralaura@example.net,Volta Redonda,RJ,2025-05-24,ACTIVE,True,2026-07-23 19:17:29
CUST00003067,Arthur Nascimento,2005-04-02,monteirosofia@example.com,Volta Redonda,RJ,2022-12-15,ACTIVE,True,2025-08-23 17:27:03
CUST00000594,Laís Castro,1999-07-04,novaesmaysa@example.org,Vitória da Conquista,BA,2024-12-15,ACTIVE,False,2026-02-06 14:52:39
CUST00003137,Eloá Casa Grande,2004-08-09,calebepastor@example.com,Rio de Janeiro,RJ,2021-05-30,ACTIVE,True,2024-02-17 01:18:22
CUST00001068,Hadassa Moraes,1978-03-08,joanacamargo@example.com,Duque de Caxias,RJ,2026-04-16,ACTIVE,True,2026-07-17 10:53:20
CUST00002557,Renan Garcia,1963-06-14,cavalcanteevelyn@example.org,Anápolis,GO,2019-03-25,ACTIVE,True,2026-06-05 13:58:45
CUST00000563,Dr. Kaique Rodrigues,1984-03-03,mendesdavi-lucas@example.com,Niterói,RJ,2019-11-18,ACTIVE,no,2025-04-01 07:09:24
CUST00003059,Luigi da Paz,2003-06-15,augusto80@example.net,Uberaba,MG,2021-06-20,ACTIVE,True,2022-09-06 03:00:12
CUST00004513,Dr. Ryan das Neves,1973-07-13,goncalvessophie@example.com,Sorocaba,SP,2021-03-18,ACTIVE,True,2025-01-29 08:44:15
CUST00001225,Maria Luiza Pastor,1962-09-30,lda-luz@example.com,Campinas,SP,2019-02-12,ACTIVE,True,2024-06-26 19:39:31
CUST00000375,Srta. Antonella Monteiro,1955-01-17,yramos@example.com,Chapecó,SC,2019-06-12,ACTIVE,False,2020-06-26 16:19:29
CUST00001187,Lavínia Andrade,1976-09-13,fguerra,Campinas,SP,2025-02-27,INACTIVE,True,2026-05-15 19:51:31
CUST00003007,Milena Duarte,1999-10-09,erickcavalcante@example.net,Ribeirão Preto,SP,2023-02-25,INACTIVE,True,2025-03-18 18:24:35
CUST00003431,Emanuelly Casa Grande,1995-08-13,oleao@example.net,Cascavel,PR,2022-02-03,active,True,2026-06-17 21:43:31
CUST00001076,Sr. Nathan Campos,2002-10-05,laissilveira@example.com,Niterói,RJ,2026-05-08,INACTIVE,True,2026-07-29 20:24:13
CUST00000192,Eduardo Ribeiro,2005-11-06,gcamara@example.com,Uberaba,MG,2023-04-24,ACTIVE,False,2024-07-11 10:59:14
CUST00001336,Emanuelly Andrade,1978-09-28,lalves@example.org,Campinas,SP,2025-10-31,ACTIVE,False,2025-11-08 06:26:02
CUST00001563,Dra. Cecília Garcia,1973-02-08,sampaiolais@example.com,Juiz de Fora,MG,2026-07-10,INACTIVE,True,2026-07-26 01:10:40
CUST00004121,Giovanna Abreu,1999-07-14,anthony-gabrielcassiano@example.net,Belo Horizonte,MG,2018-05-16,active,True,2024-08-11 02:46:26
CUST00003023,Yuri Cunha,1992-10-11,stella23@example.org,Curitiba,PR,2021-12-09,INACTIVE,True,2023-11-21 14:57:11
CUST00002015,Fernanda Brito,2007-05-29,mariahda-rosa@example.net,Duque de Caxias,RJ,2026-04-15,ACTIVE,False,2026-07-29 18:00:44
CUST00001645,Srta. Juliana da Mota,2010-06-26,fcosta@example.com,Santos,SP,2019-12-20,ACTIVE,True,2020-06-12 07:35:18
CUST00000698,Sr. Otávio Carvalho,2007-09-13,maria-liz31@example.com,Sorocaba,SP,2025-05-18,ACTIVE,False,2025-09-01 13:58:16
CUST00002281,Luan Pimenta,1994-04-26,ramosalexia@example.com,Juazeiro do Norte,CE,2020-05-15,active,False,2021-04-20 20:17:25
CUST00000173,Melina da Costa,1998-10-19,gael-henrique58@example.net,Caruaru,PE,2023-06-15,ACTIVE,False,2023-10-12 20:55:22
CUST00002008,Srta. Maria Clara Rios,1963-05-24,guerragael-henrique@example.com,Santos,SP,2024-08-24,ACTIVE,False,2025-05-01 21:34:44
CUST00001451,Pietra da Mota,1998-10-15,vieiraluiz-miguel@example.com,Canoas,RS,2022-06-10,ACTIVE,True,2023-04-17 07:41:49
CUST00001353,Evelyn Gonçalves,2003-12-29,albuquerquetheodoro@example.org,Pelotas,RS,2022-07-30,INACTIVE,True,2025-03-22 02:43:22
CUST00003219,Maria Luísa Almeida,2004-05-07,andrearaujo@example.org,Campinas,SP,2018-01-12,ACTIVE,True,2020-11-27 11:54:06
CUST00002750,Cecília da Costa,2003-08-25,ayllarezende@example.com,Aparecida de Goiânia,GO,2025-01-27,ACTIVE,True,2025-07-04 03:08:18
CUST00002045,Maya Andrade,1994-10-16,stephany74@example.net,Juiz de Fora,MG,2018-07-07,ACTIVE,True,2024-06-10 21:28:33
CUST00002325,Ian Rodrigues,1995-06-20,mariana15@example.net,São José dos Campos,SP,2018-04-20,ACTIVE,True,2025-07-31 07:53:59
CUST00000310,Srta. Rebeca Dias,1969-01-26,jferreira@example.net,Santos,SP,2023-02-09,ACTIVE,True,2025-02-17 16:37:33
CUST00003814,João Felipe Cassiano,1960-10-08,oliviaramos@example.com,Vitória da Conquista,BA,2025-04-10,ACTIVE,True,2026-06-21 09:47:02
CUST00003929,Emanuella Fonseca,1977-03-29,pietragarcia@example.org,Contagem,MG,2025-06-06,ACTIVE,True,2025-07-21 05:04:19
CUST00001512,Ester da Cunha,1969-05-25,vfonseca@example.com,Belo Horizonte,MG,2020-04-30,ACTIVE,True,2024-05-21 20:44:53
CUST00000228,Breno da Rocha,1987-04-26,montenegrovalentina@example.net,Olinda,PE,2026-02-02,ACTIVE,True,2026-06-04 03:28:12
CUST00001568,Alice da Paz,1974-04-23,cassianodante@example.net,Cascavel,PR,2025-06-09,ACTIVE,False,2025-12-30 04:07:40
CUST00004287,Dr. Vitor Gabriel Nunes,1993-09-24,gpastor@example.com,Santa Maria,RS,2021-09-19,ACTIVE,False,2026-04-21 15:35:07
CUST00003231,Sophia Siqueira,1999-08-24,ceciliacirino@example.com,Ribeirão Preto,SP,2023-05-12,ACTIVE,False,2024-01-24 16:12:12
CUST00004156,Srta. Isabela Dias,2004-11-12,nrezende@example.com,Juiz de Fora,MG,2022-06-19,INACTIVE,True,2024-03-04 00:41:31
CUST00002301,Maria Julia Silveira,1996-03-23,maria-cecilia69@example.org,Caxias do Sul,RS,2026-01-28,BLOCKED,False,2026-03-05 05:53:38
CUST00004629,Agatha Barros,1964-05-04,tfonseca@example.com,Contagem,MG,2022-06-07,ACTIVE,False,2024-09-16 17:36:23
CUST00004637,Lucas Gabriel Machado,1997-06-24,raulcarvalho@example.com,Contagem,MG,2022-01-21,ACTIVE,True,2022-11-29 16:17:47
CUST00004653,Eloah Pereira,1979-03-28,efonseca@example.org,Ribeirão Preto,São Paulo,2025-12-16,ACTIVE,True,2026-05-16 03:30:12
CUST00000448,Srta. Agatha Cunha,1986-08-21,ibarbosa@example.net,Caxias do Sul,RS,2022-01-06,ACTIVE,True,2026-03-28 02:53:23
CUST00002044,Raquel Aragão,2003-04-26,moraesevelyn@example.org,Ribeirão Preto,SP,2020-05-28,INACTIVE,True,2021-03-26 13:01:18
CUST00003184,Jade da Cruz,1980-09-18,mariacirino@example.org,Santos,SP,2018-04-05,active,False,2020-11-28 06:26:54
CUST00004506,Emanuella Casa Grande,1982-04-05,pachecovitor@example.net,São Paulo,SP,2023-01-17,ACTIVE,True,2025-01-10 23:52:58
CUST00003453,Lara Barros,1987-08-06,thalesalves@example.org,Uberaba,MG,2019-08-06,ACTIVE,True,2023-07-12 12:55:15
CUST00002123,Ester Sá,1919-08-20,qcosta@example.net,Ponta Grossa,PR,2025-07-06,ACTIVE,True,2025-10-02 11:57:59
CUST00003026,Otto Fonseca,2001-09-22,antoniorocha@example.org,Duque de Caxias,RJ,2024-10-15,INACTIVE,True,2026-04-15 05:24:38
CUST00000434,Marcela Nascimento,2006-10-17,stephany25@example.net,Montes Claros,MG,2022-04-13,ACTIVE,True,2023-06-13 18:41:44
CUST00001057,Henry Cardoso,2010-04-26,rafaeldas-neves@example.org,Porto Alegre,RS,2019-02-01,ACTIVE,yes,2022-08-19 02:00:59
CUST00001383,Nina das Neves,1981-06-23,miguelda-cruz@example.com,Juiz de Fora,MG,2024-11-17,active,True,2025-08-14 20:18:34
CUST00002016,Pedro Camargo,1975-04-12,pvasconcelos@example.org,Belo Horizonte,MG,2023-02-01,ACTIVE,True,2024-02-02 12:51:01
CUST00003114,Isabel Barros,1963-11-22,joaomacedo@example.net,Sorocaba,São Paulo,2022-10-28,ACTIVE,False,2023-11-28 04:48:50
CUST00002986,Igor Rios,2008-06-10,aragaoantony@example.com,Uberlândia,MG,2018-01-17,INACTIVE,True,2025-04-02 05:38:34
CUST00004195,Milena Fonseca,1989-09-01,maria-isisvieira@example.net,Campinas,SP,2018-05-28,Inactive,True,2024-05-01 14:11:44
CUST00004774,Fernanda Costa,1945-05-11,macedosarah@example.org,Curitiba,PR,2023-03-26,active,True,2023-07-09 07:05:38
CUST00003101,Sr. Leandro Vargas,1998-04-21,rezendeayla@example.org,Caxias do Sul,RS,2023-11-10,ACTIVE,True,2024-10-12 11:20:58
CUST00004406,Mariana Cavalcanti,1948-05-04,davi-luizda-cunha@example.org,Chapecó,SC,2020-10-10,ACTIVE,True,2025-08-31 23:37:00
CLIENT00000003,Dr. Dante da Paz,1982-12-04,qcassiano@example.net,Vila Velha,ES,2022-10-12,BLOCKED,True,2024-03-19 01:20:59
CUST00002836,Ana Julia da Mata,1985-01-17,pastordaniela@example.org,Caruaru,PE,2026-01-21,active,True,2026-04-06 09:48:38
CUST00003987,Sr. Noah Peixoto,1985-04-12,lribeiro@example.com,Belo Horizonte,MG,2019-05-27,ACTIVE,True,2025-09-29 18:39:02
CUST00002716,Olívia Siqueira,1997-05-02,da-costaleticia@example.com,Belo Horizonte,MG,2019-11-09,ACTIVE,True,2022-12-31 16:33:15
CUST00001080,Srta. Ana Lívia Monteiro,2001-07-28,cavalcantigiovanna@example.net,Petrópolis,RJ,2023-08-20,BLOCKED,True,2026-01-27 15:13:31
CUST00004553,Vicente da Cruz,1997-01-17,ryanduarte@example.com,Duque de Caxias,RJ,2023-01-31,ACTIVE,False,2023-03-31 03:15:12
CUST00001585,Enrico Montenegro,1967-07-08,manuela25@example.com,Pelotas,RS,2020-10-27,ACTIVE,True,2022-12-16 14:29:17
CUST00000234,Benjamim Ramos,1973-12-19,jfreitas@example.org,Santos,SP,2024-04-14,INACTIVE,False,2025-07-05 01:33:56
CUST00003102,Brayan Câmara,1983-08-07,zcavalcanti@example.net,Ribeirão Preto,SP,2018-07-24,ACTIVE,True,2019-06-09 08:23:11
CUST00001069,Ravi Lucca Camargo,1939-04-24,mayateixeira@example.com,Chapecó,SC,2021-04-18,active,False,2026-02-27 19:24:17
CUST00001642,Alana Castro,1983-11-26,joaquim39@example.org,Ribeirão Preto,SP,2018-05-27,ACTIVE,True,2018-09-22 03:48:56
CUST00001269,Dra. Giovanna Abreu,1992-06-14,isabelacamargo@example.com,São Paulo,SP,2019-01-22,ACTIVE,False,2023-02-11 05:40:38
CUST00000736,Pedro Garcia,1986-09-02,joao-vitorsousa@example.org,Porto Alegre,RS,2023-02-12,active,False,2023-07-27 04:18:52
CUST00000693,Guilherme Moreira,1996-01-24,mcassiano@example.org,São José dos Campos,SP,2021-06-01,INACTIVE,False,2022-03-05 09:45:05
CUST00001120,Arthur Gabriel Sousa,1997-11-18,salesrhavi@example.com,Porto Alegre,RS,2021-04-03,ACTIVE,True,2021-04-09 22:36:06
CUST00004687,Letícia Fernandes,1973-04-15,edas-neves@example.org,Caruaru,PE,2022-12-20,ACTIVE,False,2025-06-14 13:03:02
CUST00001434,Theodoro Sales,1998-10-28,da-motamaria-liz@example.net,Juiz de Fora,MG,2024-10-28,ACTIVE,True,2026-03-05 10:50:41
CUST00001935,Ana Sophia Ferreira,2003-02-07,vrios@example.net,São Paulo,São Paulo,2022-12-04,ACTIVE,True,2023-03-02 22:20:39
CUST00004791,Liam Martins,2010-06-08,isaacsilva@example.org,Belo Horizonte,MG,2021-08-18,ACTIVE,False,2021-09-24 00:44:24
CUST00000614,Dra. Allana Caldeira,1993-03-17,cjesus@example.net,Niterói,RJ,2018-07-26,ACTIVE,False,2024-12-19 23:50:02
CUST00001541,Bryan da Mata,1986-10-17,apollovieira@example.org,Sorocaba,SP,2018-03-19,ACTIVE,True,2020-05-31 05:28:28
CUST00001362,Caleb Almeida,1976-05-21,aalves@example.com,São Paulo,São Paulo,2022-08-01,ACTIVE,False,2024-09-06 17:07:12
CUST00002058,Dra. Giovanna Garcia,1983-10-06,machadoluna@example.com,Maringá,PR,2025-03-19,ACTIVE,False,2025-12-28 12:13:01
CUST00001052,Anthony Gabriel Carvalho,1979-05-24,esther76@example.com,Sorocaba,SP,2025-08-21,ACTIVE,True,2026-05-05 07:55:23
CUST00004099,Maria Eduarda Leão,2009-01-14,caua13@example.org,Juiz de Fora,MG,2024-07-24,ACTIVE,False,2026-02-16 12:25:55
CUST00000204,Sr. André Monteiro,1980-07-24,icavalcanti@example.com,Juiz de Fora,MG,2021-05-13,INACTIVE,False,2022-11-04 21:09:59
CUST00001709,Camila Aragão,1994-08-13,adas-neves@example.com,Belo Horizonte,MG,2021-05-06,active,True,2021-08-03 13:04:00
CUST00001791,Thales Cardoso,1991-12-24,luiz-fernandocasa-grande@example.net,São Paulo,SP,2021-10-14,BLOCKED,False,2025-06-10 08:24:29
CUST00002487,João Gabriel Cavalcanti,2004-09-03,teixeiramarcela@example.com,Contagem,MG,2019-10-28,ACTIVE,True,2022-06-18 08:28:41
CUST00001986,Melina da Costa,2002-01-06,maria-eduardamontenegro@example.net,Belo Horizonte,MG,2025-03-14,ACTIVE,False,2026-05-24 06:05:41
CUST00002026,Miguel Viana,1980-02-16,levipimenta@example.net,Uberlândia,minas gerais,2020-08-21,INACTIVE,True,2024-09-12 20:32:39
CUST00003100,Kamilly Caldeira,2000-02-14,anthony-gabrielmendonca@example.net,São Paulo,SP,2021-01-18,ACTIVE,True,2025-05-18 07:38:33
CUST00003264,Arthur Camargo,1989-01-16,leticiafreitas@example.net,Cascavel,PR,2023-06-04,ACTIVE,False,2026-03-11 01:27:51
CUST00004613,Ana Julia Andrade,1989-07-11,qda-luz@example.net,Campinas,SP,2024-01-22,ACTIVE,False,2026-07-15 04:19:08
CUST00002879,Pietra Sales,1987-03-07,zdas-neves@example.org,Campinas,SP,2020-04-05,ACTIVE,False,2020-05-27 18:45:32
CUST00001042,Nicole Câmara,1984-10-30,silvarafael@example.net,Maringá,PR,2019-11-04,ACTIVE,True,2026-05-22 09:22:21
CUST00003496,Rodrigo Nascimento,2007-08-03,maria-luisarios@example.net,Campinas,SP,2024-01-29,active,True,2024-02-28 02:46:03
CUST00003952,Antônio Monteiro,1990-11-19,maria-juliacardoso@example.com,Santos,SP,2019-05-18,ACTIVE,True,2021-03-21 04:27:37
CUST00002460,Arthur Miguel Barros,1975-06-02,pastorisaac@example.org,Cascavel,PR,2019-02-22,ACTIVE,False,2022-03-03 17:09:12
CUST00001664,Levi Monteiro,1978-03-17,goncalvesana-cecilia@example.net,São Paulo,SP,2022-01-26,ACTIVE,True,2026-02-10 01:04:44
CUST00001974,Lavínia Cavalcanti,1965-09-25,isadoranovaes@example.com,Sorocaba,SP,2023-09-17,ACTIVE,True,2025-10-10 00:30:22
CUST00000619,Srta. Ana Clara Cavalcante,1985-10-26,tcarvalho@example.net,Santos,SP,2024-08-29,ACTIVE,False,2025-05-27 15:11:10
CUST00000239,Dra. Lívia Vieira,1979-04-01,joao-guilhermeandrade@example.com,Ribeirão Preto,SP,2019-10-09,ACTIVE,False,2023-10-31 09:08:30
CUST00001665,Sabrina Ramos,1998-10-23,freitasgustavo@example.org,São Paulo,SP,2024-04-20,ACTIVE,False,2026-01-24 23:15:04
CUST00002569,Henry Sampaio,1987-05-29,moreirajuan@example.net,Belo Horizonte,XX,2018-07-27,ACTIVE,True,2022-12-13 04:54:39
CUST00003511,Milena Lima,1987-01-02,antony53@example.net,Rio de Janeiro,RJ,2023-03-27,ACTIVE,False,2026-03-12 04:25:51
CUST00004091,Melina Albuquerque,1969-07-21,acosta@example.net,Porto Alegre,RS,2021-05-17,ACTIVE,True,2021-08-26 01:48:43
CUST00001344,Luísa Nunes,1977-07-04,dmarques@example.net,Sorocaba,SP,2018-06-08,ACTIVE,True,2020-07-25 07:37:24
CUST00002344,Rael da Rocha,1986-08-09,brunoda-rocha@example.net,Ribeirão Preto,SP,2025-07-20,ACTIVE,yes,2026-02-26 04:49:40
CUST00000461,Bernardo Albuquerque,1963-12-21,pedro00@example.com,Salvador,BA,2026-06-05,ACTIVE,True,2026-06-09 21:19:32
CUST00002899,Luan Silveira,1966-03-04,vitorpinto@example.org,Duque de Caxias,RJ,2024-12-26,ACTIVE,False,2025-04-23 15:42:01
CUST00000287,Isadora Casa Grande,1961-10-13,aragaoamanda@example.com,Niterói,RJ,2021-07-12,ACTIVE,True,2024-11-30 11:06:13
CUST00003696,Srta. Laís das Neves,1958-06-30,manuela48@example.net,Rio de Janeiro,RJ,2026-03-24,ACTIVE,True,2026-07-02 01:54:12
CUST00003058,Ana Luiza Lopes,1999-12-22,alanacardoso@example.org,Uberlândia,MG,2021-10-26,active,False,2026-01-02 07:17:06
CUST00001294,Manuela da Rocha,1969-12-27,antony89@example.net,São José dos Campos,SP,2019-03-15,ACTIVE,True,2024-01-04 18:30:56
CUST00000340,Maria Flor Barros,1980-10-07,ceciliacampos@example.org,Santos,SP,2019-05-09,BLOCKED,True,2023-06-01 03:54:42
CUST00000216,Ana Sophia das Neves,1966-05-15,cmachado@example.org,Maringá,PR,2022-06-22,ACTIVE,True,2022-12-03 22:49:26
CUST00004489,Eduardo Gonçalves,1969-05-21,pimentaluiza@example.com,Uberlândia,MG,2018-03-06,active,True,2020-09-19 13:05:33
CUST00001241,Yasmin Cirino,1986-04-19,da-motanoah@example.org,Salvador,BA,2023-01-15,ACTIVE,True,2024-02-12 02:53:49
CUST00000134,Sara Pires,1989-11-28,dteixeira@example.org,Santa Maria,RS,2020-04-28,ACTIVE,False,2023-02-12 19:10:32
CUST00004062,Mariane Costela,1996-10-12,samuel22@example.org,Pelotas,RS,2019-02-28,ACTIVE,False,2022-08-17 09:42:06
CUST00000127,Alícia Teixeira,1986-08-13,bruno27@example.net,Volta Redonda,RJ,2022-03-02,ACTIVE,True,2024-12-15 01:55:14
CUST00002914,Valentim Moraes,1984-01-15,silvaotavio@example.org,Joinville,SC,2026-01-02,ACTIVE,True,2026-06-29 17:45:47
CUST00002282,Ana Cecília Moraes,2006-06-18,silveirajoao@example.com,Volta Redonda,RJ,2020-03-14,ACTIVE,True,2026-06-13 21:38:46
CUST00003400,Yan Moreira,1976-08-12,yda-cruz@example.com,Sorocaba,São Paulo,2018-01-11,ACTIVE,True,2026-03-15 17:00:08
CUST00000263,Dr. Matheus Nunes,1987-07-11,pereiraleandro@example.net,São José dos Campos,SP,2024-06-17,ACTIVE,True,2026-03-14 15:45:19
CUST00004081,Pietro Leão,1982-09-12,mcavalcanti@example.org,São José dos Campos,SP,2022-05-17,INACTIVE,True,2024-03-11 21:50:26
CUST00001930,Bruno Cirino,1982-04-26,nicolaslopes@example.org,Belo Horizonte,MG,2020-09-16,ACTIVE,True,2025-04-13 03:51:41
CUST00004312,Isabela Rodrigues,1975-10-23,cassianomaria-luisa@example.com,Feira de Santana,BA,2018-11-05,BLOCKED,True,2024-05-06 07:36:27
CUST00001134,Benicio Guerra,1987-10-14,qpeixoto@example.org,Sorocaba,SP,2018-06-07,ACTIVE,True,2022-01-21 11:27:15
CUST00003419,Ana Lívia Monteiro,1958-04-23,aylla27@example.org,Volta Redonda,RJ,2021-08-01,ACTIVE,False,2023-06-05 10:12:29
CUST00000170,Calebe da Costa,1992-01-27,hellenamarques@example.com,Vitória da Conquista,BA,2018-11-30,ACTIVE,True,2021-07-20 20:33:16
CUST00002957,Paulo Barros,2007-09-23,souzaeloa@example.org,Sorocaba,SP,2023-05-26,ACTIVE,True,2023-06-17 23:07:05
CUST00002223,Lorenzo da Rocha,1990-10-30,fogacamaya@example.org,Uberlândia,MG,2019-07-12,ACTIVE,False,2023-10-22 01:45:25
CUST00003955,Sra. Giovanna Campos,1981-01-29,joaquimda-paz@example.com,São Paulo,SP,2018-10-08,ACTIVE,True,2026-01-18 23:13:03
CUST00001023,Eduardo Castro,1992-12-18,igoraparecida@example.com,Londrina,PR,2018-11-14,ACTIVE,True,2020-03-04 21:31:37
CUST00001110,Emanuel da Mata,1984-10-19,benjaminda-luz@example.com,Uberlândia,MG,2020-11-27,ACTIVE,True,2026-07-01 23:26:47
CUST00000349,Hellena Jesus,2004-02-20,yan08@example.net,Santos,SP,2020-06-02,ACTIVE,True,2024-09-22 23:37:28
CUST00001283,Bryan Araújo,2005-08-28,garciaana-sophia@example.net,São Paulo,SP,2020-06-09,ACTIVE,True,2024-08-04 07:14:29
CUST00002664,Théo Rios,1992-03-19,joao77@example.net,Porto Alegre,RS,2019-05-29,Inactive,False,2022-10-07 15:14:27
CUST00004626,Alana Melo,1986-02-15,emanuella92@example.org,Campinas,SP,2019-07-03,ACTIVE,False,2022-07-28 06:53:30
CUST00000218,Ana Cecília Machado,1989-04-13,aurorapereira@example.com,Santa Maria,RS,2026-02-01,ACTIVE,False,2026-05-11 22:47:29
CUST00001651,Isis Pastor,2008-11-30,mda-rocha@example.net,Chapecó,SC,2021-03-02,ACTIVE,True,2025-05-04 02:58:44
CUST00003914,Ryan Novaes,2002-11-21,novaesmaria-alice@example.org,Uberaba,MG,2025-01-07,INACTIVE,True,2025-12-14 16:06:35
CUST00002432,Maria Isis da Mota,1992-10-31,ccamara@example.org,Belo Horizonte,MG,2018-01-16,ACTIVE,True,2022-08-21 16:06:18
CUST00004612,Leandro Borges,1995-09-11,mirellafernandes@example.org,São José dos Campos,SP,2020-07-28,ACTIVE,False,2021-07-23 04:48:22
CUST00001106,Dra. Letícia Lopes,2008-01-18,edias@example.net,Duque de Caxias,RJ,2018-09-28,ACTIVE,True,2025-05-11 09:10:30
CUST00001371,Sra. Catarina Farias,1999-03-09,anna-lizrios@example.com,Recife,pernambuco,2026-03-29,INACTIVE,False,2026-07-07 19:20:39
CUST00001562,Gustavo Henrique Câmara,1970-07-30,souzajoao-guilherme@example.org,Santos,SP,2020-01-27,ACTIVE,True,2024-01-01 20:20:20
CUST00002148,Dra. Maria Julia Jesus,1990-12-13,esampaio@example.org,Blumenau,SC,2021-02-14,ACTIVE,True,2022-03-08 00:33:45
CUST00003800,Dr. Pedro Miguel Pinto,1936-02-29,hellena38@example.org,Contagem,MG,2025-04-13,active,True,2026-04-18 05:53:12
CUST00000317,Olívia Mendes,1994-05-30,aliciaduarte@example.com,Volta Redonda,RJ,2025-12-01,INACTIVE,False,2026-01-02 21:56:44
CUST00001704,Marcela Farias,1990-09-11,apastor@example.com,São Paulo,São Paulo,2022-04-23,ACTIVE,True,2026-06-26 07:10:31
CUST00000001,Brenda Alves,1991-05-07,samuel32@example.net,Londrina,PR,2020-07-03,active,True,2021-03-30 02:37:44
CUST00004080,Lunna Gomes,1961-09-30,henry20@example.com,Campinas,SP,2023-10-07,ACTIVE,True,2025-09-07 16:05:00
CUST00001070,Sra. Ana Cecília Barros,1973-05-08,marina16@example.com,Sorocaba,SP,2018-12-23,ACTIVE,True,2026-06-01 20:45:18
CUST00002775,Dra. Hadassa Andrade,1980-06-02,matheus66@example.com,Ribeirão Preto,SP,2023-12-03,ACTIVE,False,2024-04-12 11:31:32
CUST00002974,Gustavo Nunes,1966-02-23,antonypeixoto@example.org,Belo Horizonte,MG,2021-10-02,ACTIVE,False,2024-11-27 10:16:13
CUST00000653,Brayan Oliveira,1990-06-18,valentimjesus@example.com,Rio de Janeiro,RJ,2020-09-29,INACTIVE,True,2025-06-27 05:50:24
CUST00000648,Juan Rezende,1986-06-10,auroramoraes@example.org,São José dos Campos,SP,2022-04-23,ACTIVE,False,2023-09-01 18:59:00
CUST00003601,,1938-12-02,liz53@example.net,Rio de Janeiro,RJ,2021-11-25,ACTIVE,False,2022-08-24 03:07:03
CUST00002260,Valentim Monteiro,1997-02-18,laramendonca@example.org,São José dos Campos,SP,2022-03-16,INACTIVE,True,2026-05-18 18:56:56
CUST00003273,Maya Duarte,1960-11-07,gaelda-conceicao@example.net,Nova Iguaçu,RJ,2021-03-13,ACTIVE,True,2026-06-24 08:54:17
CUST00003716,Thiago Silveira,1968-05-22,maparecida@example.org,Campinas,SP,2023-06-23,ACTIVE,False,2026-07-20 09:54:44
CUST00000315,Heloisa Porto,1999-09-28,cauabrito@example.com,Nova Iguaçu,RJ,2020-02-05,ACTIVE,True,2022-04-30 02:29:12
CUST00000641,Ana Júlia Vasconcelos,1991-05-20,mariane98@example.com,Duque de Caxias,RJ,2026-01-28,ACTIVE,True,2026-05-23 07:20:08
CUST00001695,Anthony Peixoto,1998-11-10,maria-julia90@example.com,São Paulo,SP,2022-05-22,ACTIVE,True,2022-06-24 16:18:50
CUST00000704,Emanuelly Freitas,1972-08-06,tda-cunha@example.net,Pelotas,RS,2024-11-16,active,True,2025-11-15 04:20:53
CUST00004171,Mariane Mendes,1989-03-14,moraesmaya@example.com,Sorocaba,SP,2018-02-13,INACTIVE,False,2018-08-23 00:51:10
CUST00001186,Ana Júlia Farias,1996-06-01,caldeiraluana@example.com,Santos,SP,2019-10-29,ACTIVE,True,2019-12-02 02:30:18
CUST00002706,Enzo Gabriel Guerra,1956-08-06,pedro-miguelfernandes@example.net,Uberlândia,MG,2025-12-12,ACTIVE,False,2025-12-17 17:15:01
CUST00003783,Maria Alice Porto,2003-02-22,qvieira@example.com,Vitória da Conquista,BA,2024-12-25,INACTIVE,True,2025-10-13 14:21:51
CUST00000024,Ana Lívia Teixeira,2003-07-11,jose-miguelribeiro@example.com,Contagem,MG,2022-08-11,ACTIVE,False,2025-05-22 02:35:10
CUST00003661,Sra. Ana Cecília Fogaça,1986-08-25,pedro-miguel64@example.net,Londrina,PR,2022-10-25,Inactive,True,2022-11-13 23:38:18
CUST00003600,Hellena Macedo,2002-01-27,vitor41@example.com,Uberlândia,MG,2019-11-19,ACTIVE,False,2021-11-14 05:07:34
CUST00000182,Liz Marques,1996-03-29,araujomaria-luiza@example.com,Blumenau,SC,2019-08-22,ACTIVE,True,2025-07-23 14:53:20
CUST00002700,Luigi Freitas,1964-01-23,theodoro28@example.com,Sorocaba,SP,2022-06-21,ACTIVE,False,2025-12-28 07:14:29
CUST00003647,Vinícius Cavalcante,1977-08-04,lnovaes@example.net,Santos,SP,2023-09-15,ACTIVE,True,2024-06-13 04:16:06
CUST00003324,Sra. Gabrielly Guerra,2007-12-20,fernandessofia@example.com,Petrópolis,RJ,2023-08-20,ACTIVE,False,2025-05-05 03:55:46
CUST00001971,Eloah Pinto,1979-08-29,lorena60@example.com,Cascavel,PR,2018-03-15,INACTIVE,False,2022-08-17 09:08:26
CUST00002440,Júlia Farias,1964-07-24,melina60@example.net,Curitiba,PR,2023-12-05,ACTIVE,False,2024-01-04 17:37:57
CUST00003416,Davi Miguel Santos,1973-02-27,salesnatalia@example.org,Maringá,paraná,2025-01-16,ACTIVE,False,2025-05-26 05:06:56
CUST00000967,Theo Nascimento,1953-08-15,calmeida@example.com,Santos,SP,2021-06-27,ACTIVE,True,2025-07-27 04:53:25
CUST00004758,João Fogaça,1970-10-13,uda-mata@example.com,Pelotas,RS,2020-02-08,BLOCKED,False,2023-02-13 17:21:25
CUST00001857,Clarice Brito,2000-07-03,mcorreia@example.com,Uberaba,MG,2020-04-06,ACTIVE,True,2026-07-12 08:48:37
CUST00004716,Maria Clara Guerra,1981-08-10,ana-juliada-cruz@example.org,São José dos Campos,SP,2024-04-21,ACTIVE,False,2025-02-11 19:52:43
CUST00001824,Eloá Alves,1994-02-05,nogueirastephany@example.org,Uberaba,MG,2023-03-01,ACTIVE,True,2023-05-19 02:17:56
CUST00003808,Ana Laura Fogaça,1943-04-13,leaogiovanna@example.com,Montes Claros,MG,2019-04-26,ACTIVE,False,2020-02-03 02:12:22
CUST00004666,Isabelly Vieira,2003-03-16,lara67@example.com,Campinas,SP,2023-01-28,ACTIVE,True,2026-02-18 04:49:35
CUST00004216,Isabel Câmara,1994-02-27,wpinto@example.com,Belo Horizonte,MG,2025-03-18,ACTIVE,False,2025-10-26 08:52:34
CUST00000425,Ryan Carvalho,1965-02-08,hadassanovais@example.net,Rio de Janeiro,RJ,2023-09-27,BLOCKED,False,2026-02-15 04:38:18
CUST00002900,Sr. Leandro Albuquerque,1994-04-15,nteixeira@example.net,Londrina,PR,2025-05-01,ACTIVE,True,2026-07-31 14:38:34
CUST00000028,Hellena Abreu,1987-12-14,santosdante@example.org,Salvador,BA,2019-11-06,ACTIVE,False,2026-07-08 00:32:28
CUST00000956,Pedro Miguel Silva,1976-07-22,gustavo01@example.org,Aparecida de Goiânia,GO,2024-09-28,ACTIVE,True,2024-10-04 13:10:20
CUST00002047,Théo Borges,1989-10-07,ppimenta@example.org,Nova Iguaçu,RJ,2023-04-21,ACTIVE,True,2026-07-11 03:31:10
CUST00003874,Diogo Ribeiro,1955-01-11,gda-conceicao@example.net,Sorocaba,SP,2024-07-03,ACTIVE,True,2025-09-30 10:35:59
CUST00000114,José Mendes,1979-08-29,azevedoisadora@example.com,Montes Claros,MG,2021-05-11,INACTIVE,True,2023-11-08 11:05:13
CUST00004531,Maria Alice Santos,1985-06-22,faparecida@example.org,Blumenau,SC,2020-04-22,ACTIVE,False,2020-11-28 14:59:53
CUST00001473,Emilly Ferreira,1981-07-19,lmendes@example.org,Contagem,MG,2020-05-31,ACTIVE,True,2021-12-28 23:48:00
CUST00001848,Ágatha Almeida,1977-10-16,garciafernando@example.net,Pelotas,RS,2025-06-21,ACTIVE,True,2025-10-19 13:29:36
CUST00000378,Ana Beatriz Cavalcanti,1987-09-14,arthur-gabriel39@example.org,Duque de Caxias,RJ,2022-08-15,INACTIVE,True,2023-10-23 14:48:17
CUST00000781,Ryan da Conceição,2002-11-09,cecilia73@example.org,Ribeirão Preto,SP,2020-06-28,ACTIVE,False,2020-09-06 01:20:56
CUST00002324,Vicente Caldeira,1989-01-27,da-cunhaisis@example.net,Joinville,XX,2019-05-14,ACTIVE,True,2025-05-25 08:50:17
CUST00001128,Murilo Costa,1952-10-05,ana-sophia91@example.org,Sorocaba,SP,2024-03-03,ACTIVE,True,2025-07-20 16:41:28
CUST00001889,Maria Flor Vasconcelos,1987-09-23,esantos@example.com,Campinas,SP,2020-01-29,ACTIVE,True,2025-06-10 22:45:21
CUST00002839,Heloisa Farias,1969-11-04,gfogaca@example.com,Uberlândia,MG,2018-01-25,INACTIVE,True,2020-11-08 16:51:49
CUST00002721,Marcela Guerra,1993-06-28,joao-guilhermefarias@example.net,São José dos Campos,SP,2022-10-17,ACTIVE,True,2025-06-29 13:54:32
CUST00000269,Sra. Aurora Rodrigues,1970-06-05,cecilia18@example.net,Uberlândia,MG,2018-07-31,ACTIVE,True,2018-11-30 20:52:45
CUST00002933,Isabel Nogueira,2010-05-10,jnovais@example.net,Salvador,BA,2023-10-05,ACTIVE,True,2024-01-24 13:05:42
CUST00002857,Murilo Martins,1993-02-23,gaelda-mata@example.org,Petrópolis,RJ,2025-02-11,INACTIVE,False,2025-09-02 18:58:16
10000007,Beatriz Rodrigues,2001-06-02,ymartins@example.org,Sorocaba,SP,2019-07-08,ACTIVE,False,2021-05-27 23:36:02
CUST00003880,,1979-07-12,ferreiraeduarda@example.net,Santa Maria,RS,2020-04-07,ACTIVE,True,2024-10-24 19:11:00
CUST00002845,Carolina Abreu,2002-10-29,vitornascimento@example.com,Vitória,ES,2022-09-30,ACTIVE,True,2024-12-09 23:46:48
CUST00000236,Sophie Casa Grande,1999-11-12,oborges@example.com,Sorocaba,SP,2025-05-10,ACTIVE,True,2026-07-02 07:49:12
,Dr. Noah Casa Grande,1940-02-29,uda-cunha@example.net,Volta Redonda,RJ,2025-02-05,ACTIVE,False,2026-05-13 23:32:10
CUST00003816,Heloisa Alves,1982-07-06,davi-miguel34@example.net,Campinas,SP,2025-09-25,ACTIVE,False,2026-02-14 12:26:17
CUST00004423,Dra. Maria Eduarda Oliveira,2003-10-06,psouza@example.org,São José dos Campos,SP,2021-09-07,ACTIVE,True,2025-11-04 03:44:09
CUST00000376,Aylla Moura,2004-08-16,da-conceicaootavio,Ribeirão Preto,SP,2022-11-10,INACTIVE,True,2024-06-26 13:11:15
CUST00000923,Milena Gomes,1968-07-10,rael26@example.net,Juiz de Fora,MG,2025-06-24,ACTIVE,False,2025-10-10 17:15:27
CUST00003455,Carlos Eduardo Silva,2001-09-27,daragao@example.org,Campinas,XX,2022-07-03,ACTIVE,True,2024-04-20 19:07:19
CUST00003596,Srta. Isis Pereira,1999-06-04,luiz-miguel90@example.com,Joinville,SC,2023-02-18,ACTIVE,False,2024-04-10 13:20:12
CUST00003919,Benjamim Cirino,1983-05-12,pfarias@example.net,Uberlândia,MG,2020-12-13,ACTIVE,True,2022-10-06 23:06:56
CUST00001513,Calebe Rios,1983-04-02,rodriguesjose-pedro@example.com,Salvador,BA,2021-07-30,ACTIVE,True,2022-07-26 15:53:22
CUST00004583,José Sampaio,1972-07-13,vabreu@example.org,Caruaru,PE,2024-10-07,ACTIVE,True,2026-04-23 07:14:22
CUST00003642,Ana Júlia Caldeira,1990-06-06,qrezende@example.net,Campinas,SP,2020-06-23,ACTIVE,True,2026-06-30 05:26:30
CUST00001325,João Miguel Ferreira,1989-06-29,lguerra@example.net,São Paulo,SP,2019-03-03,ACTIVE,True,2022-02-23 05:06:21
CUST00002947,Carolina Abreu,1986-02-09,josefonseca@example.com,Niterói,RJ,2025-03-03,ACTIVE,True,2025-09-23 01:14:08
CUST00000467,Emanuella Campos,2008-08-24,santosjoao-guilherme@example.net,Pelotas,RS,2024-02-22,ACTIVE,False,2024-11-03 00:09:20
CUST00004440,Theo Oliveira,1978-06-27,souzaandre@example.org,Niterói,RJ,2021-11-02,ACTIVE,False,2025-11-19 09:31:32
CUST00000326,Sr. André da Luz,1970-07-19,cda-costa@example.com,Belo Horizonte,MG,2020-08-28,ACTIVE,False,2023-08-22 08:55:49
CUST00002711,Bárbara Rocha,1983-12-07,camargomaria-luisa@example.net,Recife,PE,2022-09-25,INACTIVE,True,2025-04-20 21:51:28
CUST00000259,Leandro Machado,1978-03-06,scavalcante,Porto Alegre,RS,2021-05-07,ACTIVE,False,2025-11-14 15:50:41
CUST00000857,Srta. Mirella Borges,1967-09-15,ayla21@example.org,São Paulo,SP,2024-04-06,ACTIVE,True,2026-03-25 08:26:57
CUST00001516,Esther Correia,1953-04-17,ebrito@example.net,Ponta Grossa,PR,2021-01-13,ACTIVE,True,2025-02-22 11:56:35
CUST00004499,Rafaela Freitas,1999-06-23,davi-miguel29@example.net,Sorocaba,SP,2021-07-13,ACTIVE,True,2023-11-08 16:40:00
CUST00002386,Dom Almeida,1968-11-28,pedro-lucas26@example.org,Campinas,SP,2023-11-02,BLOCKED,True,2023-11-16 11:26:52
CUST00004480,Gustavo Ferreira,1977-07-20,davicamargo@example.com,Belo Horizonte,MG,2019-04-11,ACTIVE,True,2023-12-22 09:37:31
CUST00000123,João Felipe Casa Grande,1998-10-07,araujolucas@example.com,Santos,SP,2021-08-31,ACTIVE,True,2026-04-02 21:09:26
CUST00004322,Lucas Rezende,1983-12-04,leaoisadora@example.net,Santos,SP,2024-05-05,ACTIVE,False,2024-06-26 16:46:25
CUST00001465,Brayan Pires,1984-06-02,matheus59@example.net,São Paulo,SP,2023-06-29,active,True,2026-05-30 06:23:09
CUST00003279,Dra. Luna Novaes,1995-05-05,luigi29@example.net,Santos,SP,2019-01-16,INACTIVE,True,2025-09-11 22:37:23
CUST00000910,Ana Lívia Peixoto,1975-08-04,rodriguesgabrielly@example.com,Porto Alegre,RS,2020-04-06,ACTIVE,True,2022-05-08 04:05:28
CUST00001621,Lavínia Leão,1983-10-19,pietrovasconcelos@example.com,Campinas,SP,2021-11-15,ACTIVE,True,2025-01-20 12:00:38
CUST00002541,Luan Aparecida,1994-01-18,eduarda73@example.net,Rio de Janeiro,RJ,2018-09-03,ACTIVE,True,2025-06-17 02:49:04
CUST00001193,Sra. Maria Vitória Rocha,1982-02-01,maria-julia29@example.org,Petrópolis,RJ,2023-01-07,ACTIVE,yes,2025-09-01 12:40:29
CUST00000409,Antonella Camargo,1998-09-04,ceciliadas-neves@example.com,Pelotas,RS,2021-08-02,INACTIVE,False,2022-04-29 09:14:11
CUST00002168,Laura Vargas,1970-03-08,mourabryan@example.org,Santos,São Paulo,2020-01-12,BLOCKED,False,2024-02-06 05:28:19
CUST00001794,Sra. Jade Almeida,1989-04-06,valentina09@example.org,São José dos Campos,SP,2024-11-20,BLOCKED,True,2025-02-24 18:01:40
CUST00004552,José Pedro Garcia,1997-02-08,lucasalves@example.org,Santos,SP,2024-10-20,ACTIVE,True,2025-04-24 17:25:53
CUST00004514,,1992-10-07,ana-sophiacassiano@example.org,São José dos Campos,SP,2026-07-06,ACTIVE,True,2026-07-17 15:19:28
CUST00000738,Yasmin Silveira,1992-01-19,mariah44@example.net,Juiz de Fora,MG,2020-05-23,ACTIVE,True,2020-12-05 10:09:57
CUST00003586,Ravi Mendonça,1958-06-20,duarteisabelly@example.com,Florianópolis,SC,2025-10-19,ACTIVE,True,2026-06-04 00:43:54
CUST00001870,Marcos Vinicius Cardoso,2001-10-02,castroraquel@example.net,Pelotas,RS,2020-01-04,ACTIVE,True,2024-04-06 21:13:52
CUST00001018,Alícia da Rocha,1977-09-09,davi-lucasalmeida@example.org,Chapecó,SC,2026-07-18,ACTIVE,False,2026-07-20 13:17:51
CUST00002820,Igor Cavalcanti,1978-01-21,luiza23@example.net,Niterói,RJ,2022-02-03,ACTIVE,True,2023-06-09 03:16:06
CUST00003223,Eloá Ribeiro,1993-09-11,araujomanuella@example.com,Uberlândia,MG,2018-07-09,ACTIVE,True,2020-09-14 09:45:19
CUST00001022,Eloah Pinto,1993-09-21,stellada-paz@example.org,Santos,SP,2019-10-23,ACTIVE,True,2021-04-25 15:43:09
CUST00001147,Marina Casa Grande,1970-06-07,igor50@example.org,Ribeirão Preto,SP,2022-04-23,ACTIVE,True,2024-08-13 12:04:26
CUST00002822,João Cavalcante,1978-08-23,andremelo@example.org,Recife,PE,2018-07-22,ACTIVE,True,2021-06-27 03:40:32
CUST00003177,Gabriel Machado,1983-06-30,vieiramarcelo@example.org,Uberaba,MG,2024-10-30,ACTIVE,True,2025-09-12 07:14:16
CUST00002438,Luísa Pires,1999-10-20,sara29@example.net,São Paulo,São Paulo,2020-02-17,ACTIVE,True,2021-11-02 20:58:23
CUST00004162,Benicio da Luz,1998-06-19,livialeao@example.com,Niterói,RJ,2026-07-11,ACTIVE,True,2026-07-31 23:55:18
CUST00004700,Srta. Ana Julia Siqueira,2003-05-30,kaiquemendonca@example.net,Caxias do Sul,RS,2022-05-15,INACTIVE,True,2022-06-11 07:42:31
CUST00002322,Clara Peixoto,1995-11-25,valentina29@example.org,Uberlândia,MG,2019-05-07,ACTIVE,True,2024-03-23 07:30:29
CUST00000419,Maria Julia Pimenta,1994-03-26,hpastor@example.com,Santos,SP,2025-11-26,ACTIVE,True,2026-06-10 04:07:08
CUST00003301,Manuela Mendes,1994-04-21,arthur-gabrielnascimento@example.org,Uberlândia,minas gerais,2026-06-22,ACTIVE,False,2026-07-30 07:56:01
CUST00001885,Maria Isis Farias,1993-07-20,maria-julia32@example.org,Curitiba,PR,2025-12-29,ACTIVE,True,2026-07-29 01:41:28
CUST00000033,Maitê Caldeira,1971-12-14,matheuscorreia@example.net,Juiz de Fora,MG,2020-04-16,ACTIVE,True,2023-08-28 15:55:54
CUST00002886,Enzo Aragão,1994-08-08,sarahda-cunha@example.org,Cascavel,PR,2021-05-10,BLOCKED,False,2026-03-25 08:43:42
CUST00000318,Ana Liz Vargas,1976-04-18,rezenderavi@example.net,Santos,SP,2019-04-25,ACTIVE,True,2022-08-13 21:55:14
CUST00001081,Lunna Cassiano,1987-10-18,gael18@example.com,Montes Claros,MG,2022-03-23,ACTIVE,False,2024-01-06 08:26:59
CUST00000083,Maria Vitória Araújo,1990-07-29,lauragomes@example.net,Pelotas,RS,2020-07-20,ACTIVE,yes,2025-02-03 11:59:57
CUST00001171,Dom Cardoso,2007-07-22,theo86@example.com,Sorocaba,SP,2021-12-15,ACTIVE,True,2025-06-23 01:55:39
CUST00004021,Sra. Maria Alice Cassiano,1984-01-28,yalbuquerque@example.org,Sorocaba,SP,2018-03-15,ACTIVE,True,2021-08-15 15:27:05
CUST00000577,Kamilly Costela,1976-09-05,liammendonca@example.org,São José dos Campos,SP,2023-12-19,INACTIVE,True,2024-09-27 08:37:57
CUST00000206,Raul Barbosa,1984-01-06,liz96@example.net,Santa Maria,RS,2019-06-16,ACTIVE,yes,2022-11-04 00:57:34
CUST00002105,Dr. Asafe Garcia,1989-08-20,henry-gabriel76@example.net,São Paulo,SP,2019-05-01,ACTIVE,True,2021-02-02 19:24:09
CUST00002727,Eduardo das Neves,2009-02-14,raul93@example.org,São José dos Campos,SP,2023-02-05,ACTIVE,False,2023-03-08 17:49:47
CUST00000305,Gabriel Almeida,1985-06-23,adias@example.org,Juiz de Fora,MG,2025-11-13,INACTIVE,True,2025-12-16 00:05:20
10000010,Gael Henrique Silva,1980-11-29,alexia03@example.org,Duque de Caxias,RJ,2018-02-20,ACTIVE,False,2024-03-23 16:16:55
CUST00001991,Luiz Otávio Guerra,1987-06-19,ylima@example.org,Ribeirão Preto,SP,2022-04-16,ACTIVE,True,2022-11-28 04:40:16
CUST00001298,Lívia Pimenta,1963-03-16,larissa52@example.org,Campinas,SP,2019-03-01,ACTIVE,False,2022-06-26 21:44:22
CUST00003047,Sra. Luna da Mata,1992-02-10,guilhermerocha@example.net,Chapecó,SC,2019-12-15,INACTIVE,True,2020-01-30 10:28:38
CUST00000411,Milena Dias,1984-09-21,da-rosacaio@example.net,Campinas,SP,2019-08-31,ACTIVE,True,2020-07-24 04:42:10
CUST00001154,Luiz Fernando Borges,1944-06-30,alicecirino@example.org,Nova Iguaçu,RJ,2019-03-12,ACTIVE,True,2021-05-19 13:02:46
CUST00004571,Murilo Vieira,1964-01-07,carvalholuiz-fernando@example.org,Contagem,MG,2021-11-02,ACTIVE,True,2024-11-15 09:51:06
CUST00003420,Sr. Noah das Neves,1987-06-08,pedro-miguelferreira@example.com,Contagem,MG,2018-06-01,ACTIVE,True,2025-06-06 02:02:07
CUST00000749,Calebe Azevedo,2000-02-09,dnovaes@example.org,São Paulo,SP,2020-08-29,ACTIVE,False,2022-07-15 13:48:29
CUST00001285,Marina Azevedo,1962-11-09,rochadaniel@example.net,São Paulo,SP,2025-12-31,ACTIVE,False,2026-06-16 19:00:18
CUST00001561,Dr. Davi Miguel da Rocha,2004-02-23,jcasa-grande@example.com,Campinas,SP,2020-07-12,ACTIVE,False,2022-12-06 01:47:48
CUST00003254,Vitor da Cunha,1968-04-21,raquel13@example.org,Uberlândia,MG,2024-09-29,ACTIVE,True,2026-05-25 03:28:25
CUST00002779,Sr. Luan Carvalho,1993-01-15,tda-conceicao@example.com,Belo Horizonte,MG,2024-08-19,ACTIVE,True,2026-06-22 02:26:41
CUST00003548,Pedro Miguel Vasconcelos,1990-09-08,isabel59@example.net,Canoas,RS,2019-05-08,ACTIVE,True,2025-01-21 19:33:32
CUST00001545,Yago da Rocha,1978-01-29,moraeskamilly@example.org,Sorocaba,SP,2021-01-15,ACTIVE,False,2021-04-09 19:22:13
CUST00002445,Maria Luiza Lopes,1938-02-21,kamillymelo@example.org,Sorocaba,SP,2022-03-24,ACTIVE,False,2025-06-30 12:19:32
CUST00000678,Valentim Vieira,2003-12-24,hellena77@example.org,Juiz de Fora,MG,2021-01-15,ACTIVE,False,2025-12-03 14:43:37
CUST00004008,Clara Cavalcante,2002-02-07,anthony-gabrielvieira@example.com,Canoas,RS,2024-03-25,ACTIVE,True,2024-10-22 16:17:41
CUST00003510,Gabriela Oliveira,1986-06-06,fsouza@example.com,Florianópolis,SC,2018-11-13,ACTIVE,True,2024-05-11 19:37:02
CUST00003572,Dra. Juliana Gonçalves,1994-01-06,qcardoso@example.net,Contagem,MG,2020-08-28,ACTIVE,True,2023-11-13 20:55:39
CUST00002888,Sra. Yasmin Aragão,1988-12-17,wnovaes@example.net,Duque de Caxias,RJ,2018-01-05,ACTIVE,True,2020-07-07 06:56:23
CUST00004101,Alexandre Barbosa,2001-11-16,fariasana@example.com,Juiz de Fora,MG,2021-11-20,ACTIVE,True,2025-01-07 03:59:59
CUST00001815,Dr. Nicolas Pires,1982-02-25,bsousa@example.com,Volta Redonda,RJ,2022-07-18,ACTIVE,True,2023-04-03 06:18:58
CUST00000074,Diogo Rezende,2009-03-24,saheitor@example.com,Porto Alegre,RS,2022-11-11,BLOCKED,True,2025-11-13 18:22:39
CUST00001207,Natália Moreira,1999-07-31,bento72@example.org,São Paulo,SP,2021-01-26,ACTIVE,True,2024-11-28 12:23:02
CUST00000214,Melissa Rodrigues,1983-02-24,ana-vitoria27@example.org,Santos,SP,2023-06-02,ACTIVE,False,2024-09-06 01:08:18
CUST00000342,Ravi Rocha,1979-06-09,ynascimento@example.org,Volta Redonda,RJ,2019-08-09,ACTIVE,True,2025-02-17 13:01:12
CUST00004166,Sra. Natália Abreu,1965-09-05,pedro-lucas11@example.org,Ponta Grossa,PR,2018-04-11,ACTIVE,True,2025-07-23 02:27:04
CUST00001572,Ana Laura Câmara,1989-05-04,vcirino@example.net,Nova Iguaçu,RJ,2023-11-21,ACTIVE,True,2024-11-12 22:48:44
CUST00002206,Matteo Casa Grande,1940-02-18,icaldeira@example.net,Juiz de Fora,MG,2019-01-12,ACTIVE,False,2022-03-09 13:24:46
CUST00003230,Eduarda Costa,1975-02-03,leandrobrito@example.net,Chapecó,SC,2024-02-06,ACTIVE,True,2026-03-15 01:16:18
CUST00003928,Lorena Costela,1987-01-26,guilhermecorreia@example.org,Nova Iguaçu,RJ,2021-03-29,ACTIVE,True,2023-12-19 09:38:36
CUST00001054,Valentina Nascimento,1959-07-21,leaomaria-clara@example.org,Uberlândia,MG,2022-09-29,active,True,2024-01-11 11:33:43
CUST00001967,Dr. Dom Martins,1975-04-16,icostela@example.net,São José dos Campos,SP,2019-10-08,INACTIVE,True,2021-01-09 10:54:19
CUST00004339,Mariana Peixoto,2007-10-07,lucas-gabrielnunes@example.com,Caruaru,PE,2018-01-27,INACTIVE,False,2020-10-29 05:32:11
CUST00002075,Maysa Carvalho,1992-07-28,das-nevesmaria-laura@example.com,Uberaba,MG,2023-08-01,ACTIVE,True,2024-12-20 18:50:57
CUST00000679,Lorenzo Caldeira,2000-03-29,vinicius98@example.net,Santos,SP,2024-01-24,ACTIVE,True,2024-04-11 09:08:11
CUST00001813,Maria Cardoso,1992-04-27,jsampaio@example.org,Curitiba,PR,2022-03-26,ACTIVE,True,2026-05-26 05:48:21
CUST00004415,Maria Fernanda Costa,1996-09-18,macedoyuri@example.net,Pelotas,RS,2022-09-05,ACTIVE,True,2025-02-08 12:19:22
CUST00003623,Sr. Mathias Melo,1976-07-04,kamillycostela@example.com,Belo Horizonte,MG,2020-08-03,ACTIVE,True,2021-09-18 02:30:52
CUST00003503,Anthony Machado,1956-08-06,nrodrigues@example.org,Itajaí,SC,2020-06-04,ACTIVE,False,2024-01-19 07:06:21
CUST0001,Alice Leão,1991-04-10,bento76@example.org,Montes Claros,MG,2019-12-28,BLOCKED,False,2022-06-01 18:11:25
CUST00003283,Caleb da Luz,1989-08-20,tmarques@example.com,Itajaí,SC,2022-04-11,active,True,2025-12-21 10:25:49
CUST00003671,Maria Luísa Cavalcanti,1977-12-04,catarinagarcia@example.net,Campinas,SP,2025-12-11,ACTIVE,True,2026-02-12 03:57:30
CUST00002436,Eloah Rocha,1984-09-12,fcamargo@example.net,Niterói,RJ,2020-05-28,INACTIVE,True,2024-09-15 00:36:25
CUST00003526,Emilly da Cunha,1988-03-17,fernanda93@example.org,Santos,SP,2024-11-06,ACTIVE,False,2026-07-21 06:05:46
CUST00001100,Dr. Bernardo Nunes,1989-01-28,nlima@example.com,Volta Redonda,RJ,2021-07-05,ACTIVE,False,2026-02-01 03:48:29
CUST00004395,Bernardo Araújo,1994-04-28,ana-lizpacheco@example.net,Juiz de Fora,MG,2024-06-05,ACTIVE,True,2024-12-30 17:17:46
CUST00002333,Luigi Gomes,1939-07-29,oliver46@example.net,Sorocaba,SP,2025-06-21,ACTIVE,True,2026-01-10 14:36:48
CUST00002157,Clarice Macedo,1993-08-23,pintobreno@example.net,Vila Velha,ES,2025-10-25,Inactive,False,2026-03-10 09:59:24
CUST00002728,Davi Lucca Ramos,1998-07-28,duarteanna-liz@example.org,Contagem,MG,2018-05-17,ACTIVE,True,2020-06-25 10:37:43
CUST00003604,Ana Cecília da Mota,1993-06-22,mcavalcanti@example.net,Uberaba,MG,2021-05-15,INACTIVE,True,2026-05-03 01:06:48
CUST00004142,Dra. Aylla Aparecida,1967-04-19,goncalveskevin@example.com,São Paulo,SP,2021-04-10,active,False,2024-12-09 23:35:41
CUST00003945,Anna Liz Castro,1991-11-27,sramos@example.com,Olinda,PE,2020-12-22,INACTIVE,True,2024-01-09 06:48:13
CUST00000986,Ana Clara Aragão,1971-01-21,alice36@example.com,Caxias do Sul,RS,2022-04-02,ACTIVE,False,2024-01-15 04:26:06
CUST00003704,Joana da Mata,1992-10-10,xrios@example.org,São Paulo,SP,2026-03-02,ACTIVE,True,2026-07-12 16:45:58
CUST00002414,Vitória Mendonça,1989-02-27,inovaes@example.net,Santos,SP,2019-04-25,ACTIVE,False,2021-03-03 10:34:18
CUST00001997,Laura Alves,2000-12-21,esternunes@example.com,São Paulo,SP,2022-03-17,ACTIVE,True,2022-11-20 21:01:10
CUST00002898,José Miguel Farias,1992-10-15,beniciogomes@example.net,Florianópolis,SC,2023-04-04,ACTIVE,True,2024-11-16 14:47:03
CUST00003123,Melissa Pastor,1962-03-11,fdas-neves@example.com,Duque de Caxias,RJ,2019-03-20,ACTIVE,False,2022-03-10 23:58:28
CUST00001890,Vicente Dias,1974-07-16,pereirapaulo@example.org,São José dos Campos,SP,2019-06-03,ACTIVE,False,2023-10-03 12:49:38
CUST00004264,Srta. Ana Vitória Sá,1964-07-13,hmoreira@example.net,Salvador,BA,2025-12-15,ACTIVE,False,2026-02-19 23:42:55
CUST00004598,Thiago da Luz,1990-09-06,wmoura@example.net,Santos,SP,2021-07-08,active,True,2023-05-19 16:03:11
CUST00004463,Davi Lucas Ribeiro,1984-12-31,amonteiro@example.net,Belo Horizonte,MG,2018-07-08,ACTIVE,False,2023-08-13 13:36:43
CUST00000589,Yan da Cunha,1970-10-04,jsampaio@example.org,São José dos Campos,SP,2019-09-23,ACTIVE,False,2023-11-16 16:12:06
CUST00004390,Srta. Lara Sousa,1974-05-08,vieirajulia@example.com,Duque de Caxias,RJ,2022-05-19,ACTIVE,True,2024-11-19 03:06:33
CUST00002831,Ana Clara Leão,1980-04-11,edias@example.net,Montes Claros,MG,2026-02-21,ACTIVE,True,2026-07-28 02:02:32
CUST00000189,Bryan Borges,1976-01-18,imendes@example.org,São José dos Campos,SP,2025-01-17,ACTIVE,True,2026-02-23 05:10:25
CUST00002094,Sr. Carlos Eduardo Rodrigues,1976-07-01,raelsa@example.net,Serra,ES,2026-02-03,ACTIVE,False,2026-02-03 05:45:37
CUST00002880,Sr. Mathias Alves,1987-12-04,barrosluiz-gustavo@example.com,Canoas,RS,2018-06-21,ACTIVE,True,2021-12-10 06:17:19
CUST00003171,Sra. Joana Ribeiro,1981-08-26,xsiqueira@example.org,Contagem,minas gerais,2025-08-10,ACTIVE,True,2026-05-16 18:15:07
CUST00003990,Dr. Ryan Silveira,1991-01-06,santosmaria-flor@example.net,Santos,SP,2026-05-11,INACTIVE,False,2026-07-08 06:34:31
CUST00001251,Isabel Almeida,1983-09-22,guilherme38@example.net,Montes Claros,MG,2019-05-13,INACTIVE,False,2019-08-11 23:53:07
CUST00002596,Maria Eduarda Fernandes,2006-02-10,ana-beatrizcorreia@example.net,Feira de Santana,BA,2021-06-13,active,False,2026-02-08 14:15:39
CUST00002682,João Guerra,1992-10-12,diogomoreira@example.net,Duque de Caxias,RJ,2020-10-28,ACTIVE,False,2021-01-14 22:19:18
CUST00003449,Leandro Câmara,1977-02-22,alicia88@example.org,Duque de Caxias,RJ,2021-05-07,ACTIVE,True,2021-08-29 23:17:26
CUST00003531,Thales Cirino,1991-01-07,castroisaac@example.com,Contagem,MG,2022-07-24,ACTIVE,False,2023-11-03 18:02:46
CUST00001139,Arthur da Rocha,1949-10-06,ravy97@example.org,São Paulo,SP,2019-02-01,ACTIVE,True,2021-11-26 00:56:13
CUST00000597,Dra. Beatriz da Cunha,2001-05-30,maria-aliceda-rocha@example.com,Duque de Caxias,RJ,2025-05-18,active,True,2025-12-02 19:02:24
CUST00003831,Otto Castro,1982-02-11,pedro-lucascavalcante@example.com,Ribeirão Preto,SP,2025-03-25,ACTIVE,True,2026-02-08 03:22:45
CUST00002529,Vitória Azevedo,1965-10-05,tferreira@example.net,São José dos Campos,SP,2022-09-13,BLOCKED,True,2024-05-20 00:08:50
CUST00001817,Léo Rocha,1984-08-09,ugarcia@example.com,Juiz de Fora,MG,2022-03-11,ACTIVE,yes,2024-01-09 18:05:47
CUST00001739,Matteo Azevedo,1984-03-21,egarcia@example.net,Porto Alegre,RS,2021-03-19,ACTIVE,True,2025-03-25 22:18:11
CUST00000647,Larissa Alves,2005-09-28,olivia87@example.com,Volta Redonda,RJ,2019-11-03,ACTIVE,True,2025-11-05 04:04:49
CUST00000811,Dra. Maria Helena Barros,1987-03-08,vargasbruna@example.com,Duque de Caxias,RJ,2020-07-14,ACTIVE,True,2022-02-20 12:49:42
CUST00003774,Clarice Cardoso,1942-10-18,dmachado@example.com,Sorocaba,SP,2020-10-17,ACTIVE,True,2023-03-02 04:50:07
CUST00001352,Brayan Porto,1991-12-23,vgarcia@example.net,Montes Claros,MG,2022-08-31,ACTIVE,True,2023-04-10 06:23:23
CUST00003921,João Vitor Viana,1987-09-18,benjamimguerra@example.com,Rio de Janeiro,RJ,2025-10-11,ACTIVE,yes,2026-05-29 15:12:12
CUST00004136,João Felipe Almeida,1987-02-28,pimentaemanuelly@example.org,Sorocaba,SP,2025-07-29,ACTIVE,True,2026-02-05 01:12:40
CUST00001466,Sophia Pereira,1995-01-30,larissacassiano@example.com,Santos,SP,2018-04-07,ACTIVE,True,2021-10-23 18:15:54
CUST00004413,Theo Mendes,1968-09-21,gabriel31@example.org,Caxias do Sul,Rio Grande do Sul,2024-01-21,BLOCKED,True,2024-08-07 18:46:56
CUST00001643,Alícia Moreira,1969-03-13,pedrofonseca@example.org,São José dos Campos,SP,2018-10-04,ACTIVE,True,2025-01-13 23:05:35
CUST00000306,Gabrielly Jesus,2007-06-27,usousa@example.org,Petrópolis,RJ,2019-11-13,ACTIVE,True,2025-08-17 19:57:57
CUST00003335,Ravi Duarte,1970-02-28,brunanascimento@example.net,Montes Claros,MG,2025-08-25,ACTIVE,False,2025-12-23 10:17:01
CUST00000838,Cecilia Pacheco,1966-12-01,joao-guilhermedas-neves@example.net,Caxias do Sul,RS,2020-11-16,ACTIVE,True,2021-11-03 19:32:28
CUST00002358,Sr. Rhavi Cunha,1975-01-17,maria-lauramendes@example.com,Camaçari,BA,2025-09-29,BLOCKED,True,2025-10-11 19:49:37
CUST00001860,Henry Jesus,2001-03-26,maria-sophia48@example.net,Montes Claros,MG,2018-09-15,ACTIVE,False,2026-06-25 00:37:27
CUST00000325,Murilo Rios,1957-12-13,cirinojoao-lucas@example.com,Londrina,PR,2021-05-04,INACTIVE,True,2024-04-20 23:46:58
CUST00003248,Evelyn Pereira,1985-09-22,henry-gabriel67@example.org,Canoas,Rio Grande do Sul,2019-12-31,ACTIVE,False,2023-07-23 09:31:46
CUST00002801,Heloísa Farias,1980-12-21,,Santos,SP,2024-02-07,ACTIVE,True,2024-03-10 16:29:36
CUST00000560,Anthony Câmara,1969-12-10,ana-laura46@example.com,Juiz de Fora,MG,2020-11-30,ACTIVE,True,2023-11-04 04:57:32
CUST00003238,Vitor Hugo Sales,2003-11-25,clara72@example.net,São José dos Campos,SP,2024-10-07,INACTIVE,True,2026-03-27 00:18:28
CUST00001946,Sra. Yasmin Fonseca,2027-01-26,vianaluiz-henrique@example.com,Uberlândia,MG,2023-10-14,ACTIVE,False,2026-01-11 17:14:44
CUST00004773,Hellena Rezende,2000-07-25,kdias@example.com,Duque de Caxias,RJ,2024-05-04,ACTIVE,True,2025-01-17 21:42:13
CUST00003581,Evelyn Cirino,1991-04-27,mendesalice@example.net,Curitiba,PR,2020-01-07,ACTIVE,True,2024-09-21 02:55:19
CUST00000735,Davi Lucca Oliveira,1973-08-08,guilhermesilveira@example.com,Itajaí,SC,2018-07-07,ACTIVE,True,2019-12-24 03:49:00
CUST00002995,Srta. Pietra Montenegro,1980-12-18,jose33@example.net,Curitiba,PR,2020-03-08,ACTIVE,True,2022-01-06 08:40:54
CUST00003344,Lucas Nascimento,2003-08-27,fcarvalho@example.org,Camaçari,bahia,2026-05-08,INACTIVE,False,2026-07-28 14:18:44
CUST00000040,Rhavi Montenegro,1955-09-08,danilomoraes@example.org,Ponta Grossa,PR,2025-11-30,ACTIVE,True,2026-01-26 21:17:11
CUST00000998,Sra. Isadora da Cruz,2007-12-07,luara93@example.net,Uberaba,MG,2020-03-31,ACTIVE,True,2022-10-27 12:06:35
CUST00003012,Luiz Felipe Castro,1995-05-08,isisabreu@example.org,Duque de Caxias,RJ,2025-06-04,ACTIVE,True,2025-12-17 17:18:42
CUST00003818,Raquel Oliveira,1980-04-08,rcarvalho@example.com,Feira de Santana,BA,2019-01-15,ACTIVE,False,2021-07-20 18:20:16
CUST00001319,Dr. Rael Martins,2004-12-27,tvargas@example.net,Ribeirão Preto,SP,2024-01-24,ACTIVE,True,2025-06-06 07:56:06
CUST00003899,Helena Azevedo,1986-08-31,giovanna95@example.com,Contagem,MG,2025-09-03,ACTIVE,True,2026-07-31 01:09:00
CUST00004371,Srta. Alícia Vargas,1984-10-11,teixeirajoao-miguel@example.com,Caxias do Sul,RS,2022-11-05,INACTIVE,False,2026-01-23 17:28:30
CUST00002253,Diego Sousa,1991-11-18,bleao@example.org,Santos,SP,2021-11-27,ACTIVE,True,2025-07-20 00:26:03
CUST00002572,Amanda Silveira,1993-06-22,barrosayla@example.org,Ribeirão Preto,SP,2021-06-19,ACTIVE,True,2023-09-04 02:10:14
CUST00004658,Rhavi Leão,1979-03-30,aliciacavalcante@example.com,Contagem,MG,2020-09-19,ACTIVE,False,2021-10-04 07:25:44
CUST00000989,Lunna Leão,1987-10-16,ayllada-conceicao@example.org,Itajaí,SC,2024-08-02,ACTIVE,True,2025-04-13 12:24:33
CUST00001964,Henry Gabriel Almeida,1948-01-25,pedro-miguel19@example.com,Itajaí,SC,2025-08-17,ACTIVE,True,2025-10-08 00:17:00
CUST00002948,Antony Siqueira,1977-05-08,azevedoisabelly@example.org,Rio de Janeiro,Rio de Janeiro,2020-06-05,INACTIVE,False,2023-03-06 16:41:25
CUST00001942,Srta. Maria Luiza Albuquerque,1999-06-17,antonellacardoso@example.net,Canoas,RS,2026-03-08,ACTIVE,False,2026-06-07 05:16:59
CUST00000993,Srta. Maria Alice da Mata,1981-11-29,brunacardoso@example.org,Niterói,RJ,2020-06-18,Inactive,True,2023-10-31 00:26:30
CUST00003727,Dra. Maria Flor Abreu,1969-07-21,ravi02@example.net,Feira de Santana,bahia,2018-09-12,ACTIVE,True,2024-04-24 06:36:00
CUST00001229,Srta. Maria Eduarda Campos,1992-10-13,hcamargo@example.com,Canoas,RS,2020-12-02,ACTIVE,True,2026-04-04 09:10:08
CUST00002052,José Pedro Câmara,1993-03-08,sophia73@example.net,Ribeirão Preto,SP,2019-05-02,BLOCKED,False,2022-02-27 09:41:41
CUST00002171,Pedro Henrique Sousa,2026-11-21,nicolefreitas@example.net,Canoas,RS,2018-09-03,ACTIVE,False,2018-10-19 15:31:33
CUST00000652,Luísa Andrade,1963-04-01,barbosacaue@example.org,Santa Maria,RS,2023-07-15,ACTIVE,True,2025-06-18 20:35:48
CUST00003632,Alana Nascimento,1984-10-10,ndas-neves@example.com,Vitória da Conquista,BA,2021-07-22,ACTIVE,True,2022-08-18 20:26:12
CUST00004568,Sr. Gabriel Gonçalves,1992-08-28,heloisamartins@example.org,Niterói,RJ,2022-09-15,ACTIVE,False,2025-07-13 23:53:21
CUST00003626,Ana Liz da Luz,2010-01-15,steixeira@example.org,Porto Alegre,RS,2025-06-25,ACTIVE,True,2026-05-20 10:24:03
CUST00004524,Amanda Correia,1999-10-28,bbrito@example.org,Sorocaba,SP,2021-01-23,ACTIVE,True,2023-03-15 22:16:22
CLIENT00000007,Ana Cecília Cassiano,1971-05-13,aparecidajuliana@example.org,Fortaleza,CE,2022-09-12,ACTIVE,False,2026-02-20 13:14:13
CUST00003530,Hellena Sousa,1978-05-16,jose-miguelmartins@example.net,Belo Horizonte,minas gerais,2018-06-24,ACTIVE,True,2018-08-12 09:31:57
CUST00000798,Isadora Nunes,1961-09-28,kamillysouza@example.org,Nova Iguaçu,RJ,2023-12-20,ACTIVE,False,2025-09-28 07:47:46
CUST00003746,Davi Lucca Costa,1986-07-07,davi-lucas58@example.com,Campinas,SP,2018-02-18,ACTIVE,True,2020-08-04 01:52:00
CUST00001973,Camila Brito,1979-11-20,ncunha@example.org,São José dos Campos,SP,2020-05-21,ACTIVE,True,
CUST00002954,Sr. Rodrigo Azevedo,2002-03-14,vianaclara@example.net,Petrópolis,RJ,2018-02-27,ACTIVE,True,2022-05-16 14:40:14
CUST00000852,Stella Teixeira,1990-05-08,,Pelotas,RS,2023-09-05,ACTIVE,True,2025-01-24 14:48:24
CUST00002768,Oliver Melo,1989-07-08,costelamelina@example.org,Juiz de Fora,MG,2024-05-11,INACTIVE,False,2025-02-05 13:53:09
CUST00004519,Kevin Macedo,1992-12-24,da-rosaarthur-miguel@example.com,Niterói,RJ,2020-06-08,active,True,2022-10-13 07:25:45
CUST00000774,Luana Duarte,1962-10-18,bryansouza@example.net,Campinas,SP,2025-12-10,ACTIVE,True,2026-02-10 15:00:10
CUST00003388,Dra. Zoe Jesus,2002-12-22,maria-luiza86@example.net,Sorocaba,SP,2025-04-25,ACTIVE,True,2025-08-15 07:13:55
CUST00001189,Luara Novaes,1937-01-30,da-matalara@example.com,Sorocaba,SP,2023-08-11,ACTIVE,False,2024-02-28 04:44:22
CUST00002351,João Lucas Lopes,1983-06-23,eazevedo@example.org,Contagem,MG,2025-04-11,ACTIVE,yes,2025-09-19 13:29:30
CUST00000889,Gustavo Silveira,1987-06-06,marqueshellena@example.net,Campinas,SP,2020-05-14,ACTIVE,False,2022-07-28 16:07:36
CUST00000632,Enrico da Paz,1985-07-01,joao-vitor04@example.org,Anápolis,GO,2021-09-10,ACTIVE,True,2022-11-14 13:00:53
CUST00004786,Marcela Moura,2006-10-05,qfarias@example.org,Chapecó,SC,2021-10-05,ACTIVE,False,2023-12-27 02:30:39
CUST00002375,Dante Silveira,1995-07-13,thales39@example.net,Camaçari,BA,2020-02-19,active,True,2024-02-22 10:39:01
CUST00002648,Alexandre Abreu,1983-10-21,zpeixoto@example.com,Contagem,MG,2023-08-10,ACTIVE,True,2025-06-17 19:43:03
CUST00004401,Maria Isis Novaes,1954-04-18,arthur-gabrielsousa@example.com,São Paulo,SP,2018-11-20,ACTIVE,True,2021-02-13 15:09:08
CUST00002786,Thales da Mota,1971-01-10,cavalcantedavi@example.com,Santos,SP,2023-07-04,ACTIVE,False,2024-06-18 08:40:40
CUST00003793,Davi Miguel Correia,1987-05-02,maysa42@example.net,Belo Horizonte,MG,2026-05-03,ACTIVE,True,2026-05-25 02:14:37
CUST00004227,Luiza Melo,2003-05-17,lavinia26@example.com,Volta Redonda,RJ,2022-03-09,ACTIVE,True,2022-09-09 23:57:32
CUST00002469,Sabrina da Mota,1977-02-16,luiz-miguelleao@example.org,Belo Horizonte,MG,2020-11-25,ACTIVE,True,2023-06-26 04:07:02
CUST00001506,Ana Carolina da Mota,1950-10-01,joao-vitorlima@example.org,Campinas,SP,2020-07-07,ACTIVE,True,2026-01-16 11:15:51
CUST00000244,Ana Luiza Camargo,1987-11-04,ipeixoto@example.org,Pelotas,RS,2019-10-28,active,True,2019-12-10 18:11:36
CUST00003070,Felipe Lopes,1993-08-21,rda-luz@example.net,Santos,SP,2019-09-16,ACTIVE,True,2019-12-14 20:16:56
CUST00003711,Antônio Ribeiro,2003-03-03,inascimento@example.org,São José dos Campos,SP,2026-03-19,ACTIVE,True,2026-05-21 02:16:22
CUST00003333,Alana Fernandes,1993-12-13,ana-carolinacavalcanti@example.net,Santos,SP,2019-06-10,ACTIVE,True,2021-11-02 05:22:55
CUST00002306,Kaique Vargas,1986-09-02,camposana-julia@example.org,Montes Claros,MG,2024-09-01,ACTIVE,True,2025-08-01 16:42:27
CUST00004059,Dr. Yan Araújo,1992-10-01,esther23@example.net,Contagem,MG,2024-07-05,ACTIVE,False,2025-11-24 22:41:54
CUST00003385,Sra. Ágatha Ferreira,1995-03-12,garciabrayan@example.org,Juiz de Fora,MG,2018-10-22,ACTIVE,False,2021-06-13 06:01:02
CUST00000773,Raul Sousa,1977-10-25,moreiraoliver@example.com,Juiz de Fora,MG,2018-07-13,ACTIVE,True,2023-10-17 00:24:47
CUST00003317,Giovanna Câmara,1977-08-24,felipe58@example.net,Ribeirão Preto,SP,2018-08-27,ACTIVE,yes,2023-07-05 23:00:35
CUST00004718,Arthur Gabriel Carvalho,1998-08-30,sarah56@example.com,Rio de Janeiro,RJ,2023-10-12,ACTIVE,True,2024-12-08 03:08:11
CUST00000595,Sra. Luísa da Costa,1978-02-26,albuquerquefelipe@example.org,Contagem,MG,2024-03-08,ACTIVE,True,2025-07-21 05:55:37
CUST00002677,Mariane Guerra,1986-06-11,marquesmaria-liz@example.net,Cascavel,PR,2021-07-06,INACTIVE,True,2022-08-26 00:06:23
CUST00000337,Srta. Ana Sophia Aparecida,1956-09-17,sferreira@example.org,Vitória da Conquista,BA,2019-10-14,INACTIVE,False,2025-05-08 17:36:59
CUST00000393,Enzo Lopes,1990-07-21,laura47@example.org,Pelotas,RS,2023-01-04,ACTIVE,True,2023-04-19 07:34:21
CUST00004597,Giovanna da Rocha,1952-02-15,vitor-gabriel03@example.net,Juazeiro do Norte,ceará,2020-09-08,ACTIVE,False,2022-10-27 11:16:49
CLIENT00000006,Joaquim Santos,2004-02-19,ana-sophia55@example.net,Juiz de Fora,MG,2020-01-24,INACTIVE,True,2023-08-15 22:07:24
CUST00001464,José Miguel Rocha,1970-06-11,jsales@example.net,Santos,SP,2025-12-08,ACTIVE,True,2026-06-02 16:48:29
CUST00001781,Helena Sá,1986-01-04,fernandesluara@example.com,Blumenau,SC,2020-09-07,ACTIVE,True,2022-04-26 01:06:53
CUST00001078,Maria Luiza Mendonça,1995-09-24,juan71@example.org,Caxias do Sul,RS,2023-10-30,ACTIVE,True,2025-07-05 02:18:50
CUST00000387,André das Neves,2003-09-07,wfonseca@example.com,Londrina,PR,2019-03-31,INACTIVE,False,2022-06-03 16:56:51
CUST00004125,Nina Correia,1985-01-01,nascimentomaria-julia@example.org,Santos,SP,2019-07-08,ACTIVE,True,2023-11-16 07:02:22
CUST00002456,Emanuel Ramos,1971-04-24,monteiropietro@example.net,Caxias do Sul,RS,2021-01-13,ACTIVE,True,2021-12-03 06:44:17
CUST00001893,Sr. Apollo Fonseca,2003-10-03,qvargas@example.com,Uberaba,MG,2021-03-24,ACTIVE,True,2024-10-19 14:11:10
CUST00002267,Allana Dias,1967-05-16,gomesjuan@example.net,Vitória da Conquista,BA,2023-02-13,ACTIVE,False,2025-06-26 11:12:37
CUST00000638,Breno Cirino,1982-03-31,oliviacampos@example.com,Montes Claros,MG,2022-03-12,ACTIVE,True,2023-05-13 05:41:31
CUST00000110,Valentina Peixoto,1964-07-01,olivia12@example.org,Sorocaba,SP,2018-03-04,ACTIVE,True,2026-07-19 22:00:40
CUST00004723,Benjamin Carvalho,1962-12-21,amanda55@example.org,Montes Claros,MG,2023-06-17,ACTIVE,True,2026-01-02 07:41:50
CUST00000280,Maitê Nunes,1963-12-19,alvesenrico@example.org,Ribeirão Preto,SP,2024-03-09,ACTIVE,True,2026-06-19 05:45:50
CUST00001013,Raquel Montenegro,1984-06-05,melosophia@example.net,São Paulo,SP,2019-08-08,ACTIVE,False,2026-06-21 00:28:22
CUST00000162,Sra. Emanuella Costa,1994-05-17,valentinafonseca@example.net,Uberaba,MG,2026-07-10,ACTIVE,True,2026-07-25 14:34:11
CUST00001077,João Gabriel Sá,1995-02-15,efogaca@example.net,Rio de Janeiro,RJ,2021-06-27,ACTIVE,True,2025-02-02 09:14:59
CUST00003691,Gael Mendes,1990-07-23,jade10@example.org,Juiz de Fora,MG,2020-08-19,BLOCKED,True,2022-09-12 01:58:23
CUST00004076,Dr. Levi Sá,1946-06-25,epimenta@example.com,Rio de Janeiro,RJ,2025-01-16,INACTIVE,True,2025-10-25 05:37:05
CUST00001231,Dr. Juan Mendonça,1998-09-21,vieirajoao-pedro@example.org,Sorocaba,SP,2022-01-20,INACTIVE,True,2026-03-25 14:22:08
CUST00003470,Bianca Abreu,1970-09-29,allananovaes@example.org,Volta Redonda,Rio de Janeiro,2022-12-03,ACTIVE,True,2025-03-23 00:54:12
CUST00002345,Dr. Daniel Rodrigues,1970-03-19,eduardocosta@example.com,Duque de Caxias,RJ,2024-08-23,BLOCKED,True,2025-10-21 23:05:19
CUST00000715,Srta. Ayla Novaes,1947-09-20,cecilia54@example.org,Volta Redonda,RJ,2021-01-21,ACTIVE,True,2023-03-25 07:49:20
CUST00002844,Emanuel Fogaça,1992-08-12,joanada-mota@example.net,Feira de Santana,bahia,2018-07-11,ACTIVE,True,2023-06-02 04:22:50
CUST00002642,Nathan Pastor,1968-03-31,yasmin26@example.net,Joinville,Santa Catarina,2026-02-24,ACTIVE,False,2026-05-16 02:00:44
CUST00000484,Maria Fernanda Marques,1988-10-19,pachecogabriel@example.net,Santos,SP,2018-01-24,ACTIVE,False,2018-09-29 04:22:22
CUST00000483,Ana Liz Casa Grande,1990-03-08,francisco03@example.net,Campinas,SP,2026-03-30,ACTIVE,True,2026-05-23 04:45:26
CUST00003827,Olivia da Paz,1977-11-18,xmarques@example.net,Ribeirão Preto,São Paulo,2025-12-18,ACTIVE,True,2026-06-03 22:18:35
CUST00003201,Gustavo Silveira,1969-12-03,andresantos@example.org,Volta Redonda,RJ,2019-09-16,ACTIVE,True,2023-02-27 23:09:49
CUST00004547,Dr. João Pedro Barbosa,1972-08-29,moreiragael@example.net,São Paulo,SP,2021-02-23,INACTIVE,True,2023-02-27 09:54:49
CUST00001444,Eloá Araújo,1998-08-18,fogacamaria-julia@example.org,Juiz de Fora,MG,2022-03-05,ACTIVE,True,2024-11-30 13:48:07
CUST00002617,Dr. Otto Barbosa,1963-07-11,da-cunhabrayan@example.net,Salvador,bahia,2020-01-16,ACTIVE,True,2026-03-10 15:29:17
CUST00002365,Isaque Peixoto,1997-01-04,maysa16@example.net,Maringá,PR,2025-12-14,ACTIVE,True,2026-01-30 02:42:44
CUST00002756,Lucas da Cruz,1993-08-09,hteixeira@example.com,Uberlândia,MG,2018-03-05,ACTIVE,yes,2020-03-19 23:43:50
CUST00001554,Ana Lívia Camargo,1977-04-23,rsiqueira@example.org,Contagem,MG,2019-10-08,ACTIVE,True,2021-01-20 07:44:53
CUST00002854,Sr. Gael Sampaio,2001-04-11,yan09@example.com,Volta Redonda,RJ,2021-05-03,ACTIVE,True,2023-08-20 15:11:56
CUST00004353,Yan Moraes,1991-11-29,rcunha@example.com,Serra,ES,2024-05-24,ACTIVE,True,2025-04-14 18:22:10
CUST00000016,Davi Miguel Moraes,1973-02-08,wborges@example.org,Blumenau,SC,2025-03-02,ACTIVE,True,2025-07-05 11:29:32
CUST00002262,Vinícius da Paz,1985-05-03,evelyn25@example.net,Campinas,SP,2022-05-22,ACTIVE,True,2023-06-21 18:33:27
CUST00000401,Bernardo Vieira,1986-10-27,frocha@example.org,Santa Maria,RS,2023-05-22,ACTIVE,True,2026-02-06 09:28:20
CUST00001153,Dra. Raquel Marques,2000-10-30,ucamargo@example.org,Rio de Janeiro,RJ,2021-12-27,ACTIVE,False,2024-03-01 07:47:23
CUST00003252,Arthur Gabriel Castro,1978-12-02,nicolas91@example.com,Campinas,SP,2025-10-01,ACTIVE,False,2026-06-11 07:16:23
CUST00001142,Jade Barbosa,1978-01-02,novaisdante@example.org,Curitiba,PR,2018-11-03,INACTIVE,True,2025-01-03 14:03:54
CUST00003196,Eduarda Cassiano,1974-11-28,igor15@example.com,Ribeirão Preto,SP,2024-12-20,INACTIVE,True,2025-02-23 02:49:16
CUST00003105,Luiz Miguel Dias,1981-09-22,diogo21@example.com,Uberaba,MG,2025-03-30,ACTIVE,True,2026-03-03 14:21:04
CUST00001409,Anthony Araújo,1964-03-02,das-nevespedro-miguel@example.org,Ribeirão Preto,SP,2023-06-19,ACTIVE,False,2025-10-22 21:22:30
,Sophie Gonçalves,1971-01-05,nogueiravalentim@example.org,Contagem,MG,2018-10-22,ACTIVE,True,2019-01-31 08:15:27
CUST00003525,Sr. Arthur Gabriel da Rocha,1950-10-04,olivercirino@example.com,Belo Horizonte,MG,2018-02-17,ACTIVE,True,2025-12-10 09:20:22
CUST00002352,Luiz Henrique Melo,1939-09-16,pmontenegro@example.org,Volta Redonda,RJ,2025-10-09,ACTIVE,True,2026-06-10 15:42:06
CUST00003872,Dr. Henrique Teixeira,1999-03-11,qmontenegro@example.org,Canoas,RS,2025-10-19,ACTIVE,True,2025-12-08 15:42:05
CUST00003405,Natália Sousa,1985-01-03,gomesantony@example.net,Santa Maria,RS,2018-05-31,active,True,2024-07-31 09:06:32
CUST00000729,Davi Lucas Aragão,1995-10-30,imendes@example.org,Sorocaba,SP,2026-07-12,ACTIVE,True,2026-07-25 11:00:19
CUST00000950,Ester Camargo,1968-05-15,thiagoda-rocha@example.com,Nova Iguaçu,Rio de Janeiro,2021-02-26,ACTIVE,False,2021-10-01 06:44:53
CUST00001228,Dra. Vitória Campos,1999-07-01,maria-alicemelo@example.org,Juazeiro do Norte,CE,2025-01-30,ACTIVE,True,2025-07-21 05:49:01
CUST00003823,Ana Clara Carvalho,1986-09-15,kabreu@example.net,Rio de Janeiro,RJ,2024-06-16,ACTIVE,yes,2026-03-17 00:59:52
CUST00003158,Sr. Enrico Castro,2000-08-13,lavinia65@example.org,Uberlândia,MG,2024-03-31,ACTIVE,False,2025-08-05 13:53:21
CUST00004384,Sr. Luiz Gustavo Correia,2006-10-27,dsouza@example.com,Ribeirão Preto,SP,2026-02-15,ACTIVE,True,2026-05-20 23:03:29
CUST00000580,Esther Almeida,1991-01-07,pirestheo@example.org,Campinas,SP,2018-03-02,ACTIVE,True,2024-11-06 03:55:39
CUST00000076,Rafael Carvalho,1982-03-26,hrios@example.net,Campinas,SP,2018-12-21,ACTIVE,True,2023-10-26 11:04:09
CUST00004085,Thales Martins,1979-06-03,da-pazcatarina@example.com,São José dos Campos,SP,2018-06-04,INACTIVE,True,2024-01-09 13:35:55
CUST00003019,Rhavi Nascimento,2005-07-01,davi-luiznovaes@example.com,Camaçari,BA,2018-04-03,ACTIVE,True,2026-02-01 09:20:48
CUST00002084,Miguel Duarte,1996-11-09,azevedomaria-luiza@example.net,Volta Redonda,RJ,2023-09-26,ACTIVE,True,2024-11-29 09:31:26
CUST00001262,Anthony Rocha,2004-12-15,julianovais@example.net,Salvador,BA,2020-09-12,ACTIVE,True,2020-12-09 19:32:42
CUST00003071,Sara Aragão,1968-07-22,monteiromathias@example.net,Juiz de Fora,minas gerais,2020-10-03,ACTIVE,True,2022-01-07 09:09:37
CUST00004234,Erick Teixeira,1985-11-04,alanaviana@example.org,Nova Iguaçu,Rio de Janeiro,2018-10-31,ACTIVE,True,2025-08-18 07:22:32
CUST00003090,Guilherme Garcia,1974-04-24,britoarthur@example.com,Campinas,SP,2022-07-26,ACTIVE,True,2024-05-18 07:03:06
CUST00003953,Ravy Sales,1992-11-23,anthonybrito@example.com,Montes Claros,MG,2025-06-02,ACTIVE,True,2026-07-07 11:56:42
CUST00003883,Enzo Barbosa,1966-04-26,guerradiego@example.net,Uberlândia,MG,2026-03-05,ACTIVE,True,2026-06-04 00:30:16
CUST00000260,Dr. Asafe Siqueira,1997-09-27,luara40@example.org,Santos,SP,2019-09-28,active,False,2020-01-06 02:17:48
CUST00002146,Gael da Cruz,1971-11-18,luiz-miguelalves@example.net,Niterói,RJ,2026-09-14,ACTIVE,True,2024-05-02 02:47:52
CUST00000087,Eloah Martins,1987-06-02,sophiealves@example.com,Campinas,SP,2019-05-01,ACTIVE,True,2026-01-20 17:54:34
CUST00000189,Bryan Borges,1976-01-18,vbrito@example.net,São José dos Campos,SP,2025-01-17,ACTIVE,True,2025-04-30 14:56:06
CUST00002744,Cauã Gonçalves,2006-06-07,novaesluiz-otavio@example.net,Canoas,RS,2020-02-17,ACTIVE,True,2024-08-22 05:05:30
CUST00003869,Luiz Henrique Lima,1986-08-18,vinicius67@example.net,Niterói,RJ,2026-05-12,BLOCKED,False,2026-05-13 12:20:26
CUST00000220,Srta. Sofia Ramos,2000-08-05,brunoda-cruz@example.net,Ribeirão Preto,SP,2025-05-03,ACTIVE,True,2025-07-25 11:53:27
CUST00000853,Liz Vasconcelos,1990-08-02,maria-eduarda26@example.com,Londrina,PR,2025-01-25,ACTIVE,True,2025-12-02 04:52:41
CUST00000582,Enzo Azevedo,1995-02-12,da-rosaamanda@example.com,Sorocaba,SP,2020-01-14,ACTIVE,False,2020-02-22 04:40:45
CUST00004251,Milena Mendonça,1985-06-30,macedoana@example.com,Contagem,MG,2026-04-10,INACTIVE,True,2026-05-25 02:21:33
CUST00002560,Srta. Juliana Silva,1996-10-20,marcela29@example.net,Juiz de Fora,MG,2023-01-14,INACTIVE,True,2023-07-15 04:04:52
CUST00001968,Mathias da Cunha,2004-08-19,qandrade@example.net,Santos,SP,2022-09-10,ACTIVE,yes,2025-08-25 07:01:40
CUST00000254,João Pedro Fogaça,2004-08-12,rezendebianca@example.com,Belo Horizonte,MG,2024-04-07,ACTIVE,False,2025-12-13 02:02:16
CUST00002172,Srta. Hadassa Brito,2003-10-05,ocirino@example.net,Contagem,MG,2023-05-25,ACTIVE,False,2024-03-24 07:04:39
CUST00001952,Pietro Duarte,1999-01-05,brayan91@example.com,São José dos Campos,SP,2018-04-06,ACTIVE,True,2021-10-04 12:40:11
CUST00004111,Gabrielly Mendes,1977-04-12,lopesfrancisco@example.org,Porto Alegre,RS,2025-10-11,ACTIVE,yes,2026-06-15 08:59:09
CUST00001750,Renan Montenegro,1988-07-14,eduarda98@example.org,São Paulo,SP,2021-04-26,active,True,2021-12-03 15:12:33
CUST00001429,Levi Garcia,1984-07-31,das-nevesdavi@example.net,Ponta Grossa,PR,2019-03-02,ACTIVE,yes,2020-06-19 22:48:17
CUST00000303,Heloísa Silveira,2001-12-02,pachecomaria-luiza@example.org,Canoas,RS,2025-07-19,ACTIVE,True,2025-10-25 03:09:50
CUST00004275,Mariane Monteiro,1980-11-13,da-costaluna@example.com,São José dos Campos,SP,2021-06-29,ACTIVE,True,2024-02-07 03:41:16
CUST00001591,Cecilia Campos,1975-01-16,xaparecida@example.com,Rio de Janeiro,RJ,2020-06-03,ACTIVE,True,2021-04-05 23:22:30
CUST00000406,Bianca Albuquerque,1939-09-10,da-luzpedro-miguel@example.net,Camaçari,BA,2024-06-03,UNKNOWN,True,2026-02-06 07:22:24
CUST00000148,Ágatha Andrade,1962-07-22,da-costaalicia@example.org,Volta Redonda,RJ,2024-03-30,ACTIVE,False,2025-05-19 11:10:26
CUST00001411,Olívia Sá,1986-06-11,liz55@example.net,Niterói,RJ,2019-08-03,ACTIVE,True,2025-08-30 19:06:09
CUST00000721,Mateus Porto,1994-03-07,rauldias@example.com,Rio de Janeiro,RJ,2025-03-01,ACTIVE,False,2025-11-07 04:41:23
CUST00002488,Theodoro Vargas,1995-03-09,hmoraes@example.com,Ribeirão Preto,SP,2024-06-15,ACTIVE,True,2025-07-26 23:48:41
CUST00001406,José Pedro Jesus,1967-06-30,npires@example.org,Nova Iguaçu,RJ,2023-06-25,ACTIVE,True,2024-06-25 04:59:58
CUST00000712,Thomas Moreira,2006-01-02,luccarocha@example.org,Curitiba,PR,2018-08-04,ACTIVE,True,2022-08-22 16:59:04
CUST00003289,Bernardo Sales,1972-12-19,rhaviramos@example.net,São Paulo,SP,2026-07-19,ACTIVE,True,2026-07-22 07:26:37
CUST00001929,Raul Abreu,1978-12-02,murilocavalcanti@example.com,Campinas,SP,2024-01-17,INACTIVE,False,2024-04-04 20:24:06
CUST00002813,Dra. Júlia Oliveira,2004-04-05,diastheo@example.net,Volta Redonda,Rio de Janeiro,2020-09-25,ACTIVE,True,2024-01-11 21:02:42
CUST00003426,Benjamim Barros,1993-05-01,ryanmoreira@example.org,Rio de Janeiro,RJ,2023-06-27,ACTIVE,yes,2025-10-10 06:25:47
CUST00003501,Vitória Guerra,1973-08-29,manuellacirino@example.net,Campinas,SP,2018-07-28,ACTIVE,False,2022-08-31 06:56:47
CUST00000089,José Pedro Garcia,1982-07-05,otavio75@example.com,Recife,PE,2026-07-22,ACTIVE,True,2026-07-22 23:38:51
CUST00001367,Murilo Rezende,1963-11-02,apollo63@example.com,Cascavel,PR,2021-03-30,active,False,2026-04-04 16:38:25
CUST00000269,Sra. Aurora Rodrigues,1970-06-05,sarah17@example.net,Uberlândia,MG,2018-07-31,ACTIVE,True,2024-01-29 16:44:31
CUST00004610,Srta. Maria Flor Nunes,1980-10-21,rafael06@example.net,Porto Alegre,RS,2025-12-17,ACTIVE,False,2026-06-17 01:17:15
CUST00002787,Dra. Antonella Lopes,1939-08-07,bpastor@example.com,São José dos Campos,SP,2024-12-09,ACTIVE,True,2025-01-18 06:10:39
CUST00004350,Mariane Pereira,1956-06-23,uda-paz@example.org,Duque de Caxias,RJ,2025-07-06,Inactive,True,2025-07-26 19:35:41
CUST00003996,Dr. Luiz Otávio Alves,1978-05-06,giovanna07@example.org,Volta Redonda,RJ,2023-03-23,INACTIVE,True,2023-11-12 18:33:02
CUST00000458,Isaque Monteiro,2006-05-23,pcamargo@example.com,Rio de Janeiro,RJ,2025-11-25,INACTIVE,True,2026-07-02 10:17:44
CUST00002402,Caleb Pimenta,1980-06-18,da-cunhaemanuel@example.net,Belo Horizonte,MG,2023-06-09,ACTIVE,True,2024-05-24 08:33:53
CUST00000265,Vinícius Fonseca,1979-06-26,pdias@example.com,Duque de Caxias,RJ,2024-03-26,ACTIVE,False,2025-11-08 02:28:28
CUST00002312,Ana Clara Ribeiro,1958-03-20,vargasalana@example.net,Santos,SP,2021-06-19,ACTIVE,False,2026-04-14 06:36:51
CUST00004593,Ana Júlia Marques,1999-07-08,ana-clara76@example.org,Juiz de Fora,MG,2025-04-06,ACTIVE,True,2025-09-09 06:59:14
CUST00001721,Ísis Nunes,2007-07-26,caue62@example.com,Niterói,RJ,2020-07-29,ACTIVE,True,2021-04-05 12:01:02
CUST00000435,João Vitor Oliveira,1950-11-01,olivia12@example.com,Uberaba,MG,2023-02-18,ACTIVE,False,2026-06-12 01:01:55
CUST00002012,Davi Lucca Moreira,1970-03-03,davi33@example.org,Feira de Santana,BA,2019-02-24,ACTIVE,True,2020-08-10 04:53:10
CUST00001140,Dr. Bryan Albuquerque,1995-12-20,ucarvalho@example.net,Ponta Grossa,PR,2023-12-07,ACTIVE,yes,2024-10-28 06:36:32
CUST00004798,Emanuella Gomes,1988-06-14,abreucalebe@example.net,Uberlândia,MG,2018-07-31,ACTIVE,False,2022-11-29 04:18:09
CUST00004014,Carolina Novaes,1982-06-21,cavalcantienzo-gabriel@example.net,Belo Horizonte,MG,2018-04-14,ACTIVE,False,2020-11-08 23:21:31
CUST00002153,Sr. Enzo Gabriel Abreu,1970-02-09,abreubeatriz@example.com,Pelotas,RS,2024-12-24,ACTIVE,True,2025-07-17 20:27:04
CUST00002789,Emanuel Rodrigues,1982-06-15,camaraallana@example.org,Londrina,PR,2018-07-04,ACTIVE,True,2024-11-01 04:22:57
CUST00001913,João Gabriel Costa,1989-11-18,ana-carolinada-luz@example.net,Ribeirão Preto,SP,2022-12-13,ACTIVE,True,2023-11-17 09:10:08
CUST00003199,Sra. Emilly Aparecida,1998-10-28,egarcia@example.com,Chapecó,SC,2022-12-11,ACTIVE,False,2026-03-06 12:48:51
CUST00003567,Maria Helena Oliveira,1948-04-03,oliverda-costa@example.org,Campinas,SP,2020-09-10,ACTIVE,False,2022-10-01 17:24:47
CUST00002031,Nicolas Fogaça,1976-02-16,maria-alicevargas@example.com,Santos,SP,2018-05-03,ACTIVE,False,2021-07-29 12:53:05
CUST00001959,Kevin Pimenta,1988-08-18,carlos-eduardofreitas@example.net,Juiz de Fora,MG,2020-07-13,ACTIVE,True,2021-03-08 17:39:05
CUST00000918,Hadassa Ribeiro,1964-10-04,maria-lauracarvalho@example.org,Maringá,PR,2018-12-12,ACTIVE,True,2023-05-17 01:02:01
CUST00001454,Ana Luiza Moreira,1965-01-10,saoliver@example.net,Caxias do Sul,RS,2026-07-23,INACTIVE,True,2026-07-24 14:53:32
CUST00001771,Sra. Hellena Macedo,1974-05-05,emanuelly84@example.net,Belo Horizonte,MG,2019-12-08,active,True,2020-07-15 08:04:10
CUST00000421,Leandro Camargo,1997-05-20,evelynsales@example.org,Curitiba,PR,2021-03-13,ACTIVE,True,2023-01-07 20:45:06
CUST00003285,Vitória Siqueira,1943-08-12,henry-gabriel71@example.com,São Paulo,SP,2023-01-17,ACTIVE,True,2025-07-02 07:08:59
CUST00001631,Apollo Lopes,1951-08-15,piresleandro@example.org,Feira de Santana,BA,2025-03-10,ACTIVE,True,2025-04-15 16:00:44
CUST00003404,Thales Costa,1988-03-13,lsousa@example.net,Montes Claros,MG,2021-10-09,ACTIVE,True,2025-07-22 09:13:36
CUST00004469,Dr. Vitor Gabriel Siqueira,1989-09-04,lavinia76@example.net,Montes Claros,MG,2020-02-20,ACTIVE,True,2021-04-15 02:44:03
CUST00001975,Sr. Otto Peixoto,1984-04-25,antonella51@example.net,Uberaba,MG,2025-03-23,INACTIVE,True,2025-10-13 21:16:21
CUST00000232,Ravy Correia,1999-07-15,lunna74@example.com,Uberaba,MG,2021-11-03,ACTIVE,True,2024-02-02 08:16:22
CUST00000190,Sr. Bento Pastor,2004-07-22,joaquim65@example.net,São José dos Campos,SP,2019-12-19,INACTIVE,True,2024-01-13 17:52:13
CUST00001477,Stephany Silva,1982-01-22,ana-lauraporto@example.org,Sorocaba,SP,2023-05-03,Inactive,True,2024-09-10 13:08:51
CUST00004006,Arthur Miguel Silveira,1985-01-01,marcela91@example.org,Ponta Grossa,PR,2019-06-11,ACTIVE,False,2022-03-04 03:58:59
CUST00000806,Kaique Câmara,2001-12-23,ana-vitoriaalmeida@example.net,Rio de Janeiro,RJ,2023-12-07,ACTIVE,True,2024-08-29 20:10:43
CUST00001170,Valentina Barros,1994-12-21,maria-helena61@example.com,Contagem,MG,2018-10-03,ACTIVE,True,2019-12-26 11:12:53
CUST00004185,Vinicius Lima,1989-03-27,araujoeloah@example.org,Juiz de Fora,MG,2025-06-30,ACTIVE,True,2026-07-16 07:55:28
CUST00003375,Cecília Cirino,2009-01-17,alvesthiago@example.com,Camaçari,BA,2025-01-11,ACTIVE,False,2025-11-02 03:40:23
CUST00002458,Lorena da Rocha,1982-09-24,zleao@example.org,Nova Iguaçu,RJ,2024-09-03,ACTIVE,True,2025-11-06 18:51:36
CUST00003156,Raquel Macedo,1961-05-02,davi-lucas74@example.org,Uberaba,MG,2024-07-18,active,True,2024-10-08 11:11:54
CUST00003705,Bruna Gonçalves,1976-01-17,ramosmariane@example.com,Sorocaba,São Paulo,2020-09-01,ACTIVE,True,2021-09-05 08:25:12
CUST00002628,Dr. Isaac Mendes,1975-01-16,joanaaparecida@example.org,Londrina,PR,2020-08-04,ACTIVE,False,2022-07-27 21:19:20
CUST00000707,Ana Júlia Castro,2006-04-16,aporto@example.org,Santa Maria,RS,2018-04-22,ACTIVE,True,2018-12-16 19:15:54
CUST00002216,Eduarda Cassiano,1936-03-23,kamillycampos@example.net,Juiz de Fora,MG,2023-09-22,ACTIVE,False,2025-10-16 23:55:17
CUST00001083,Manuela Nogueira,1969-01-26,teixeirabenicio@example.com,Cariacica,ES,2021-10-14,ACTIVE,True,2025-02-10 22:07:09
CUST00004664,Benício Moreira,1981-10-29,jose93@example.org,Feira de Santana,BA,2020-12-26,ACTIVE,True,2024-03-14 10:06:02
CUST00003585,Mateus Abreu,1999-08-22,leaoasafe@example.net,Sorocaba,SP,2020-08-19,ACTIVE,True,2022-07-23 06:54:18
CUST00004414,Sr. Thiago Rocha,2002-01-28,antonycasa-grande@example.com,Porto Alegre,RS,2024-06-01,ACTIVE,yes,2026-01-16 11:44:51
CUST00004087,Ana Júlia Marques,1965-05-31,costelaraul@example.net,Belo Horizonte,MG,2020-09-29,ACTIVE,True,2021-09-28 13:27:46
CUST00004424,Bella Cavalcanti,1988-03-12,moraesana-sophia@example.org,Juiz de Fora,MG,2021-11-06,ACTIVE,True,2022-12-06 10:13:18
CUST00003187,Alexandre Sales,1996-03-23,nathanda-rocha@example.com,Petrópolis,RJ,2019-11-15,ACTIVE,yes,2022-02-12 19:36:53
CUST00000768,Dom Albuquerque,1966-10-15,vcunha@example.com,Recife,PE,2019-03-24,ACTIVE,True,2023-06-13 00:57:10
CUST00002606,Sr. Asafe Jesus,1955-05-31,silveiraeduardo@example.org,São José dos Campos,SP,2020-04-05,ACTIVE,True,2025-07-23 06:36:53
CUST00003228,Miguel Marques,1983-09-29,da-cruzluara@example.net,Belo Horizonte,MG,2020-08-25,ACTIVE,False,2026-07-02 20:20:56
CUST00004439,Maria Helena Casa Grande,2006-08-23,mouramathias@example.net,Santos,SP,2020-06-12,ACTIVE,True,2020-12-15 09:42:23
CUST00002214,Sr. Dom Cunha,1965-11-04,davi-lucca59@example.com,Montes Claros,MG,2023-11-09,active,False,2025-06-21 12:39:44
CUST00002500,Vitor Gabriel Lima,1972-01-20,breno10@example.com,Sorocaba,SP,2024-01-16,ACTIVE,False,2026-06-29 11:09:24
CUST00003322,Ana Liz Sales,2003-03-04,sophie18@example.net,Santos,SP,2024-07-23,BLOCKED,True,2024-09-21 10:14:03
CUST00001736,Sr. Ravi Lucca Silveira,1984-08-07,ada-mota@example.org,Sorocaba,XX,2022-11-07,INACTIVE,True,2025-04-20 23:11:48
CUST00004557,Otto Ribeiro,1964-03-07,glopes@example.net,Volta Redonda,RJ,2019-12-19,ACTIVE,True,2022-10-02 07:12:28
CUST00001679,Esther Azevedo,2005-08-05,lavinia24@example.net,Ribeirão Preto,SP,2020-08-28,ACTIVE,False,2020-10-08 18:41:51
CUST00000962,Ayla Fonseca,1967-04-30,enrico74@example.net,São José dos Campos,SP,2018-04-05,BLOCKED,True,2023-06-27 01:12:05
CUST00000094,Sr. Danilo Vasconcelos,1977-03-10,ana-liviacaldeira@example.net,Contagem,MG,2022-11-29,ACTIVE,True,2026-01-13 01:24:34
CUST00004592,Luiz Felipe Gomes,1972-01-27,fernandesamanda@example.org,Volta Redonda,RJ,2026-05-13,ACTIVE,False,2026-06-28 17:48:59
CUST00003347,Srta. Gabriela das Neves,2001-01-05,milenateixeira@example.net,Caruaru,PE,2020-07-04,ACTIVE,True,2023-01-12 05:26:24
CUST00004391,Maria Alice Silveira,1962-02-06,rodrigosouza@example.com,São Paulo,SP,2022-07-05,ACTIVE,False,2024-05-18 18:46:16
CUST00002643,Caleb Viana,1976-03-31,yoliveira@example.com,Niterói,Rio de Janeiro,2023-12-07,ACTIVE,True,2026-07-07 12:49:20
CUST00004244,Bianca Duarte,1939-03-18,jesusjuan@example.net,Camaçari,BA,2023-06-17,Inactive,True,2026-03-23 04:31:12
CUST00003013,Pedro Sampaio,1976-01-07,gael-henriqueramos@example.net,Santos,SP,2019-12-20,ACTIVE,True,2020-08-09 04:16:00
CUST00000646,Asafe Rodrigues,2004-11-12,giovanna16@example.com,São Paulo,SP,2020-01-03,ACTIVE,False,2023-11-15 15:38:14
CUST00003537,Alícia Cavalcante,1968-07-13,nogueiraantonio@example.net,Sorocaba,SP,2020-08-10,ACTIVE,True,2022-05-18 19:52:39
CUST00003844,Sr. Vinicius Barbosa,1993-08-05,machadootto@example.com,Sorocaba,SP,2019-03-19,ACTIVE,True,2025-11-09 13:44:45
CUST00003447,Sabrina Vasconcelos,1996-09-22,zoenovaes@example.org,Uberaba,MG,2022-06-05,ACTIVE,True,2024-07-22 06:46:41
CUST00004420,Henry das Neves,1959-11-17,novaesbryan@example.net,Juiz de Fora,minas gerais,2018-03-01,ACTIVE,False,2024-06-08 08:04:44
CUST00004738,Noah Guerra,2008-02-22,taparecida@example.net,Volta Redonda,RJ,2020-10-24,ACTIVE,True,2025-06-02 04:18:09
CUST00004310,Dra. Ana Laura da Cruz,1999-08-14,krocha@example.net,Pelotas,RS,2019-03-24,ACTIVE,True,2024-09-01 15:39:13
CUST00002939,Yuri Abreu,1981-10-11,joao-lucas17@example.com,Cascavel,PR,2022-08-23,ACTIVE,True,2023-12-22 22:10:23
CUST00003878,Sra. Zoe da Cruz,1995-05-17,bgomes@example.com,Olinda,PE,2027-03-09,INACTIVE,False,2021-01-09 11:02:06
CUST00000247,Vinicius Fonseca,1997-08-06,mourayasmin@example.net,Juiz de Fora,MG,2021-09-12,ACTIVE,False,2023-12-03 14:48:59
CUST00002040,Ísis Teixeira,1991-08-04,sofia40@example.org,Sorocaba,São Paulo,2025-08-17,ACTIVE,True,2025-10-31 09:41:53
CUST00002279,Pietra Freitas,1956-11-18,ana-vitoriasilveira@example.com,Sorocaba,São Paulo,2019-10-28,ACTIVE,True,2025-01-19 20:50:55
CUST00003608,Yasmin Barbosa,1990-03-05,leticia04@example.com,São Paulo,SP,2022-12-17,ACTIVE,False,2026-07-01 16:42:11
CUST00002079,Bella da Cruz,1998-01-30,theodorocirino@example.net,Volta Redonda,RJ,2025-11-27,INACTIVE,True,2026-02-06 17:07:14
CUST00002754,Bruna Cirino,1975-09-15,lpereira@example.com,Olinda,PE,2025-03-12,ACTIVE,True,2025-05-09 10:59:05
CUST00001340,Mariah Mendes,1986-01-22,gomesnoah@example.org,Blumenau,SC,2026-06-13,ACTIVE,False,2026-07-25 03:28:13
CUST00002343,José Pacheco,2006-02-05,sampaiopietra@example.com,São Paulo,SP,2019-12-15,INACTIVE,True,2020-09-08 16:15:48
CUST00001594,Julia Rodrigues,1972-10-28,pintodanilo@example.net,Volta Redonda,RJ,2022-07-02,ACTIVE,False,2026-02-03 05:26:18
CUST00001945,Dra. Bruna Pereira,1982-12-11,xmontenegro@example.com,Ribeirão Preto,SP,2023-12-08,ACTIVE,yes,2024-09-08 15:37:54
CUST00004541,Diego Montenegro,2002-04-08,llima@example.org,Santos,SP,2022-05-26,ACTIVE,True,2023-02-13 10:23:49
CUST00004194,Matheus Rezende,1976-06-05,qcarvalho@example.net,Petrópolis,RJ,2020-06-04,ACTIVE,True,2025-05-06 22:10:15
CUST00004771,Alice Rezende,1984-07-30,jadecaldeira@example.org,Campinas,SP,2019-09-26,ACTIVE,True,2023-05-30 01:14:42
CUST00002895,Laís Ramos,1995-06-15,marianacavalcante@example.org,São José dos Campos,SP,2022-01-16,ACTIVE,True,2024-06-03 18:39:02
CUST00002561,Helena Machado,1992-08-05,ncavalcanti@example.com,Juiz de Fora,MG,2022-11-04,ACTIVE,False,2023-07-23 05:55:36
CUST00002163,Beatriz Moreira,1986-01-07,ribeiroaurora@example.net,Pelotas,RS,2019-10-25,ACTIVE,False,2022-06-28 21:16:56
CUST00000536,Ana Liz Gomes,1979-02-06,rnascimento@example.com,Uberaba,MG,2022-11-19,ACTIVE,True,2023-03-23 08:05:51
CUST00001926,Ana Castro,1993-08-11,ana-clarapeixoto@example.net,Santos,São Paulo,2024-10-19,ACTIVE,False,2025-03-20 10:43:53
CUST00004760,Juliana Alves,1995-07-25,paulomachado@example.com,São José dos Campos,SP,2019-03-14,ACTIVE,False,2019-05-15 04:50:38
CUST00003804,Dr. Thiago Jesus,1990-05-01,bianca78@example.com,Olinda,PE,2021-03-06,ACTIVE,yes,2025-02-18 11:10:39
CUST00001927,Fernanda Nunes,1985-07-22,jose-pedroribeiro@example.com,Cascavel,PR,2019-01-08,INACTIVE,True,2020-02-05 21:19:22
CUST00000658,Sra. Ísis da Rocha,1990-07-23,ana-ceciliarocha@example.net,Petrópolis,RJ,2021-09-10,ACTIVE,True,2023-06-21 11:58:15
CUST00001841,Luiz Felipe Sampaio,1983-10-08,isantos@example.com,Feira de Santana,BA,2018-07-30,ACTIVE,True,2021-01-20 10:04:32
CUST00002810,Lucas Pires,1978-08-04,sadavi-luiz@example.org,Santos,SP,2020-07-14,ACTIVE,True,2024-08-01 00:46:15
CUST00004146,Luiz Henrique Mendonça,1998-11-13,peixotomarcelo@example.org,Ponta Grossa,PR,2023-05-03,Inactive,True,2024-02-16 04:48:01
CUST00004616,Dr. Diego Moura,1978-06-12,duartethales@example.com,Duque de Caxias,RJ,2022-04-26,ACTIVE,True,2024-11-24 14:53:39
CUST00000884,Levi Santos,1983-01-01,da-matajulia@example.org,Sorocaba,SP,2022-11-27,ACTIVE,False,2023-07-15 20:27:11
CUST00003900,Eduarda Porto,1987-03-07,maria-vitoriarodrigues@example.com,Petrópolis,RJ,2021-10-25,ACTIVE,True,2025-10-27 00:11:01
CUST00001399,Paulo da Cunha,1977-03-30,melissa86@example.net,Campinas,SP,2019-02-13,ACTIVE,True,2022-04-27 23:53:38
CUST00003681,Sabrina Duarte,1984-03-17,yasminmelo@example.org,Uberaba,MG,2018-12-28,ACTIVE,True,2024-01-11 13:36:20
CUST00002316,Maria Eduarda Marques,1983-07-14,knogueira@example.com,Pelotas,RS,2020-12-29,INACTIVE,True,2025-03-25 09:41:47
CUST00000109,Ester Correia,1936-05-29,maria-sophiada-mota@example.net,Caxias do Sul,RS,2023-07-22,BLOCKED,True,2024-12-18 17:39:34
CUST00001368,Benício Ribeiro,1963-03-21,emilly01@example.org,São Paulo,SP,2024-08-28,ACTIVE,True,2025-06-18 16:03:17
CUST00003706,Benicio da Paz,1993-10-05,pastorsamuel@example.org,Ribeirão Preto,SP,2025-09-27,ACTIVE,True,2025-12-31 09:46:59
CUST00000823,Marcelo Cassiano,1973-02-17,wda-luz@example.org,Duque de Caxias,RJ,2024-04-21,INACTIVE,True,2026-07-02 08:21:04
CUST00000014,Sr. Theo Gonçalves,1991-09-28,,Serra,ES,2024-03-16,INACTIVE,True,2026-06-28 03:42:17
CUST00000753,Arthur Gabriel Ribeiro,1982-04-25,aylla77@example.net,Itajaí,SC,2024-03-14,INACTIVE,yes,2026-04-12 23:11:50
CUST00004037,Cecilia Moura,1976-08-07,ccamara@example.com,Sorocaba,SP,2019-06-18,ACTIVE,True,2025-03-29 08:55:21
CUST00002826,Dra. Sophie Peixoto,1996-02-24,hcasa-grande@example.org,Juiz de Fora,MG,2021-03-05,ACTIVE,True,2022-07-05 11:19:53
CUST00004672,Isadora Sousa,1996-03-07,anna-liz40@example.net,Londrina,PR,2026-07-08,ACTIVE,True,2026-07-09 06:04:16
CUST00003392,Samuel da Rocha,1964-04-05,enzo-gabriellopes@example.com,Maringá,PR,2023-11-29,ACTIVE,False,2024-05-09 01:35:15
CLIENT00000009,Dr. Ravy Gonçalves,1984-06-12,vargasliam@example.org,Santos,SP,2026-06-18,ACTIVE,True,2026-06-18 11:39:52
CUST00004090,Srta. Ana Laura Nunes,2007-07-21,anna-liz16@example.com,São José dos Campos,São Paulo,2023-12-18,ACTIVE,True,2025-08-06 07:33:04
CUST00001680,Bella Casa Grande,1976-03-23,vcaldeira@example.org,Salvador,BA,2019-10-02,ACTIVE,no,2025-02-12 10:59:14
CUST00002758,Davi Lucca Cassiano,1996-01-19,rochagael-henrique@example.org,Canoas,RS,2025-01-25,ACTIVE,True,2026-03-06 09:18:23
CUST00003063,Bárbara da Mata,1978-04-13,helenacampos@example.com,Volta Redonda,RJ,2019-03-04,INACTIVE,True,2022-10-23 11:08:51
CUST00003849,Murilo Rodrigues,1968-09-27,cirinoian@example.net,Nova Iguaçu,RJ,2021-10-15,ACTIVE,True,2023-08-03 08:01:18
CUST00003414,João Miguel Pacheco,1950-01-24,jade67@example.org,Volta Redonda,RJ,2026-05-30,ACTIVE,False,2026-07-16 04:25:32
CUST00003860,Dr. Asafe Rodrigues,1996-12-05,lunna05@example.org,Juiz de Fora,MG,2020-11-23,ACTIVE,True,2024-02-15 22:03:55
CUST00001599,Luísa Azevedo,1992-09-16,caroline97@example.org,Contagem,MG,2024-12-08,ACTIVE,True,2026-06-13 18:24:27
CUST00001940,Rafaela Andrade,1996-02-10,laura22@example.com,São José dos Campos,SP,2023-10-15,ACTIVE,True,2026-03-07 14:13:03
CUST00002681,Caio Gonçalves,1993-12-19,arthur58@example.com,Montes Claros,MG,2022-06-30,ACTIVE,True,2024-07-04 11:35:25
CUST00002741,Luiz Fernando Mendes,1992-07-17,qduarte@example.net,São Paulo,SP,2020-04-24,ACTIVE,True,2025-12-19 16:11:18
CUST00002907,Mariana Pastor,1984-07-16,davidas-neves@example.com,Uberaba,MG,2018-04-04,INACTIVE,False,2022-05-01 03:50:01
CUST00001380,Pedro Miguel Pires,1992-12-04,azevedomariane@example.org,Volta Redonda,RJ,2018-05-26,INACTIVE,True,2019-07-25 06:06:54
CUST00004446,Maria Liz Almeida,1991-11-26,saparecida@example.net,Contagem,MG,2018-02-21,ACTIVE,False,2024-02-21 09:53:44
CUST00001379,Josué Rodrigues,1990-04-24,giovannamoreira@example.com,Maringá,PR,2018-06-07,ACTIVE,False,2021-02-17 12:32:39
CUST00001463,Yan da Cunha,1994-03-06,giovanna26@example.com,Ponta Grossa,PR,2022-02-03,ACTIVE,True,2025-05-09 09:43:52
CUST00004233,Cecília Cardoso,1983-04-20,omacedo@example.net,Volta Redonda,RJ,2021-06-12,ACTIVE,False,2025-11-15 08:39:35
CUST00002252,Nina Martins,1980-01-03,isis77@example.com,Sorocaba,São Paulo,2021-03-25,BLOCKED,True,2021-05-01 22:03:26
CUST00003057,Júlia Gonçalves,1990-05-25,msiqueira@example.net,Rio de Janeiro,RJ,2018-08-27,ACTIVE,True,2024-03-01 08:41:55
CUST00003825,Sr. Lucas Gabriel Moreira,2008-07-01,arthur-gabriel73@example.com,Sorocaba,SP,2024-10-25,INACTIVE,True,2025-04-26 19:47:21
CUST00001095,Liam Garcia,1983-06-30,kduarte@example.org,Uberaba,MG,2024-07-23,ACTIVE,False,2024-10-27 09:11:33
CUST00003713,Pedro Henrique Santos,2000-12-06,nicolassilveira@example.org,Juiz de Fora,XX,2021-03-06,ACTIVE,True,2021-03-19 13:55:19
CUST00003891,Dr. Isaque da Mota,1989-06-11,beniciocarvalho@example.org,Cascavel,PR,2023-06-02,ACTIVE,True,2025-02-26 12:20:12
CUST00001059,Antony Vasconcelos,1946-11-07,bsa@example.org,Niterói,RJ,2020-01-31,ACTIVE,False,2022-04-15 18:40:49
CUST00002010,Isadora da Cruz,1954-05-01,luiz-otavio33@example.net,Montes Claros,MG,2020-10-21,INACTIVE,True,2021-09-22 10:08:13
CUST00000887,Amanda Mendes,1996-10-31,mateusfernandes@example.com,Nova Iguaçu,RJ,2018-03-08,ACTIVE,True,2024-11-13 13:36:46
CUST00002581,Camila da Costa,1985-10-30,zcassiano@example.com,São Paulo,SP,2025-09-13,ACTIVE,True,2026-07-15 08:51:49
CUST00001596,Maria Liz Barbosa,1970-06-24,hellenamartins@example.net,Florianópolis,SC,2025-03-04,ACTIVE,True,2025-07-26 14:52:23
CUST00004580,Lucca Teixeira,1998-10-26,fbrito@example.com,Rio de Janeiro,RJ,2022-11-25,ACTIVE,False,2024-05-13 17:55:55
CUST00000542,Natália Albuquerque,1996-12-12,acamargo@example.org,Campinas,SP,2023-02-06,INACTIVE,True,2023-11-04 21:46:11
CUST00001327,Dra. Giovanna Melo,1985-02-10,pietrapastor@example.net,Volta Redonda,Rio de Janeiro,2018-03-16,ACTIVE,True,2024-02-13 15:48:17
CUST00003327,Sr. Bento Santos,1975-07-31,piresbrenda@example.net,Uberlândia,MG,2025-12-10,ACTIVE,False,2026-01-30 17:12:30
CUST00001878,Dom Melo,1916-01-06,abreuana-livia@example.net,São Paulo,SP,2024-09-01,ACTIVE,False,2024-12-15 10:56:30
CUST00001314,Rafaela Silva,1997-03-11,rmelo@example.net,Montes Claros,MG,2021-03-17,ACTIVE,False,2025-09-14 02:00:42
CUST00002205,Maria Clara Martins,1943-03-12,pfreitas@example.com,Belo Horizonte,MG,2021-09-19,ACTIVE,True,2025-05-25 19:41:51
CUST00003597,Ana Lívia Melo,1974-03-19,carolina18@example.net,Curitiba,PR,2020-06-30,ACTIVE,False,2022-10-02 22:57:09
CUST00002552,Calebe Pires,1995-08-19,riosyan@example.org,Pelotas,RS,2024-07-21,ACTIVE,True,2024-10-31 01:43:13
CUST00002835,Ravi Silveira,2003-04-26,qpacheco@example.com,Uberaba,MG,2026-03-31,ACTIVE,True,2026-07-20 18:23:29
CUST00002544,Yasmin Sousa,1965-01-09,caldeiraagatha@example.com,Uberlândia,MG,2019-05-07,ACTIVE,False,2025-05-20 17:21:09
CUST00003213,Gael Cirino,2002-04-24,das-nevesdavi-lucas@example.org,Fortaleza,CE,2019-06-21,ACTIVE,True,2021-07-18 04:37:45
CUST00003403,Agatha Almeida,1989-05-05,gomeskevin@example.org,São José dos Campos,SP,2019-02-15,ACTIVE,True,2020-08-20 12:56:11
CUST00002622,Maria Laura Pereira,1989-10-12,teixeirabenjamim@example.com,Santos,São Paulo,2025-10-25,ACTIVE,False,2025-11-28 17:39:58
CUST00004674,Cecília Silveira,1991-08-28,sousaluana@example.com,Aparecida de Goiânia,GO,2019-07-21,active,True,2022-06-08 05:48:18
CUST00004378,Gael Henrique Câmara,1997-12-15,lunna61@example.com,Ribeirão Preto,SP,2021-08-16,ACTIVE,no,2025-05-25 20:45:19
CUST00002531,Hellena Macedo,1985-08-11,arthur-gabrielvasconcelos@example.org,Uberlândia,MG,2018-01-30,ACTIVE,True,2018-07-24 20:11:08
CUST00001049,Maria Alice Aragão,1971-11-08,ana81@example.net,São Paulo,SP,2019-05-25,ACTIVE,True,2025-11-19 09:44:20
CUST00001156,Oliver Barbosa,1998-04-11,melinarocha@example.org,Cascavel,PR,2022-02-18,ACTIVE,True,2023-09-04 22:37:50
CUST00003944,Sra. Sabrina Pastor,1981-07-11,ana-ceciliacaldeira@example.com,São Paulo,São Paulo,2023-09-27,INACTIVE,True,2025-05-24 17:48:43
CUST00001510,Dr. Josué Dias,1996-11-25,cirinobruno@example.org,Caxias do Sul,RS,2025-09-26,INACTIVE,False,2026-06-20 19:53:12
CUST00004168,Sarah da Rocha,1987-11-12,gabrielnovais@example.net,Santos,SP,2026-02-11,ACTIVE,False,2026-07-09 08:16:43
CUST00000351,Maria Helena Viana,2000-01-15,lara62@example.com,Ribeirão Preto,SP,2020-04-12,BLOCKED,True,2023-08-08 23:03:08
CUST00002856,José Pedro Peixoto,1991-07-28,nogueiravitoria@example.net,Canoas,RS,2019-10-17,ACTIVE,True,2023-03-27 18:54:25
CUST00000075,Felipe Sampaio,1999-04-05,jaragao@example.org,Maringá,PR,2024-11-27,INACTIVE,True,2025-11-23 01:52:30
CUST00003072,Apollo Sales,1970-04-15,vvieira@example.net,Santos,SP,2022-11-27,ACTIVE,True,2026-07-11 16:36:24
CUST00004741,Antonella Duarte,1963-07-13,maria-juliagoncalves@example.net,Nova Iguaçu,RJ,2023-02-13,ACTIVE,False,2026-03-05 18:52:00
CUST00004348,Juliana Costela,1987-09-23,augusto95@example.org,Canoas,RS,2023-01-15,INACTIVE,False,2023-08-05 05:25:03
CUST00003971,Elisa Andrade,1995-09-23,sofianovais@example.com,Nova Iguaçu,RJ,2025-05-19,ACTIVE,False,2025-06-03 15:52:54
CUST00004662,Srta. Natália Cirino,2007-01-31,isabeladas-neves@example.org,Contagem,MG,2021-08-02,INACTIVE,True,2025-11-13 06:17:50
CUST00000227,Dr. Fernando Cunha,2000-07-18,maria-vitoria33@example.org,Anápolis,Goias,2021-06-14,ACTIVE,False,2021-09-04 18:57:21
CUST00003790,Dra. Yasmin Rezende,1995-03-15,ribeirogustavo-henrique@example.com,Itajaí,SC,2022-11-23,BLOCKED,True,2026-01-29 11:42:11
CUST00003870,Apollo Teixeira,1979-07-30,laviniasilveira@example.com,Santa Maria,RS,2021-09-16,ACTIVE,True,2022-10-06 14:34:47
CUST00001918,Arthur Gabriel Camargo,1992-03-19,maria-lauracarvalho@example.com,Sorocaba,SP,2025-10-23,ACTIVE,True,2026-05-27 00:58:09
CUST00003472,José Miguel Rios,1965-09-25,mathias23@example.com,Pelotas,RS,2023-05-10,active,True,2023-07-28 13:48:21
CUST00004066,Asafe Alves,1943-06-18,mariafernandes@example.org,São Paulo,SP,2018-08-07,INACTIVE,True,2022-10-04 23:51:33
CUST00004487,Srta. Maria Fernanda Vieira,2002-03-28,vguerra@example.com,Sorocaba,SP,2023-09-02,ACTIVE,False,2025-12-14 05:28:02
CUST00003298,Ana Luiza das Neves,1982-07-31,ottogoncalves@example.org,Caxias do Sul,RS,2023-06-08,ACTIVE,True,2024-07-22 13:34:33
CUST00001456,Sr. Asafe Cardoso,1972-01-22,lorenzoborges@example.net,Ribeirão Preto,SP,2019-12-31,ACTIVE,True,2024-04-05 23:15:50
CUST00000140,Catarina Azevedo,1990-05-27,kamilly58@example.com,Campinas,SP,2018-09-27,ACTIVE,True,2023-05-27 16:25:09
CUST00001113,Ayla Gonçalves,1995-01-04,ravycamargo@example.net,Montes Claros,MG,2020-07-26,ACTIVE,False,2024-01-09 23:56:21
CUST00004297,Valentina Pimenta,1991-07-22,maria-liz49@example.net,Vitória da Conquista,bahia,2019-01-24,INACTIVE,True,2021-09-15 01:53:25
CUST00003379,Davi Lucca Cirino,1985-01-13,joao-pedro16@example.org,Nova Iguaçu,RJ,2018-03-17,ACTIVE,True,2025-01-09 19:50:33
CUST00003755,Hadassa Lima,1986-02-02,hellena18@example.org,Belo Horizonte,MG,2023-02-19,ACTIVE,True,2025-05-08 06:58:57
CUST00001972,Rebeca da Costa,1966-02-14,inascimento@example.com,Uberaba,MG,2018-12-29,INACTIVE,False,2020-04-20 10:27:43
CUST00003957,Lara Casa Grande,1982-02-08,hellenasampaio@example.com,Nova Iguaçu,RJ,2019-04-20,ACTIVE,True,2019-08-10 09:55:42
CUST00001956,Sr. Diogo Pereira,1998-01-09,garciaolivia@example.net,Santos,SP,2020-03-06,INACTIVE,True,2026-03-17 09:46:44
CUST00001825,Samuel Alves,1971-08-19,nicolas49@example.com,Sorocaba,SP,2026-07-04,ACTIVE,False,2026-07-30 14:27:15
CUST00003216,Daniela Teixeira,1988-06-16,npastor@example.net,São José dos Campos,SP,2025-09-26,ACTIVE,True,2025-10-22 17:19:53
CUST00001137,Thales Garcia,1995-08-01,lorenacostela@example.net,Londrina,PR,2027-02-12,INACTIVE,True,2022-01-11 23:08:30
CUST00003506,Carolina Cunha,2009-04-05,gsilveira@example.com,São Paulo,SP,2024-05-05,ACTIVE,True,2024-11-26 10:03:29
CUST00001242,Dra. Melina Barros,1986-11-01,isadora90@example.com,Volta Redonda,RJ,2023-12-13,ACTIVE,True,2025-04-27 06:25:32
CUST00002710,Laura da Luz,1997-07-04,anthony-gabrielcorreia@example.com,São José dos Campos,SP,2020-03-16,ACTIVE,True,2023-07-05 14:19:54
CUST00000191,Ana Júlia da Paz,1988-11-11,clarice19@example.net,Sorocaba,SP,2018-06-01,ACTIVE,True,2025-12-13 01:19:06
CUST00001987,Lucas Castro,1938-02-02,maria-eduardasilveira@example.org,Ribeirão Preto,SP,2020-06-21,ACTIVE,True,2026-01-01 01:38:58
CUST00001703,Bianca da Mota,1935-12-06,lmoura@example.com,Niterói,RJ,2025-12-10,ACTIVE,True,2026-06-17 17:58:10
CUST00004016,Amanda Rocha,1983-07-30,maria-fernandanovais@example.net,Belo Horizonte,MG,2023-05-05,ACTIVE,True,2023-11-24 05:50:15
CUST00003377,Yan Azevedo,1968-09-26,dabreu@example.com,Uberlândia,MG,2026-01-15,ACTIVE,True,2026-04-09 19:01:06
CUST00002749,Lunna Ribeiro,1972-09-28,portoana-julia@example.org,São Paulo,SP,2020-03-29,INACTIVE,False,2024-04-15 17:42:06
CUST00002672,Emilly Caldeira,1987-08-18,vicentemoreira@example.com,Caucaia,CE,2021-09-07,ACTIVE,True,2023-08-10 06:29:23
CUST00002422,Sr. Ravi Cardoso,1980-01-04,paragao@example.org,Juiz de Fora,MG,2024-03-28,ACTIVE,True,2024-10-21 11:40:19
CUST00004063,Raquel Campos,1997-12-28,leonardo12@example.com,Camaçari,BA,2025-01-31,ACTIVE,True,2025-12-03 11:17:02
CUST00003650,Otto Nogueira,2002-09-07,limahenry-gabriel,Pelotas,RS,2026-01-27,ACTIVE,True,2026-02-08 12:04:55
CUST00004656,Ravy Pacheco,1987-04-19,oaragao@example.org,São José dos Campos,SP,2025-04-26,ACTIVE,True,2025-09-25 16:00:41
CUST00000871,Benjamin Caldeira,1975-05-15,mendesalicia@example.com,Sorocaba,SP,2018-06-17,ACTIVE,False,2022-08-02 11:05:52
CUST00003221,Alexandre Duarte,1985-07-15,duarteluiz-henrique@example.com,São Paulo,SP,2020-08-31,ACTIVE,yes,2021-05-25 01:10:21
CUST00003006,Alana da Paz,1994-07-02,maria-alice59@example.net,Rio de Janeiro,RJ,2019-10-24,BLOCKED,True,2020-07-24 05:30:29
CUST00001787,Luna da Luz,2010-05-26,liviamartins@example.org,Pelotas,RS,2023-07-21,ACTIVE,False,2024-09-23 10:43:33
CUST00002674,Maysa da Conceição,1977-10-23,ida-conceicao@example.org,Campinas,SP,2021-04-21,INACTIVE,True,2026-05-04 13:50:25
CUST00003465,Cecilia Vasconcelos,1988-02-14,wpeixoto@example.org,Ponta Grossa,PR,2024-08-16,ACTIVE,True,2025-10-23 21:20:56
CUST00001536,Raul Cirino,1983-01-15,marcos-viniciusnunes@example.com,Uberaba,MG,2022-11-26,BLOCKED,False,2026-04-06 10:27:40
CUST00002574,Maria Fernanda Araújo,1985-07-27,silveirakaique@example.com,Itajaí,Santa Catarina,2024-09-12,ACTIVE,True,2025-04-12 07:23:38
CUST00000108,Dante Silveira,1988-02-12,ana-vitoriacampos@example.net,Camaçari,BA,2018-06-28,ACTIVE,True,2021-10-09 12:07:05
CUST00000479,Liz Sousa,1993-05-15,maria-fernandafreitas@example.net,Sorocaba,SP,2019-02-24,ACTIVE,True,2026-07-03 23:15:19
CUST00004569,Kamilly Cavalcanti,2001-05-04,fariasthales@example.org,Niterói,Rio de Janeiro,2018-12-24,ACTIVE,False,2019-05-22 23:58:01
CUST00001305,Gael Henrique Almeida,1963-11-16,viniciusbrito@example.org,Campinas,SP,2022-01-05,ACTIVE,False,2024-12-23 18:57:14
CUST00004555,Mathias Albuquerque,1976-01-17,alexandremoraes@example.com,Londrina,PR,2021-09-14,ACTIVE,True,2026-05-22 07:19:16
CUST00003512,Luna Jesus,1967-05-26,varaujo@example.com,Blumenau,SC,2024-04-18,INACTIVE,False,2026-01-18 02:09:59
CUST00003081,Srta. Sabrina Cavalcante,2009-01-18,costajoaquim@example.org,Nova Iguaçu,RJ,2022-09-12,ACTIVE,True,2026-05-08 00:27:22
CUST00001723,Cauê Farias,1987-06-08,da-rochamaria-luisa@example.net,Nova Iguaçu,RJ,2022-05-10,ACTIVE,True,2023-06-12 02:44:41
CUST00004641,Sr. Davi Lucca Aparecida,1988-03-07,novaisleonardo@example.net,Curitiba,PR,2026-06-20,ACTIVE,False,2026-07-15 21:55:18
CUST00003251,Sr. Enzo Ribeiro,2002-01-26,ualbuquerque@example.org,São Paulo,SP,2023-08-09,ACTIVE,False,2024-05-27 20:43:34
CUST00002175,Heloísa Freitas,2007-04-03,japarecida@example.org,Ribeirão Preto,SP,2020-10-26,ACTIVE,False,2023-09-24 00:34:38
CUST0004,Dr. Luigi Pacheco,1988-01-15,caua26@example.org,Ribeirão Preto,SP,2023-02-01,ACTIVE,True,2024-03-04 13:28:16
CUST00004663,Samuel Farias,2027-04-14,yoliveira@example.org,São Paulo,SP,2020-05-06,ACTIVE,True,2024-11-07 05:33:20
CUST00003803,Caroline Abreu,1977-07-31,leaoayla@example.com,Cascavel,PR,2023-08-08,ACTIVE,True,2024-05-11 00:05:42
CUST00003464,Eloah Novais,1990-02-17,vmoreira,São José dos Campos,SP,2022-04-14,ACTIVE,True,2024-06-09 04:38:18
CUST00002033,Maria Helena Duarte,1986-03-24,pedropinto@example.net,Vitória da Conquista,BA,2020-10-25,ACTIVE,True,2025-11-12 05:38:42
CUST00002374,Maria Cecília Silva,1990-11-13,nicolas79@example.net,São José dos Campos,SP,2021-12-28,ACTIVE,no,2025-11-30 17:46:01
CUST00003542,Sr. Asafe Cassiano,1991-01-22,bianca50@example.org,Campinas,SP,2025-04-06,INACTIVE,True,2026-02-05 11:05:20
CUST00001783,Nicole Lima,1969-05-05,luan67@example.net,Pelotas,RS,2020-02-18,ACTIVE,True,2024-10-31 19:27:01
CUST00001837,Emilly da Rosa,1939-10-18,anarios@example.com,Santos,SP,2018-08-22,ACTIVE,False,2022-02-28 22:41:52
CUST00000464,Thomas Costela,2004-04-17,stelladuarte@example.com,São Paulo,SP,2024-10-10,BLOCKED,True,2025-12-20 18:38:20
CUST00000863,Thales da Costa,1986-03-05,maria-lauramarques@example.com,Aparecida de Goiânia,GO,2025-09-14,ACTIVE,True,2026-06-26 20:59:15
CUST00002504,Srta. Cecilia Moura,1974-02-19,fonsecaian@example.org,Recife,PE,2025-07-02,ACTIVE,True,2025-07-17 12:21:52
CUST00002657,Davi Miguel Ferreira,1990-08-21,novaisfrancisco@example.net,Florianópolis,SC,2022-06-27,INACTIVE,True,2026-04-06 17:27:42
CUST00002695,Srta. Caroline Dias,1978-09-11,marinasouza@example.org,Uberlândia,MG,2025-02-24,INACTIVE,False,2026-05-24 20:25:00
CUST00004517,Maria Luísa Guerra,1987-09-17,cassianosofia@example.com,São Paulo,SP,2019-04-23,ACTIVE,False,2022-06-29 05:13:03
CUST00001403,Laura Siqueira,2006-04-08,lcavalcante@example.com,São José dos Campos,SP,2018-12-09,UNKNOWN,True,2023-12-26 15:49:18
CUST00004512,Sarah Fernandes,1997-03-05,gda-cunha@example.org,Ribeirão Preto,SP,2020-09-21,ACTIVE,True,2022-05-21 05:40:25
CUST00002074,Otto Azevedo,1961-08-29,melomaria-fernanda@example.com,Uberlândia,MG,2024-05-27,ACTIVE,True,2025-10-23 08:39:55
CUST00003118,Gabriel Alves,1968-09-29,luiz-otavio31@example.org,Jaboatão dos Guararapes,PE,2023-04-06,ACTIVE,False,2023-10-10 18:22:54
CUST00001341,Leonardo Lopes,1970-12-26,mcastro@example.net,Santa Maria,RS,2022-05-09,BLOCKED,False,2026-01-01 15:43:30
,Mathias Caldeira,1996-10-13,souzathales@example.net,Santos,SP,2021-10-30,ACTIVE,True,2025-06-27 17:11:45
CUST00001555,Lorenzo Cardoso,1979-02-23,helenafogaca@example.com,Belo Horizonte,MG,2019-10-28,ACTIVE,True,2025-02-20 18:40:43
CUST00000988,Ryan Moraes,1970-02-08,barbosaravy@example.net,Campinas,SP,2020-02-16,ACTIVE,True,2022-10-30 20:11:24
CUST00000669,Bianca Cavalcanti,1953-05-20,da-motajoao-lucas,Pelotas,RS,2022-03-17,ACTIVE,False,2025-07-09 08:10:00
CUST00000470,Júlia Moura,2005-04-29,da-luzeduardo@example.com,Uberaba,MG,2023-08-28,ACTIVE,True,2023-11-11 10:52:50
CUST00004775,Brayan Macedo,1993-02-10,oliveiralavinia@example.org,Santos,SP,2023-01-30,ACTIVE,True,2026-05-19 02:40:27
CUST00003483,Levi da Conceição,1953-12-08,casa-grandeguilherme@example.com,Campinas,SP,2020-06-02,ACTIVE,False,2022-10-19 16:34:15
CUST00003544,Sofia Novaes,2001-01-24,oliver93@example.org,Itajaí,SC,2018-11-05,ACTIVE,False,2026-07-12 19:46:40
CUST00003750,Felipe da Cunha,1998-12-11,dom33,Sorocaba,SP,2025-06-09,ACTIVE,True,2025-10-15 18:03:20
CUST00003566,Kevin Vargas,1964-04-27,cmonteiro@example.com,Campinas,São Paulo,2018-03-08,ACTIVE,True,2025-04-13 22:14:35
CUST00003618,Sophia da Cruz,1989-10-03,benjamimgoncalves@example.com,São Paulo,São Paulo,2020-09-15,ACTIVE,True,2024-10-20 07:04:30
CUST00002512,Helena Siqueira,1996-01-30,luccasousa@example.net,Camaçari,BA,2020-09-07,ACTIVE,True,2023-08-20 05:07:11
CUST00004477,João Felipe Pimenta,1980-09-10,yfogaca@example.com,Volta Redonda,RJ,2019-03-07,ACTIVE,True,2023-02-12 05:20:11
CUST00001039,Sr. Marcos Vinicius Borges,1997-11-22,jesusyago@example.com,Montes Claros,MG,2020-10-14,INACTIVE,True,2025-12-16 04:28:40
CUST00002071,Luna Alves,1963-06-27,fariasbenjamin@example.com,Ribeirão Preto,SP,2021-06-15,ACTIVE,True,2025-05-23 13:49:42
CUST00001005,Ester Vieira,1995-01-14,maria-fernanda01@example.com,Duque de Caxias,RJ,2026-07-22,ACTIVE,True,2026-07-29 02:57:47
CUST00003724,Bruno Macedo,1978-10-28,da-rochaheloisa@example.net,Santos,SP,2020-07-07,ACTIVE,True,2024-01-26 09:06:27
CUST00004178,Isabella Dias,1981-01-29,carvalhoayla@example.com,Montes Claros,MG,2026-01-17,INACTIVE,True,2026-03-15 23:02:12
CUST00004722,Yan Mendes,1971-04-16,apollocaldeira@example.org,São José dos Campos,SP,2020-11-15,ACTIVE,True,2023-03-25 17:40:52
CUST00002873,Milena Viana,1995-03-02,antonella33@example.net,Porto Alegre,RS,2024-02-03,ACTIVE,False,2024-06-11 23:35:36
CUST00001213,Melina Sampaio,1997-11-16,jade34@example.org,Uberaba,MG,2026-09-12,ACTIVE,True,2021-06-27 21:50:53
CUST00004717,Ana Julia Pires,2001-02-27,lcostela@example.org,Montes Claros,MG,2020-11-09,INACTIVE,yes,2026-06-07 03:13:59
CUST00002034,Kamilly Caldeira,1988-10-08,da-cruzlorenzo@example.com,Uberaba,MG,2021-04-19,ACTIVE,True,2025-10-30 01:13:20
CUST00002635,Sr. Juan Almeida,1984-03-23,mathias23@example.org,Belo Horizonte,MG,2022-01-06,ACTIVE,True,2023-09-30 11:35:34
CUST00000371,Clarice da Costa,1962-01-30,sarada-cunha@example.com,Santos,SP,2019-08-31,active,True,2023-01-13 02:07:42
CUST00004725,Giovanna Nunes,1993-11-07,oguerra@example.com,Campinas,SP,2018-01-28,ACTIVE,True,2025-07-01 10:11:10
CUST00000125,Júlia Montenegro,1976-07-12,alexandrearagao@example.net,Canoas,RS,2018-11-05,ACTIVE,False,2025-01-20 00:11:50
CUST00003851,Vitor Hugo Moreira,1998-04-08,yrezende@example.org,Uberaba,MG,2024-04-16,INACTIVE,True,2025-02-13 14:58:51
CUST00002087,Luigi Mendonça,1989-02-12,gribeiro@example.net,Ribeirão Preto,SP,2026-05-14,ACTIVE,True,2026-06-22 02:21:01
CUST00003425,Emanuella Câmara,1988-07-10,da-luzleticia@example.com,Uberlândia,MG,2022-10-21,ACTIVE,True,2026-03-09 21:30:27
CUST00003865,Luna Aragão,2002-04-29,pastorjose-pedro@example.com,Cascavel,PR,2026-05-05,INACTIVE,True,2026-05-28 20:26:33
CUST00003255,Ágatha Oliveira,1998-05-08,bryanfarias@example.com,Sorocaba,SP,2020-08-18,ACTIVE,no,2021-09-06 04:56:00
CUST00003920,Sr. Luan Carvalho,1982-07-13,aliciasousa@example.org,Ribeirão Preto,SP,2023-02-15,ACTIVE,True,2025-12-25 02:49:53
CUST00001999,Laís Cassiano,1991-11-21,juanpereira@example.com,Chapecó,SC,2025-01-12,ACTIVE,False,2026-05-22 03:54:54
CUST00003905,Benício da Cunha,1977-03-10,yuri61@example.com,Curitiba,PR,2026-03-20,ACTIVE,True,2026-06-27 23:47:47
CUST00000150,Arthur Aparecida,2003-03-03,daniel45@example.com,Rio de Janeiro,RJ,2019-01-11,active,True,2022-11-20 10:16:54
CUST00004556,Lavínia Martins,1965-01-14,uaparecida@example.net,Uberaba,MG,2025-03-07,ACTIVE,True,
CUST00004122,Sr. Emanuel Martins,1997-08-02,maria-luizasa@example.com,Chapecó,SC,2020-09-22,ACTIVE,True,2026-05-22 05:24:07
CUST00002370,Ana Luiza da Cunha,2007-07-20,vitor-hugo49@example.net,São Paulo,SP,2026-07-11,active,True,2026-07-15 04:58:34
CUST00001268,Igor Monteiro,1988-01-25,brayan47@example.net,Maringá,PR,2023-07-22,ACTIVE,False,2026-04-06 09:19:25
CUST00001923,Maria Liz Melo,1995-03-11,thiagosilveira@example.com,Campinas,SP,2020-05-17,ACTIVE,True,2022-04-29 06:39:00
CUST00003320,Anthony da Cruz,1955-07-16,maria-juliadas-neves@example.org,Feira de Santana,bahia,2022-08-13,ACTIVE,True,2026-07-05 01:23:28
CUST00002090,Davi Lucas Ferreira,1998-03-22,marcela68@example.org,Juiz de Fora,MG,2020-05-03,ACTIVE,yes,2025-11-14 10:13:46
CUST00002784,Heitor Alves,2008-03-17,dom20@example.org,São José dos Campos,SP,2022-02-01,active,False,2025-07-24 03:18:36
CUST00003150,Maria Eduarda Aragão,1995-02-24,ana-carolinacirino@example.org,Maringá,PR,2025-04-06,ACTIVE,False,2026-04-18 08:22:26
CUST00004584,Isis Nogueira,1992-02-18,auroracostela@example.org,São José dos Campos,SP,2025-11-08,ACTIVE,True,2026-07-21 01:55:31
CUST00002339,Olivia Andrade,1969-09-23,nogueirabryan@example.com,Juiz de Fora,MG,2022-06-14,ACTIVE,True,2026-05-27 19:08:31
CUST00000164,Ana Vitória Casa Grande,1971-08-30,isabellanovais@example.com,Ribeirão Preto,SP,2018-10-31,ACTIVE,True,2021-12-19 15:04:05
CUST00002505,Lucas Gabriel Dias,1980-04-29,cirinootavio@example.net,Campinas,SP,2024-07-22,ACTIVE,True,2024-10-27 14:17:23
CUST00002453,Sr. Arthur Miguel Pacheco,1982-12-14,aparecidaalexandre@example.org,Sorocaba,SP,2021-04-14,ACTIVE,True,2023-10-02 01:08:32
CUST00002181,Fernando Nascimento,1984-03-12,lucas-gabriel46@example.com,Nova Iguaçu,RJ,2026-03-24,INACTIVE,yes,2026-06-09 07:29:07
CUST00000757,Lorena Fonseca,2004-11-20,jda-luz@example.com,Ribeirão Preto,SP,2026-06-12,ACTIVE,False,2026-06-24 21:14:28
CUST00002660,Isabel Borges,1974-08-17,ana-sophiafogaca@example.net,Anápolis,GO,2018-01-22,ACTIVE,False,2024-10-28 05:06:14
CUST00003749,Luiz Felipe Moura,1976-03-19,doliveira@example.com,Nova Iguaçu,RJ,2022-09-26,ACTIVE,False,2025-12-01 05:39:13
CUST00003395,Maya da Mata,1991-01-01,limaleticia@example.net,Volta Redonda,RJ,2020-04-24,ACTIVE,True,2026-05-28 18:09:57
CUST00004040,Davi Miguel Cardoso,1990-04-26,da-rosaerick@example.com,Ribeirão Preto,SP,2024-10-08,ACTIVE,True,2025-08-09 20:35:30
CUST00002286,Daniela Novaes,2010-03-24,costelamanuela@example.org,Ribeirão Preto,SP,2020-08-03,INACTIVE,True,2023-08-13 14:45:52
CUST00002228,Alexia Sousa,1940-02-02,da-rosagabrielly@example.org,Campinas,SP,2022-10-17,active,False,2023-10-05 06:33:44
CUST00004344,Kaique Rocha,2006-11-08,renanda-cunha@example.org,Contagem,MG,2022-12-12,ACTIVE,True,2025-08-13 14:43:50
CUST00003637,Maysa Correia,1997-11-25,freitasvalentim@example.net,Ribeirão Preto,SP,2025-06-22,ACTIVE,True,2025-11-08 13:34:07
CUST00004736,Milena Caldeira,1991-09-04,eloahbarros@example.net,Recife,pernambuco,2024-06-16,BLOCKED,True,2025-09-27 11:37:03
CUST00000722,Sr. João da Cruz,1999-12-11,francisco65@example.org,São Paulo,SP,2022-04-17,ACTIVE,False,2024-07-17 06:50:30
CUST00000552,Maria Luiza Carvalho,1992-04-14,cavalcantimatheus,Ribeirão Preto,SP,2022-09-30,ACTIVE,True,2024-03-22 11:52:15
CUST00001518,,1990-04-18,larissanovaes@example.net,Goiânia,GO,2023-06-21,ACTIVE,False,2025-06-20 21:44:50
CUST00001868,Samuel Nogueira,1976-12-26,pdias@example.org,Contagem,minas gerais,2020-04-15,ACTIVE,True,2022-12-02 13:25:39
CUST00000689,,1980-01-14,manuelapereira@example.com,Ponta Grossa,PR,2023-06-17,ACTIVE,True,2025-10-26 07:10:10
CUST00004208,Sr. Erick Nascimento,1985-11-09,isadora72@example.net,Juiz de Fora,MG,2022-09-07,ACTIVE,True,2023-07-13 20:40:43
CUST00002059,Gustavo Vargas,1968-11-20,hpastor@example.org,Blumenau,SC,2020-05-06,INACTIVE,True,2021-10-25 02:24:47
CUST00001475,Juliana Aragão,1978-09-19,theo96@example.net,Sorocaba,SP,2024-09-19,ACTIVE,True,2025-03-09 21:46:21
CUST00004138,Raul Pinto,1986-02-07,luiz-otaviocardoso@example.org,Duque de Caxias,Rio de Janeiro,2025-06-06,ACTIVE,False,2026-05-29 14:00:28
CUST00002994,Maria Julia Silva,2004-12-05,qmendes@example.org,Santos,SP,2024-05-28,ACTIVE,True,2025-07-24 16:56:45
CUST00002318,Dr. Erick Pacheco,1985-10-07,dfreitas@example.com,Feira de Santana,BA,2020-06-30,INACTIVE,True,2025-05-28 14:57:35
CUST00003436,Liam Sá,1951-03-20,souzajose@example.com,Pelotas,RS,2022-06-04,BLOCKED,False,2026-07-10 03:36:55
CUST00003111,Caio Cassiano,1999-07-25,diogo39@example.org,Montes Claros,MG,2019-08-05,ACTIVE,False,2023-09-10 10:52:18
CUST00002278,Carolina Duarte,1963-08-28,camposcaua@example.com,Vitória da Conquista,BA,2021-09-20,BLOCKED,True,2022-07-15 04:22:33
CUST00002397,Benício Machado,1982-10-15,gomescatarina@example.com,Camaçari,BA,2019-09-24,ACTIVE,True,2022-08-13 17:20:39
CUST00002081,Juliana Teixeira,2009-05-21,beatrizlima@example.com,Sorocaba,SP,2025-03-28,ACTIVE,True,2025-12-02 02:55:03
CUST00003386,Cauê Oliveira,1961-08-05,diasstella@example.net,Uberaba,MG,2024-09-18,ACTIVE,False,2026-06-08 07:48:29
CUST00000817,Yan Guerra,1989-09-20,enzo-gabriel68@example.com,Sorocaba,SP,2020-08-03,ACTIVE,True,2021-01-14 04:57:43
CUST00004482,Davi Lucas Moura,1983-05-18,vitoria34@example.net,Ribeirão Preto,SP,2026-02-26,active,True,2026-06-30 13:39:54
CUST00002518,Davi Lucas Oliveira,2002-12-14,isaquerios@example.org,Rio de Janeiro,RJ,2019-07-09,ACTIVE,True,2020-09-24 09:13:23
CUST00002968,Vitória Araújo,1977-06-25,ida-mata@example.com,Uberlândia,MG,2020-07-04,ACTIVE,True,2021-12-27 13:26:41
CUST00001329,Sra. Giovanna Macedo,1995-02-28,bnovais@example.com,Joinville,SC,2020-08-08,ACTIVE,True,2025-02-28 23:16:49
CUST00004421,Gael Henrique Nascimento,1969-03-27,da-luzhelena@example.org,Uberaba,MG,2025-03-05,INACTIVE,True,2025-03-23 23:39:35
,Nicole Andrade,1993-10-09,ferreiralucas-gabriel@example.org,Petrópolis,RJ,2024-09-02,ACTIVE,False,2024-09-18 05:56:22
CUST00003294,Sr. Luan Siqueira,1994-01-21,maria-sophiaviana@example.net,Canoas,RS,2022-11-06,ACTIVE,True,2023-03-04 22:52:12
CUST00003757,Natália Gonçalves,1996-03-15,freitasmaria-helena@example.org,Uberlândia,MG,2021-03-06,ACTIVE,True,2023-05-08 18:50:56
CUST00000997,Helena Pastor,1975-12-20,rmartins@example.org,Blumenau,SC,2023-08-18,ACTIVE,True,2024-08-05 18:49:19
CUST00002028,Sra. Heloísa da Luz,1974-06-16,xda-rosa@example.org,Uberaba,MG,2023-07-11,ACTIVE,True,2025-12-19 14:22:27
CUST00001281,Sr. Lucas Gabriel Moreira,1984-07-16,diogovasconcelos@example.net,Petrópolis,RJ,2021-03-27,ACTIVE,True,2022-06-27 02:53:20
CUST00001874,Júlia Moreira,1996-02-23,esther92@example.org,Camaçari,BA,2019-03-01,INACTIVE,False,2020-12-19 18:42:29
CUST00000327,Dr. Anthony da Luz,1961-11-14,ravy01@example.com,Niterói,RJ,2024-11-28,ACTIVE,True,2025-01-13 02:30:36
CUST00000832,Srta. Ana Cecília da Cruz,1980-05-17,brenda76@example.net,Ponta Grossa,PR,2019-01-24,ACTIVE,True,2025-11-17 04:44:00
CUST00004594,Cauê Aragão,1962-09-16,eoliveira@example.com,Cascavel,PR,2025-09-16,INACTIVE,yes,2026-01-31 21:22:11
CUST00003173,João Aragão,2000-07-05,ofonseca@example.net,São José dos Campos,São Paulo,2022-10-24,INACTIVE,False,2026-04-24 01:16:18
CUST00003967,Kamilly Nascimento,1985-09-26,da-pazcaleb@example.net,Chapecó,SC,2021-07-26,ACTIVE,True,2022-07-27 05:44:40
CUST00003941,Sra. Eduarda da Paz,1996-01-03,rvasconcelos@example.com,Florianópolis,SC,2024-03-15,ACTIVE,True,2026-02-11 01:21:10
CUST00002249,Ana Luiza Nunes,1941-01-21,antonella75@example.net,Nova Iguaçu,RJ,2020-11-29,ACTIVE,False,2021-03-08 09:23:36
CUST00003546,Caroline Abreu,1974-04-12,ferreirastephany@example.net,São José dos Campos,SP,2023-07-30,INACTIVE,True,2024-02-03 09:30:53
CUST00000583,Dra. Valentina Fernandes,2001-11-10,irodrigues@example.com,Cascavel,PR,2022-12-20,ACTIVE,no,2024-12-04 21:09:37
CUST00002104,Davi Nogueira,1994-12-07,ecassiano@example.net,Caxias do Sul,RS,2020-10-26,ACTIVE,yes,2024-09-29 14:16:04
CUST00004074,Pedro Macedo,1991-11-15,emillyazevedo@example.org,Juiz de Fora,MG,2025-07-16,ACTIVE,False,2026-07-04 02:36:25
CUST00000579,,2009-10-04,evelynalbuquerque@example.com,Recife,PE,2020-02-01,BLOCKED,True,2026-03-03 00:52:28
CUST00003598,Alícia Borges,1991-12-05,npinto@example.net,Nova Iguaçu,RJ,2023-01-17,ACTIVE,False,2025-08-19 04:58:50
CUST00000177,Alexandre da Mota,1994-03-14,jose-pedronogueira@example.com,Joinville,SC,2022-02-15,ACTIVE,yes,2026-01-19 09:21:14
CUST00002771,Maria Luísa Martins,1988-06-03,cauecamargo@example.net,Camaçari,BA,2024-11-04,BLOCKED,False,2026-03-29 13:02:23
CUST00000892,Lorenzo Costa,1979-11-05,allanada-mota@example.net,São Paulo,SP,2020-02-21,ACTIVE,True,2020-05-14 07:29:37
CUST00001969,Ryan Novais,1977-02-04,enzo38@example.com,Ribeirão Preto,SP,2022-07-27,INACTIVE,True,2025-04-01 09:55:19
CUST00002526,Alexandre Lopes,1980-09-03,dcastro@example.org,Campinas,SP,2024-08-16,ACTIVE,True,2025-09-13 23:57:29
CUST00004492,Ana Luiza Caldeira,1986-02-28,sofiaferreira@example.com,Santos,SP,2023-08-18,ACTIVE,True,2025-09-16 05:43:05
CUST00002703,Matteo Câmara,1972-09-14,zoeoliveira@example.org,Niterói,RJ,2019-10-19,ACTIVE,True,2024-10-30 22:14:13
CUST00003016,Maya Cunha,2001-01-22,brenda88@example.org,São Paulo,SP,2024-08-17,BLOCKED,False,2025-07-19 01:50:58
CUST00000963,Felipe Novaes,1992-08-27,gomesmateus@example.com,Salvador,BA,2022-10-16,ACTIVE,False,2026-06-03 10:12:03
CUST00000491,Ana Cecília Cunha,1998-05-03,juan13@example.com,São Paulo,SP,2019-01-29,ACTIVE,False,2023-08-12 14:42:28
CUST00003055,Juliana Monteiro,1983-03-03,maria69@example.net,Ribeirão Preto,SP,2022-01-07,ACTIVE,True,2022-10-29 20:05:34
CUST00001450,Samuel Ramos,1982-08-28,augustopastor@example.net,Ribeirão Preto,SP,2026-06-07,ACTIVE,True,2026-06-15 18:38:38
CUST00002891,Paulo da Cunha,2003-02-02,emilly47@example.com,Contagem,MG,2023-04-14,ACTIVE,True,2025-11-16 01:51:51
CUST00003147,Dr. Ravy Abreu,1967-11-17,kbarros@example.net,São Paulo,SP,2018-05-29,BLOCKED,True,2024-02-22 02:40:19
CUST00004474,Kamilly Borges,2000-12-04,santosana@example.net,Niterói,RJ,2018-11-22,ACTIVE,True,2019-12-06 15:23:08
CUST00001398,Sra. Maria Laura Santos,1992-03-05,moreiramarcos-vinicius@example.com,Caxias do Sul,RS,2024-10-16,INACTIVE,False,2025-11-17 23:00:04
CUST00000919,Maria Isis Fonseca,1952-06-21,scassiano@example.net,Ribeirão Preto,SP,2024-03-10,ACTIVE,True,2024-11-13 14:15:06
CUST00004155,Murilo Rezende,1956-12-06,daniloramos@example.net,Campinas,SP,2018-12-05,ACTIVE,True,2025-09-24 01:07:58
CUST00000731,Natália Dias,1984-05-30,albuquerqueotto@example.com,Londrina,PR,2018-05-27,ACTIVE,no,2020-06-05 22:44:24
CUST00000649,Enzo Vargas,1994-10-16,piresdavi-lucca@example.org,Campinas,SP,2021-10-04,ACTIVE,True,2023-02-19 16:50:55
CUST00002715,Sr. Cauê Cunha,1979-04-14,emanuellypinto@example.org,Santos,SP,2022-10-21,active,False,2026-04-22 21:46:03
CUST00003855,Henry Gabriel da Mota,2007-04-04,tribeiro@example.net,Santos,SP,2021-11-14,Inactive,True,2025-04-08 15:00:32
CUST00000324,Gael Cavalcanti,2008-03-13,glima@example.com,Ribeirão Preto,SP,2022-02-11,ACTIVE,False,2023-12-21 23:40:03
CUST00001577,Benício Cunha,1978-12-03,saana-luiza@example.org,Campinas,SP,2026-07-29,BLOCKED,False,2026-07-30 04:29:20
CUST00000682,Dr. Ryan Vieira,1937-07-24,apereira@example.net,Ponta Grossa,PR,2019-06-24,ACTIVE,False,2023-06-17 21:10:56
CUST00000496,Carolina Borges,1982-07-18,joaquim07@example.org,São Paulo,SP,2022-01-05,INACTIVE,True,2024-07-29 06:20:14
CUST00003458,Kaique Melo,1972-01-15,da-costaheitor@example.net,Rio de Janeiro,RJ,2022-07-31,ACTIVE,True,2026-03-14 10:07:55
CUST00003634,Dra. Zoe Rodrigues,1975-06-18,erickrocha@example.org,Porto Alegre,Rio Grande do Sul,2023-05-23,ACTIVE,True,2026-06-11 00:55:40
CUST00002591,Srta. Stephany Oliveira,1996-03-19,joana42@example.org,Londrina,PR,2023-02-23,ACTIVE,True,2023-02-28 21:25:34
CUST00001103,Antony Pires,1998-10-13,melinacunha@example.net,Belo Horizonte,MG,2020-11-07,ACTIVE,no,2025-05-29 23:55:21
CUST00003482,Kevin Caldeira,1980-11-07,zpeixoto@example.org,Montes Claros,MG,2019-11-19,ACTIVE,True,2025-09-14 09:22:27
CUST00003247,Sara da Cunha,1938-09-18,alice64@example.org,Campinas,SP,2019-01-23,BLOCKED,True,2020-06-28 11:08:20
CUST00004238,Isaac Caldeira,2007-11-02,thomascardoso@example.com,Uberaba,MG,2019-12-01,INACTIVE,True,2024-07-14 11:46:34
CUST00001164,Dante da Rosa,1969-08-01,vlopes@example.com,Belo Horizonte,MG,2023-09-27,INACTIVE,True,2024-09-09 10:59:07
CUST00002311,Theo Lopes,2001-12-05,ljesus@example.org,São José dos Campos,SP,2020-12-20,ACTIVE,True,2022-04-23 01:34:35
CUST00000156,Bianca da Costa,1987-08-22,woliveira@example.net,Montes Claros,MG,2021-12-21,ACTIVE,False,2025-09-06 06:53:27
CUST00003329,Dr. Marcos Vinicius da Costa,1978-04-12,lnunes@example.com,Rio de Janeiro,RJ,2026-03-10,ACTIVE,False,2026-05-31 02:27:06
CUST00002960,Dra. Aurora Montenegro,1961-10-31,beatriz43@example.net,Niterói,RJ,2026-02-03,active,False,2026-06-20 05:35:40
CUST00001396,Clara da Luz,2002-12-17,jrodrigues@example.com,Sorocaba,SP,2025-05-08,ACTIVE,False,2025-07-12 22:57:38
CUST00002876,Dr. Benjamim Caldeira,1999-04-26,vpires@example.net,Sorocaba,SP,2021-01-29,ACTIVE,True,2024-11-15 22:48:14
CUST00003611,Sra. Antonella Nogueira,1977-02-08,wrezende@example.com,Volta Redonda,RJ,2022-07-26,BLOCKED,False,2026-07-25 10:19:58
CUST00002423,Beatriz da Rocha,1971-04-12,caue57@example.com,Sorocaba,SP,2019-12-29,ACTIVE,True,2023-10-03 00:06:54
CUST00001729,Nathan Mendes,1973-12-06,ravynogueira@example.com,Uberaba,MG,2021-03-14,ACTIVE,True,2021-11-10 07:48:08
CUST00003155,Srta. Lara Garcia,1985-06-25,cassianofelipe@example.net,Sorocaba,SP,2021-08-23,ACTIVE,True,2026-03-20 19:27:41
CUST00003785,Giovanna Caldeira,1983-04-25,maria-vitoriasouza@example.net,Campinas,SP,2018-11-08,INACTIVE,False,2024-11-06 00:37:31
CUST00002064,Benício Lopes,1976-05-19,raul16@example.com,Petrópolis,RJ,2023-06-05,ACTIVE,True,2023-07-25 18:54:44
CUST00002940,Dr. Dante Marques,1977-10-08,smarques@example.net,São Paulo,SP,2019-07-05,ACTIVE,False,2025-04-16 20:09:22
CUST00004267,Alice Martins,1958-03-05,maria-vitoria67@example.org,Campinas,SP,2022-12-13,active,False,2023-12-27 07:15:15
CUST00003378,Joaquim Jesus,1995-12-31,casa-granderael@example.com,Sorocaba,SP,2023-09-20,ACTIVE,True,2025-07-07 04:24:40
CUST00002400,Eduarda Cavalcante,1997-08-25,pietrapeixoto@example.net,Belo Horizonte,MG,2020-02-03,ACTIVE,True,2021-02-07 10:07:15
CUST00000185,Lunna Garcia,1982-04-21,maria89@example.com,Belo Horizonte,MG,2023-08-10,ACTIVE,True,2026-01-19 07:19:23
CUST00000307,Srta. Stella Costela,1976-04-18,maria-liz86@example.com,Jaboatão dos Guararapes,PE,2019-03-10,active,True,2025-07-16 09:23:53
CUST00002407,João Felipe Viana,1967-12-27,sophiecampos@example.com,Florianópolis,SC,2025-10-06,ACTIVE,True,2026-01-28 08:15:52
CUST00000330,Maria Fernanda Leão,1940-12-05,isa@example.net,Campinas,SP,2020-10-19,ACTIVE,True,2026-07-20 23:42:11
CUST00000112,Lavínia Sampaio,1963-05-05,marianecaldeira@example.org,Juiz de Fora,MG,2025-01-11,ACTIVE,False,2025-02-07 21:12:27
CUST00000402,Liz da Costa,2000-07-04,leandro66@example.org,Belo Horizonte,MG,2021-06-17,ACTIVE,True,2023-09-18 08:09:37
CUST00000046,Sr. Joaquim Freitas,1967-01-17,levi78@example.net,Uberaba,MG,2022-06-26,ACTIVE,False,2026-06-24 01:17:55
CUST00002109,Isis Fogaça,2001-01-18,albuquerqueguilherme@example.net,Belo Horizonte,MG,2020-10-06,ACTIVE,False,2021-06-10 15:25:39
CUST00004609,José da Mota,1994-04-24,yalmeida@example.com,Uberaba,MG,2026-03-15,ACTIVE,False,2026-05-14 01:51:09
CUST00002535,Isaque da Paz,1994-09-10,samuel89@example.net,Juazeiro do Norte,CE,2022-07-25,ACTIVE,True,2024-09-02 12:33:09
CUST00002944,Rhavi Farias,1992-02-19,machadocaue@example.net,Campinas,SP,2021-12-06,active,True,2024-12-30 00:34:03
CUST00003551,Dr. Emanuel Azevedo,1986-01-04,gomesluiz-otavio@example.net,Duque de Caxias,RJ,2024-09-05,ACTIVE,False,2025-01-30 11:00:47
CUST00002227,Dra. Natália Ribeiro,1981-03-26,fariasbenicio@example.org,Ribeirão Preto,SP,2022-03-03,BLOCKED,True,2023-02-05 07:05:11
CUST00002088,Dr. Benício Viana,2007-01-23,leticia08@example.org,Ribeirão Preto,SP,2026-02-03,ACTIVE,True,2026-06-11 11:49:40
CUST00000592,Dra. Bárbara da Paz,1999-06-03,vianaheitor@example.com,Juiz de Fora,MG,2026-03-19,ACTIVE,False,2026-07-04 16:15:07
CUST00000157,Juan Almeida,2009-12-27,ada-mota@example.net,Camaçari,BA,2024-06-06,ACTIVE,True,2024-12-01 21:58:28
CUST00003922,Ana Carolina Caldeira,1982-07-15,dom45@example.net,Canoas,RS,2021-11-15,ACTIVE,no,2022-02-15 18:02:00
CUST00003176,Yasmin da Paz,1985-07-06,natalia23@example.com,Santa Maria,RS,2021-07-06,ACTIVE,True,2025-06-06 10:00:33
CUST00000428,João Guilherme Câmara,1972-04-11,lucca79@example.net,Juiz de Fora,MG,2025-08-20,ACTIVE,True,2025-12-12 19:14:05
CUST00002860,Zoe Pinto,1971-08-18,isabelasampaio@example.net,Pelotas,RS,2024-09-18,INACTIVE,True,2025-12-19 16:55:30
CUST00004400,João Lucas Silveira,2007-05-06,lsiqueira@example.com,Porto Alegre,RS,2020-11-18,ACTIVE,True,2022-07-01 01:20:54
CUST00002484,José Pedro Cavalcante,2009-07-21,theo62@example.com,São José dos Campos,SP,2018-09-14,ACTIVE,True,2021-04-20 20:50:55
CUST00000643,Eduarda Leão,1991-03-14,wborges@example.org,Nova Iguaçu,RJ,2025-01-27,BLOCKED,True,2025-12-02 04:00:04
CUST00002110,Isabelly Pacheco,1952-02-22,lcamara@example.com,Uberaba,MG,2021-02-02,ACTIVE,True,2022-07-30 15:30:04
CUST00001836,Mateus Pires,1984-10-23,ceciliamendes@example.net,Cascavel,PR,2024-05-09,ACTIVE,True,2026-05-26 11:27:16
CUST00000587,Jade Vargas,1972-07-19,peixotocalebe@example.net,Campinas,SP,2018-02-06,BLOCKED,True,2022-02-21 14:45:01
CUST00000197,Helena Garcia,1975-08-30,vmarques@example.org,Duque de Caxias,RJ,2021-01-29,ACTIVE,False,2021-09-19 03:28:29
CUST00000291,Sr. Benicio da Paz,1994-07-15,ppeixoto@example.net,Juiz de Fora,MG,2024-03-15,INACTIVE,True,2025-10-26 10:08:16
CUST00001989,Oliver da Luz,1965-03-11,silvasophie@example.net,Salvador,BA,2019-08-07,INACTIVE,True,2022-07-02 12:08:06
CUST00002589,Esther Moura,1985-11-13,guerravitor-gabriel@example.org,Santos,SP,2023-08-07,ACTIVE,False,2024-11-29 05:06:50
CUST00004084,Maria Fernanda Abreu,1985-08-28,juanviana@example.org,Montes Claros,MG,2021-11-02,ACTIVE,True,2022-11-22 20:52:04
CUST00003225,Felipe Novais,2001-03-23,melissapimenta@example.com,Santa Maria,RS,2024-10-20,ACTIVE,True,2024-10-24 23:40:22
CUST0000003@,Arthur Gabriel Marques,1987-06-13,epeixoto@example.org,São Paulo,SP,2018-12-08,ACTIVE,True,2024-09-10 22:03:38
CUST00000398,Dra. Rebeca Oliveira,1974-09-21,ayllagarcia@example.com,Joinville,SC,2024-10-23,INACTIVE,True,2025-07-07 04:03:01
CUST00001428,Luigi Sousa,2001-06-20,igoroliveira@example.com,Goiânia,GO,2026-01-20,INACTIVE,False,2026-04-18 06:02:01
CUST00004749,Camila Caldeira,1967-08-12,ana-vitoriagarcia@example.net,Santos,SP,2022-02-18,ACTIVE,False,2026-04-29 20:27:42
CUST00002299,Ana Júlia Ramos,1984-02-25,thiagocunha@example.net,Itajaí,SC,2025-09-15,active,False,2025-11-11 06:58:33
CUST00003968,Julia Borges,1990-10-07,barbosaluara@example.com,Porto Alegre,RS,2024-01-30,ACTIVE,True,2025-01-21 07:51:15
CUST00003440,Renan Martins,1993-03-08,ribeiroliam@example.net,Ribeirão Preto,SP,2020-06-05,ACTIVE,False,2024-10-15 19:23:04
CUST00002670,Ravi Sousa,1988-10-25,grios@example.org,Vitória da Conquista,BA,2020-02-28,ACTIVE,True,2022-03-29 04:33:09
CUST00003031,Sr. Nicolas da Cunha,1992-07-01,acosta@example.net,Campinas,SP,2026-07-19,active,False,2026-07-25 08:59:49
CUST00000696,Marina Moreira,1994-10-11,cfreitas@example.net,Contagem,MG,2024-02-11,ACTIVE,True,2024-11-29 09:36:18
CUST00004741,Antonella Duarte,1963-07-13,maria-juliagoncalves@example.net,Nova Iguaçu,RJ,2023-02-13,ACTIVE,False,2026-03-05 18:52:00
CUST00000455,Davi Pastor,1988-10-21,bferreira@example.com,São José dos Campos,SP,2026-02-23,ACTIVE,False,2026-03-15 03:20:17
CUST00002133,Maria Vitória Novais,1986-10-20,juliacirino@example.net,Rio de Janeiro,Rio de Janeiro,2026-07-29,ACTIVE,True,2026-07-30 13:12:08
CUST00002578,Olivia Aparecida,1983-03-28,bmartins@example.org,Camaçari,BA,2020-12-09,ACTIVE,False,2022-11-15 12:17:08
CUST00000276,Pedro Montenegro,1964-06-24,camposrafaela@example.org,Volta Redonda,RJ,2021-10-14,ACTIVE,False,2025-12-16 05:27:28
CUST00001520,Ana Lívia Mendes,1983-04-14,gmoura@example.org,Caxias do Sul,RS,2019-03-22,ACTIVE,True,2021-10-25 19:04:05
CUST00002412,Isabelly Marques,1963-08-09,henrysilva@example.org,Campinas,SP,2019-10-18,INACTIVE,True,2023-05-09 19:14:48
CUST00002159,Eloah Brito,1974-10-04,mcorreia@example.org,Santos,SP,2020-10-15,ACTIVE,False,2021-08-21 17:09:36
CUST00003664,Milena Monteiro,1997-08-16,rafaelafreitas@example.com,Duque de Caxias,RJ,2024-06-05,ACTIVE,False,2024-11-25 18:20:21
CUST00000651,Dra. Maya Ramos,1990-03-23,souzaleandro@example.org,Feira de Santana,bahia,2018-01-15,ACTIVE,True,2026-07-04 03:36:27
CUST00003660,Agatha Cardoso,2001-01-03,ryan65@example.org,Santos,SP,2018-11-27,ACTIVE,True,2024-10-05 12:23:28
CUST00002676,Milena Sousa,2002-05-24,monteiroyasmin@example.net,Caruaru,PE,2026-06-10,ACTIVE,True,2026-06-15 14:03:35
CUST00003568,Marina Fogaça,2009-10-22,fogacadanilo@example.org,Sorocaba,SP,2025-09-17,ACTIVE,True,2026-02-25 10:27:01
CUST00002637,Ana Laura Jesus,1990-08-09,novaismaria-julia@example.org,Sorocaba,SP,2021-07-26,ACTIVE,True,2023-02-22 23:43:10
CUST00002275,Otto Barros,1982-07-20,maria-flor27@example.net,Camaçari,BA,2025-09-28,BLOCKED,True,2025-11-03 13:58:25
CUST00002155,Sara Cirino,1986-09-16,catarinabrito@example.net,Chapecó,SC,2024-05-12,ACTIVE,False,2025-10-02 11:37:15
CUST00003395,Maya da Mata,1991-01-01,gaparecida@example.org,Volta Redonda,RJ,2020-04-24,ACTIVE,True,2025-08-14 20:36:22
CUST00003882,Otávio Azevedo,1965-03-30,camposelisa@example.org,Camaçari,BA,2021-01-26,ACTIVE,False,2026-02-23 15:10:52
CUST00000092,Guilherme Almeida,1977-10-12,rhavicardoso@example.com,Uberaba,MG,2020-07-09,ACTIVE,False,2021-02-15 20:42:12
CUST00004438,Sara Fogaça,1991-04-04,pcavalcante@example.com,Santa Maria,RS,2023-01-01,INACTIVE,True,2023-06-15 07:45:30
CUST00002571,João Guilherme Fernandes,1963-02-06,andradeantonio@example.org,Vitória da Conquista,BA,2019-01-14,ACTIVE,True,2024-12-10 02:58:30
CUST00001919,Luna Freitas,1980-10-20,lribeiro@example.org,Ponta Grossa,PR,2027-03-18,ACTIVE,True,2020-03-25 16:40:32
CUST00000186,Danilo Rezende,1998-11-04,lorenamachado@example.org,São Paulo,SP,2024-11-23,ACTIVE,True,2026-04-23 00:46:43
CUST00003906,Rafaela da Rocha,1999-01-23,kaiquefogaca@example.org,Sorocaba,SP,2026-05-09,ACTIVE,True,2026-07-16 17:58:11
CUST00002832,Fernando Correia,2004-10-31,fnunes@example.com,Ribeirão Preto,SP,2022-12-08,ACTIVE,yes,2024-01-09 03:41:52
CUST00000281,Julia Rezende,1960-10-31,larapinto@example.net,Montes Claros,MG,2025-07-23,ACTIVE,False,2025-09-02 13:27:55
CUST00001302,Luiz Henrique Alves,1971-09-24,casa-grandeamanda@example.com,Montes Claros,MG,2021-02-01,ACTIVE,True,2025-01-12 11:38:27
CUST00003689,Lívia Mendes,1986-05-04,amandaabreu@example.com,Rio de Janeiro,RJ,2020-06-21,ACTIVE,True,2024-11-19 15:05:43
CUST00000199,Ana Julia Rocha,1981-05-18,da-mataluisa@example.net,Campinas,SP,2025-03-27,ACTIVE,True,2025-04-21 03:42:22
CUST00001060,Cauê Andrade,1947-12-29,meloisaac@example.com,Uberaba,MG,2019-03-24,INACTIVE,True,2019-12-15 06:46:54
CUST00000981,Isabella Cavalcanti,1999-11-23,peixotoluiz-miguel,Belo Horizonte,MG,2023-07-25,ACTIVE,True,2026-07-05 21:08:08
CUST00003614,Dra. Ana Beatriz Araújo,1995-06-11,marcelamelo@example.net,Goiânia,GO,2026-01-25,active,True,2026-04-27 17:52:56
CUST00003151,Eduarda Rios,1990-04-29,bernardoda-cruz@example.org,Contagem,MG,2022-06-19,INACTIVE,True,2024-10-09 01:03:16
CUST00001793,Sofia Macedo,2003-11-13,bryan83@example.org,Campinas,SP,2019-12-05,INACTIVE,False,2024-07-14 00:55:12
CUST00002747,Francisco Alves,1970-09-28,luiz-otavio22@example.net,Contagem,MG,2025-03-10,ACTIVE,True,2025-12-01 23:46:29
CUST00000198,Dr. Luan Vasconcelos,1975-06-08,aragaoleonardo@example.org,Montes Claros,MG,2025-08-14,ACTIVE,True,2026-05-04 08:14:46
CUST00001102,Maria Liz da Cunha,1988-05-08,wrios@example.net,Petrópolis,RJ,2019-06-11,ACTIVE,True,2021-08-11 03:44:43
CUST00002691,Maria Julia Mendes,1948-03-27,valentinavargas@example.net,Juiz de Fora,MG,2024-12-04,INACTIVE,True,2026-06-13 10:52:51
CUST00004605,Pedro Lucas Teixeira,1997-08-06,elisacampos@example.org,São Paulo,SP,2019-07-04,ACTIVE,True,2020-06-11 14:39:16
CUST00000497,Pedro Silveira,1987-03-31,bmonteiro@example.com,Cascavel,PR,2022-04-12,ACTIVE,True,2023-08-10 16:19:22
CUST00004726,Vicente Moraes,1988-04-30,tcarvalho@example.com,Uberlândia,MG,2021-12-27,INACTIVE,True,2024-05-21 06:22:12
CUST00002951,Lunna Silveira,1986-12-20,anthony01@example.com,Uberlândia,MG,2020-08-14,ACTIVE,False,2023-11-01 07:31:34
CUST00001208,Dra. Ana Lívia Barros,1963-03-08,ana-vitoria62@example.com,Santos,SP,2020-01-24,INACTIVE,True,2022-12-21 14:47:45
CUST00001998,Sra. Lorena Silva,1991-10-30,ana-lauramelo@example.net,São José dos Campos,SP,2021-08-09,ACTIVE,True,2026-01-16 04:48:12
CUST00003918,Dra. Fernanda Albuquerque,1991-06-28,dandrade@example.org,São José dos Campos,SP,2019-08-19,ACTIVE,True,2024-10-03 00:15:00
CUST00004468,Marcelo Costela,2004-05-05,lopesnina@example.net,Goiânia,GO,2025-10-19,ACTIVE,False,2026-01-23 03:33:23
CUST00003536,Maya da Rosa,1994-04-19,leaomaya@example.com,Niterói,RJ,2021-10-01,ACTIVE,True,2022-08-03 08:44:41
CUST00004345,Maria Eduarda Caldeira,1983-01-23,nlopes@example.com,Uberaba,minas gerais,2025-06-22,ACTIVE,False,2025-12-07 05:16:14
CUST00001041,Yuri Mendonça,2006-11-13,da-rosaana-julia@example.com,Joinville,SC,2019-01-11,ACTIVE,True,2021-01-14 04:33:36
CUST00002446,Dr. Dante das Neves,1972-06-11,mariahmendonca@example.com,Salvador,BA,2019-07-21,ACTIVE,True,2023-11-12 21:47:43
CUST00003677,Bryan Cassiano,1953-01-31,isisalbuquerque@example.org,Belo Horizonte,MG,2020-09-01,ACTIVE,False,2025-03-16 23:35:11
CUST00004751,Hadassa da Rocha,1981-02-06,aparecidapedro-lucas@example.com,São José dos Campos,SP,2026-03-27,ACTIVE,False,2026-06-14 16:07:29
CUST00001496,Daniel Correia,1980-10-03,bruno26@example.com,Montes Claros,MG,2023-09-27,ACTIVE,True,2024-03-05 23:20:45
CUST00003205,Pedro Henrique Nogueira,1967-09-13,fnascimento@example.com,Niterói,RJ,2022-11-21,INACTIVE,True,2023-01-19 05:45:59
CUST00000791,Guilherme Caldeira,1998-02-02,gcorreia@example.org,Santos,SP,2023-07-13,BLOCKED,True,2025-12-31 15:42:07
CUST00001179,Enzo Gabriel Rezende,2003-10-11,smarques@example.com,Canoas,RS,2019-09-06,active,True,2026-01-16 06:54:37
CUST00003907,José Pedro Sampaio,1984-01-31,hmoura@example.com,Ponta Grossa,PR,2024-08-28,BLOCKED,True,2026-06-11 21:13:04
CUST00000370,Antony Montenegro,1998-07-18,gcavalcanti@example.org,Contagem,MG,2020-12-21,INACTIVE,True,2023-07-24 03:54:47
CUST00001062,Gabrielly Pastor,2002-02-09,leorios@example.com,Recife,PE,2019-02-01,ACTIVE,False,2024-03-19 09:48:38
CUST00004239,Dr. Pedro Miguel Garcia,2001-02-19,mcirino@example.net,Londrina,paraná,2026-02-23,INACTIVE,False,2026-03-28 19:37:22
CUST00003040,Dr. Matteo Marques,1994-01-10,gomesravi-lucca@example.net,Maringá,PR,2022-12-24,INACTIVE,True,2023-08-04 13:02:29
CUST00002350,Sra. Alícia Santos,1979-01-21,yasmin16@example.com,São José dos Campos,SP,2022-05-14,ACTIVE,True,2025-04-28 08:21:44
CUST00000120,Milena Sales,2001-08-26,cda-rocha@example.org,Petrópolis,RJ,2018-02-03,ACTIVE,True,2025-11-02 04:31:16
CUST00000417,Cauã Nascimento,1984-10-21,emanuellyduarte@example.org,Ponta Grossa,PR,2022-03-12,INACTIVE,True,2022-10-01 20:45:20
CUST00001124,Olivia Sousa,1964-11-24,tfarias@example.com,Sorocaba,SP,2018-01-29,ACTIVE,True,2022-01-30 09:50:15
CUST00000799,Maria Alice Rocha,1990-02-02,qsampaio@example.com,Campinas,SP,2018-03-13,ACTIVE,True,2019-05-18 21:38:00
CUST00003393,Benicio Guerra,1966-02-18,isabelpereira@example.net,Sorocaba,SP,2018-03-06,ACTIVE,True,
CUST00000226,Vinicius Borges,1982-08-09,xmoraes@example.org,Santa Maria,RS,2023-06-30,ACTIVE,True,2025-01-22 05:22:28
CUST00001731,Francisco Casa Grande,1992-03-04,luigimoraes@example.net,Recife,PE,2018-08-08,ACTIVE,True,2024-11-28 20:04:58
CUST00003979,Antony Carvalho,1988-06-30,maria-fernanda02@example.net,Volta Redonda,RJ,2024-02-16,INACTIVE,True,2024-04-19 02:28:57
CUST00001761,Heloisa Rezende,2000-06-30,lorena74@example.org,Sorocaba,SP,2020-10-17,ACTIVE,False,2022-04-18 18:36:24
CUST00000069,Luna Martins,1978-07-09,rmacedo@example.org,São Paulo,SP,2024-12-19,ACTIVE,True,2025-03-17 20:22:25
CUST00003822,Heloisa Oliveira,1976-11-11,arthur-miguel59@example.net,Vitória da Conquista,BA,2018-02-09,ACTIVE,True,2024-09-06 07:52:41
CUST00000633,Ana Beatriz Fogaça,1987-10-09,ncaldeira@example.net,Vitória da Conquista,BA,2025-09-21,ACTIVE,True,2026-03-07 00:29:23
CUST00004038,Davi Miguel Pereira,1975-06-09,lgoncalves@example.net,São Paulo,SP,2018-05-16,ACTIVE,True,2019-04-11 03:29:14
CUST00003995,Srta. Mirella Cassiano,1969-11-22,iguerra@example.net,São Paulo,SP,2024-01-14,INACTIVE,True,2025-03-01 00:50:00
CUST00001888,Olivia Duarte,1971-05-30,melissa13@example.net,Juiz de Fora,MG,2022-07-21,active,True,2026-07-19 16:57:30
CUST00000468,Enrico Monteiro,1985-02-18,rebeca84@example.org,Ribeirão Preto,SP,2020-03-13,ACTIVE,False,2022-01-11 19:31:07
CUST00002095,Vitor Hugo Pimenta,1917-12-22,rcosta@example.org,Ponta Grossa,PR,2024-09-08,ACTIVE,False,2025-09-28 16:30:47
CUST00001560,Gustavo Almeida,1993-05-20,maria-julia21@example.org,Uberaba,MG,2025-06-30,ACTIVE,True,2025-11-29 11:03:24
CUST00000935,Srta. Melissa Freitas,1972-07-09,vicenteviana@example.net,Uberlândia,MG,2022-06-08,ACTIVE,True,2026-03-21 15:12:51
CUST00004652,Lorena Costa,2006-08-19,ana-julia97@example.net,Sorocaba,SP,2024-12-20,ACTIVE,False,2026-07-08 23:54:49
CUST00004588,Isabela Aparecida,1980-06-11,raelcavalcanti@example.com,Vitória da Conquista,BA,2022-03-20,ACTIVE,True,2024-02-27 22:56:10
CUST00002007,Natália Nunes,1994-03-18,souzasabrina@example.org,Uberaba,MG,2021-11-13,ACTIVE,True,2022-07-01 22:53:47
CUST00000210,Sr. Lucas Gabriel Vasconcelos,1968-06-21,eduardomoraes@example.net,Ribeirão Preto,SP,2021-03-09,INACTIVE,True,2025-11-14 09:42:47
CUST00001805,Sr. Isaque Macedo,1978-12-09,ffonseca@example.com,São José dos Campos,SP,2024-03-14,ACTIVE,True,2026-02-15 20:49:24
CUST00002761,Maysa Ferreira,1947-03-20,estherrios@example.net,Belo Horizonte,MG,2020-01-19,ACTIVE,True,2023-06-30 12:08:14
CUST00002723,Lara da Rosa,1985-01-27,joao-guilhermemonteiro@example.net,Curitiba,paraná,2024-01-30,ACTIVE,False,2025-11-05 16:05:59
CUST00001890,Vicente Dias,1974-07-16,catarina99@example.net,São José dos Campos,SP,2019-06-03,ACTIVE,False,2024-10-03 16:49:32
CUST00000765,Milena da Mata,1977-09-02,ucorreia@example.org,Santos,SP,2023-08-25,ACTIVE,True,2025-03-26 03:30:18
CUST00003529,Bento Castro,1971-01-02,isis51@example.net,Caxias do Sul,RS,2022-11-02,ACTIVE,True,2024-10-24 07:27:40
CUST00000566,Apollo Rezende,1983-12-07,qda-rocha@example.com,Uberlândia,MG,2018-04-05,ACTIVE,True,2026-04-04 20:05:24
CUST00000819,Fernanda Novais,1973-04-16,ryanbarbosa@example.com,Cascavel,PR,2020-04-07,ACTIVE,True,2022-06-28 23:10:37
CUST00000743,Sophia Mendonça,1994-03-03,ybarros@example.net,Rio de Janeiro,RJ,2025-01-12,INACTIVE,True,2025-01-15 13:11:30
CUST00001909,Francisco Dias,2005-11-11,vargaslucca@example.org,Cascavel,PR,2020-10-25,ACTIVE,True,2026-03-01 18:14:02
CUST00004742,Dr. Kevin da Rosa,1982-02-27,arthurcasa-grande@example.org,Duque de Caxias,RJ,2021-08-04,ACTIVE,True,2023-09-11 04:04:32
CUST00003290,,1984-02-22,moraesmaria-julia@example.net,Santos,SP,2021-03-12,ACTIVE,True,2024-05-27 04:52:46
CUST00000499,Clarice Andrade,1961-06-02,,Nova Iguaçu,RJ,2019-08-03,ACTIVE,True,2022-12-09 08:51:40
CUST00004043,Miguel Câmara,1981-08-19,danielasa@example.org,Montes Claros,MG,2020-08-04,ACTIVE,True,2025-07-23 12:40:52
CUST00003409,Joaquim Machado,1984-01-18,britorebeca@example.org,São Paulo,SP,2025-06-12,ACTIVE,True,2025-12-24 22:29:18
CUST00003367,Benjamin Cassiano,1974-11-14,andradebruna@example.org,São José dos Campos,SP,2024-11-17,ACTIVE,True,2025-09-15 10:03:45
CUST00004642,Dra. Maria Cardoso,2001-10-30,rafaelsantos@example.org,Campinas,SP,2019-01-23,ACTIVE,yes,2022-08-27 10:02:24
CUST00000133,,2006-10-04,correiarafaela@example.com,Nova Iguaçu,RJ,2018-03-29,ACTIVE,True,2024-12-07 01:20:25
CUST00003656,Felipe Albuquerque,1998-12-27,joao-pedro42@example.net,Niterói,RJ,2026-01-12,ACTIVE,True,2026-05-27 12:18:59
CUST00000273,Benício das Neves,1986-03-29,usilva@example.com,Santos,SP,2023-10-02,INACTIVE,True,2025-02-10 11:09:43
CUST00001773,Dr. Ryan da Mota,1995-03-10,costelajoao-guilherme@example.net,Pelotas,RS,2020-07-12,INACTIVE,True,2020-11-22 07:31:11
CUST00001924,Maitê Mendes,1979-05-30,cda-rosa@example.org,Ribeirão Preto,SP,2026-01-02,ACTIVE,True,2026-05-10 04:16:56
CUST00002631,Ana Luiza da Rocha,1997-10-10,luiz-otavio07@example.com,Petrópolis,RJ,2026-05-08,ACTIVE,False,2026-06-30 00:17:32
CUST00000822,Melina Pinto,1995-07-12,lunnaaparecida@example.org,São José dos Campos,SP,2022-05-13,ACTIVE,True,2024-06-13 01:10:04
CUST00002415,Valentina Martins,2003-12-04,jade48@example.com,São José dos Campos,SP,2025-11-11,ACTIVE,True,2026-05-09 22:00:40
CUST00003492,Matheus Almeida,2005-05-14,ana-carolinaviana@example.com,São Paulo,SP,2024-12-20,BLOCKED,False,2025-10-27 16:28:16
CUST00004705,Ana Carolina Ribeiro,1996-08-08,zfarias@example.net,Porto Alegre,RS,2023-03-03,ACTIVE,True,2026-02-02 05:50:36
CUST00000575,Luigi Jesus,1998-03-12,ucasa-grande@example.net,Santa Maria,RS,2022-03-11,ACTIVE,False,2025-07-19 10:50:54
CUST00004178,Isabella Dias,1981-01-29,ravy54@example.net,Montes Claros,MG,2026-01-17,INACTIVE,True,2026-04-29 14:05:18
CUST00001796,Gustavo Duarte,2007-03-17,kamilly16@example.com,Duque de Caxias,RJ,2026-12-08,INACTIVE,False,2024-12-14 17:50:13
CUST00002901,Miguel Macedo,2006-08-19,smontenegro@example.net,Feira de Santana,BA,2023-04-16,ACTIVE,True,2026-04-20 12:09:48
CUST00003984,Arthur Miguel Porto,1986-10-08,nda-rosa@example.org,Duque de Caxias,RJ,2023-10-26,ACTIVE,False,2025-06-18 20:05:00
CUST00004223,Bruno Mendes,2000-04-06,catarina55@example.net,Curitiba,paraná,2019-11-30,ACTIVE,True,2022-10-14 23:40:07
CUST00002791,Milena Freitas,1999-06-08,tviana@example.net,Pelotas,RS,2021-01-31,INACTIVE,yes,2021-01-31 06:22:11
CUST00001360,Bella Gomes,1989-11-26,livia09@example.org,Chapecó,SC,2024-10-14,ACTIVE,False,2025-12-30 05:18:31
CUST00003943,Maria Luísa Cardoso,1992-02-19,theo24@example.org,Santa Maria,RS,2021-07-30,ACTIVE,True,2022-12-02 02:08:36
CUST00004032,Luan Nascimento,1944-06-14,ana-vitoria74@example.net,Pelotas,RS,2024-06-03,INACTIVE,True,2025-06-21 07:16:50
CUST00002297,Francisco Camargo,2006-01-23,gomesheitor@example.net,Caruaru,PE,2020-06-05,active,True,2025-12-29 14:29:20
CUST00004383,Dr. João Pedro Rezende,1977-03-12,allanamontenegro@example.net,Pelotas,RS,2020-11-10,BLOCKED,False,2024-07-05 02:42:47
CUST00001117,,1991-07-05,mendoncasophie@example.com,Ponta Grossa,PR,2026-05-29,ACTIVE,False,2026-07-19 06:35:19
CUST00000475,Sr. Oliver Silveira,1987-10-07,vitor-hugo19@example.com,São José dos Campos,SP,2021-04-05,ACTIVE,False,2022-10-09 10:40:33
CUST00004435,Ayla Almeida,1994-10-22,sasara@example.net,Campinas,SP,2022-05-26,ACTIVE,True,2025-08-01 03:22:29
CUST00004240,Daniel Silva,1945-12-05,ana90@example.net,Caxias do Sul,RS,2019-10-10,ACTIVE,True,2026-03-20 16:44:18
CUST00001904,Nathan Leão,1987-12-16,azevedomatheus@example.net,Juazeiro do Norte,CE,2023-09-19,ACTIVE,True,2025-04-17 01:41:47
CUST00001468,Brenda Rodrigues,1989-03-09,vazevedo@example.net,São Paulo,SP,2019-06-01,ACTIVE,True,2021-10-01 10:50:09
CUST00000225,Leonardo Novais,1982-02-18,yramos@example.com,Feira de Santana,bahia,2021-09-05,INACTIVE,True,2024-03-22 16:31:46
CUST00004777,Juan Borges,1986-02-04,bruna96@example.com,Sorocaba,SP,2018-02-15,BLOCKED,True,2026-06-23 06:37:37
CUST00001019,Lívia Jesus,1985-08-14,beatriz79@example.net,Uberlândia,MG,2020-11-01,ACTIVE,True,2021-06-16 09:51:05
CUST00000829,Júlia Ribeiro,1995-01-20,henrique04@example.net,São Paulo,SP,2023-06-24,ACTIVE,True,2025-08-03 15:29:19
CUST00002162,Esther Vieira,1995-03-09,waparecida@example.org,Serra,ES,2026-04-22,INACTIVE,True,2026-07-27 14:32:02
CUST00001675,Anthony Gabriel Rios,1981-07-11,maria-helenagomes@example.org,Campinas,SP,2023-04-10,ACTIVE,True,2024-06-02 20:54:22
CUST00001067,Pedro Lucas Rocha,1987-08-24,cirinodaniela@example.com,São José dos Campos,SP,2021-08-12,ACTIVE,True,2024-05-19 08:55:04
CUST00004250,Bruna Vargas,1992-10-25,fogacajoao-guilherme@example.net,Duque de Caxias,Rio de Janeiro,2025-04-08,ACTIVE,True,2026-03-30 20:12:34
CUST00004160,Vinicius Ramos,1990-09-06,brunasampaio@example.com,Belo Horizonte,MG,2021-07-31,ACTIVE,True,2023-02-03 12:01:08
CUST00002638,Bárbara Marques,1967-07-10,palves@example.com,Pelotas,RS,2023-08-24,UNKNOWN,False,2024-05-31 06:42:01
CUST00002917,Maya Garcia,1966-04-02,aparecidabento@example.net,Belo Horizonte,MG,2022-01-04,ACTIVE,True,2023-11-26 17:30:59
CUST00001906,Fernanda Sales,1990-07-09,ocavalcanti@example.net,Santos,SP,2020-10-29,INACTIVE,False,2025-07-22 07:15:02
CUST00002629,Marcelo Pimenta,1999-12-20,aragaogustavo@example.net,Santos,SP,2018-03-11,INACTIVE,False,2025-12-12 17:54:37
CUST00000128,Melina da Mota,1968-02-26,luizaporto@example.com,Volta Redonda,RJ,2023-03-17,INACTIVE,yes,2023-09-14 05:59:39
CUST00000125,Júlia Montenegro,1976-07-12,fmacedo@example.net,Canoas,RS,2018-11-05,ACTIVE,False,2025-01-02 01:30:42
CUST00004000,Maria Luísa Nogueira,1945-03-31,rochayago@example.org,Cascavel,PR,2020-06-08,ACTIVE,True,2024-04-11 06:05:59
CUST00004493,Daniela Montenegro,1987-08-26,bryan21@example.com,Santa Maria,RS,2020-10-23,ACTIVE,True,2020-11-13 13:17:09
CUST00000256,Sr. Theo Sales,1958-10-09,zfreitas@example.net,Caucaia,CE,2018-05-10,ACTIVE,True,2024-11-13 08:15:03
CUST00002528,João Miguel da Mota,1983-08-07,leticiavargas@example.org,Juiz de Fora,minas gerais,2019-01-22,ACTIVE,True,2024-05-09 15:01:53
CUST00002566,Benicio Moraes,1990-07-17,da-costastephany@example.net,Montes Claros,MG,2025-01-15,ACTIVE,True,2026-02-03 01:37:42
CUST00001088,Ana Laura Gonçalves,2005-05-31,maya96@example.net,São Paulo,SP,2019-04-26,BLOCKED,True,2023-01-02 20:04:14
CUST00002509,André Caldeira,1972-09-10,eaparecida@example.com,Contagem,MG,2026-06-30,ACTIVE,False,2026-07-10 12:51:42
CUST00001385,Luiz Miguel Gonçalves,1982-12-26,ecavalcante@example.com,Belo Horizonte,MG,2020-06-15,ACTIVE,False,2024-01-09 15:11:52
CUST00003242,Elisa Fernandes,2006-09-28,pietro94@example.net,São Paulo,SP,2023-10-26,ACTIVE,True,
CUST00002184,Bianca Camargo,2009-08-22,brenogomes@example.org,Porto Alegre,RS,2024-10-21,ACTIVE,False,2025-05-07 00:14:17
CUST00002050,Dra. Marina Almeida,1984-07-27,soliveira@example.org,Juiz de Fora,MG,2021-05-08,INACTIVE,True,2024-03-22 18:56:37
CUST00000502,Maria Alice Mendes,1962-09-20,kferreira@example.net,Uberaba,MG,2018-10-27,ACTIVE,True,2020-07-01 08:31:20
CUST00003649,Sofia Ribeiro,1936-01-09,leo74@example.org,Nova Iguaçu,RJ,2022-01-10,BLOCKED,False,2024-12-20 18:46:18
CUST00001712,João Vitor Câmara,1999-04-02,melodaniela@example.org,São Paulo,SP,2019-05-23,ACTIVE,True,2022-07-11 21:21:41
CUST00001830,Levi Andrade,2005-03-24,tbrito@example.net,Joinville,SC,2025-07-18,ACTIVE,True,2026-05-29 05:29:49
CUST00000785,Bernardo Moura,1936-02-29,manuellada-rocha@example.com,Uberlândia,MG,2026-03-01,BLOCKED,True,2026-03-28 02:25:57
CUST00001011,Giovanna Sá,1999-11-14,aurorafogaca@example.com,Sorocaba,SP,2023-05-13,ACTIVE,True,2023-11-30 20:13:35
CUST00004455,Carolina Carvalho,1983-04-13,borgesgael-henrique@example.net,Uberlândia,MG,2025-05-24,BLOCKED,True,2026-04-01 22:07:25
CUST00001895,Srta. Fernanda Macedo,1981-12-06,sara30@example.net,São José dos Campos,SP,2020-10-16,ACTIVE,True,2021-03-09 16:04:45
CUST00001138,João Miguel Siqueira,1975-11-03,gabriellypereira@example.org,Sorocaba,SP,2021-02-21,INACTIVE,True,2025-09-05 10:43:43
CUST00004714,Maria Vitória Machado,1998-12-01,davi-miguel85@example.com,Uberaba,MG,2022-06-16,INACTIVE,False,2024-11-03 17:19:50
CUST00003640,Brenda Leão,1998-12-10,amontenegro@example.com,Blumenau,SC,2020-01-28,INACTIVE,True,2022-04-09 00:10:45
CUST00001617,Elisa Nogueira,1994-11-25,sgarcia@example.net,Camaçari,BA,2019-01-07,ACTIVE,True,2022-01-02 03:25:15
CUST00000026,Srta. Luana Guerra,1989-03-15,luna87@example.org,Juiz de Fora,MG,2023-03-10,ACTIVE,False,2025-07-11 21:36:53
CUST00004427,Dr. Gael Henrique Aragão,1991-08-27,duartepietro@example.org,Londrina,PR,2024-10-23,ACTIVE,True,2026-07-31 10:36:51
CUST00002019,João Nascimento,1976-07-17,carolinada-mota@example.net,Santos,SP,2024-01-18,BLOCKED,False,2025-03-04 12:30:31
CUST00004461,Carolina Novais,1986-10-24,elisaborges@example.net,Cascavel,PR,2024-01-23,INACTIVE,yes,2026-01-27 16:12:58
CUST00002212,Luara Pimenta,1979-09-09,rochagael@example.org,Juiz de Fora,MG,2024-08-19,ACTIVE,True,2025-11-04 05:26:51
CUST00002471,Sarah Costa,2000-11-20,juanfarias@example.net,Belo Horizonte,MG,2019-07-16,ACTIVE,False,2020-05-26 17:53:13
CUST00004452,Catarina Câmara,1976-06-06,gmoura@example.net,Niterói,RJ,2021-06-29,INACTIVE,True,2022-10-16 19:45:31
CUST00003680,Ana Sophia Cunha,1976-05-15,isaac03@example.net,Niterói,RJ,2018-07-05,active,False,2021-12-19 18:36:33
CUST00000611,Benicio Montenegro,1962-05-23,isisramos@example.com,Porto Alegre,RS,2024-09-04,ACTIVE,True,2025-06-27 08:32:06
CUST00001900,Bella Andrade,1986-08-31,benjamin92@example.net,Juiz de Fora,MG,2018-01-13,ACTIVE,True,2025-11-02 13:24:10
CUST00000875,Oliver Jesus,1999-09-11,fariasclara@example.net,Uberaba,MG,2019-03-11,INACTIVE,True,2023-02-07 21:28:23
CUST00003051,Davi Luiz Silveira,1989-04-06,maria-clara25@example.net,Itajaí,SC,2024-09-23,ACTIVE,True,2025-05-10 12:20:50
CUST00000554,João Guilherme Freitas,1975-05-08,zmontenegro@example.net,Petrópolis,RJ,2022-01-21,ACTIVE,True,2024-04-16 15:26:40
CUST00003657,Sr. Nicolas Peixoto,2001-05-09,pachecofernando@example.org,Belo Horizonte,MG,2018-09-20,ACTIVE,False,2021-03-24 07:19:35
CUST00001714,Luana Cavalcanti,1971-04-19,urocha@example.net,Petrópolis,RJ,2024-05-05,ACTIVE,True,2024-07-30 18:34:52
CUST00000054,Luiz Otávio Vieira,1989-10-15,fogacaotto@example.net,Caxias do Sul,RS,2025-07-18,ACTIVE,False,2025-07-27 11:39:40
CUST00004226,Pedro Miguel da Cunha,1996-01-11,ibrito@example.org,Juazeiro do Norte,CE,2018-10-03,ACTIVE,True,2023-06-13 18:31:47
CUST00000444,Allana Campos,1971-08-25,lunnamarques@example.org,São Paulo,SP,2025-06-04,ACTIVE,False,2025-09-01 22:28:43
CUST00004727,Matteo Cunha,2010-06-08,costaalexia@example.org,Petrópolis,RJ,2019-04-25,active,True,2025-11-24 05:11:11
CUST00001152,Sra. Maya Camargo,1986-06-10,caparecida@example.com,São José dos Campos,SP,2024-02-28,ACTIVE,True,2025-05-31 02:29:42
CUST00001523,Ana Vitória Cavalcante,1975-01-03,gsa@example.com,Maringá,PR,2020-07-25,INACTIVE,True,2023-09-20 00:11:27
CUST00003476,Pedro Henrique Pinto,1949-02-11,da-cruzemanuella@example.net,Juiz de Fora,MG,2026-04-26,ACTIVE,False,2026-07-05 06:01:42
CUST00000915,Maria Luiza Cardoso,1991-12-30,davi58@example.org,São José dos Campos,SP,2025-12-31,ACTIVE,False,2026-06-11 20:12:31
CUST00001845,Benjamim da Mata,1967-07-25,osiqueira@example.com,Sorocaba,SP,2024-10-18,INACTIVE,True,2025-11-21 22:16:20
CUST00001015,Matteo Cavalcanti,1973-10-29,eduardo12@example.com,São José dos Campos,SP,2021-05-03,ACTIVE,False,2024-11-12 12:34:36
CUST00001389,Rafael da Paz,1984-01-21,mnovais@example.com,Juiz de Fora,MG,2018-08-12,ACTIVE,False,2024-01-09 19:26:45
CUST00003930,Emanuel da Cruz,1987-10-14,bruna64@example.com,Campinas,SP,2026-04-13,INACTIVE,True,2026-07-12 19:50:22
CUST00001681,Antony Marques,1969-09-11,vitoralves@example.com,Rio de Janeiro,RJ,2025-11-24,ACTIVE,False,2026-02-04 01:40:57
CUST00004254,Isabelly Novais,1994-07-02,nnovais@example.org,Maringá,XX,2018-01-29,INACTIVE,False,2018-02-08 05:48:21
CUST00003139,Yasmin Ramos,1955-07-02,machadojoao-felipe@example.org,Londrina,PR,2020-08-18,ACTIVE,True,2022-12-02 17:36:21
CUST00002894,Rael Macedo,1975-06-28,nteixeira@example.org,Petrópolis,RJ,2019-03-11,ACTIVE,True,2025-09-16 06:53:03
CUST00004316,Vitor Hugo Gonçalves,1986-05-02,vicentefogaca@example.com,Sorocaba,SP,2026-07-24,ACTIVE,False,2026-07-25 20:55:15
CUST00004582,Sarah Machado,1992-09-13,oliveiraana-julia@example.org,Santos,SP,2023-12-14,BLOCKED,True,2026-06-20 05:41:44
CUST00003933,Marina Lima,1997-09-19,vitor-gabrielcavalcanti@example.net,Rio de Janeiro,RJ,2022-10-12,ACTIVE,True,2025-03-31 09:40:20
CUST00004703,Bruna Jesus,1982-10-15,isantos@example.net,Juiz de Fora,minas gerais,2023-04-12,INACTIVE,True,2023-08-08 07:11:23
CUST00000859,Eduarda Garcia,1958-07-11,xaparecida@example.org,Ribeirão Preto,SP,2022-11-18,ACTIVE,False,2024-12-24 15:12:40
CUST00001698,Sra. Milena Mendonça,1986-08-07,zoe47@example.com,Ribeirão Preto,SP,2023-07-18,Inactive,True,2024-11-07 11:21:30
CUST00002494,Rafaela Vasconcelos,1982-05-31,souzarafael@example.net,Ribeirão Preto,SP,2019-06-02,INACTIVE,False,2019-11-08 12:20:49
CUST00000486,José Pedro Dias,1996-02-29,vsampaio@example.com,Uberlândia,minas gerais,2023-11-03,ACTIVE,True,2026-02-23 15:29:44
CUST00003888,Sr. Matheus Santos,1966-04-05,igornovais@example.org,Goiânia,GO,2020-09-14,ACTIVE,False,2023-03-11 10:19:00
CUST00002636,Henry Gabriel da Rocha,2004-04-03,lorenaguerra@example.net,Juiz de Fora,MG,2022-04-23,INACTIVE,False,2024-04-06 05:06:20
CUST00004291,Bruna Ribeiro,1986-01-25,maria-sophiaaraujo@example.com,Ribeirão Preto,SP,2025-05-13,active,True,2026-02-15 21:00:58
CUST00004008,Clara Cavalcante,2002-02-07,arthur-miguel96@example.net,Canoas,RS,2024-03-25,ACTIVE,True,2025-01-20 13:12:56
CUST00003966,Renan Rios,1978-08-31,qmendes@example.org,Joinville,SC,2026-01-31,ACTIVE,True,2026-04-16 09:44:51
CUST00000274,Maria Sophia Vargas,1965-08-09,eoliveira@example.org,São Paulo,SP,2024-04-23,INACTIVE,False,2025-06-02 02:21:48
CUST00001394,Dr. Léo Sampaio,1983-04-27,rezendehelena@example.com,Curitiba,PR,2018-05-28,INACTIVE,False,2019-04-11 12:29:59
CUST00001869,Dr. Rodrigo Moraes,1938-08-02,caldeiralais@example.net,Belo Horizonte,MG,2018-11-09,BLOCKED,False,2020-11-22 06:14:54
CUST00001486,Sr. Lucca Rocha,1964-01-19,valentinavargas,Campinas,SP,2022-06-27,ACTIVE,True,2025-09-24 04:16:29
CUST00001034,Sophia Araújo,1996-05-26,isabella26@example.com,Anápolis,GO,2023-05-29,ACTIVE,True,2025-04-25 08:38:10
CUST00001143,Sr. Ravy Fogaça,1988-07-30,abreuthiago@example.net,Uberlândia,MG,2018-06-29,ACTIVE,True,2020-08-21 13:39:59
CUST00001730,Maysa Ribeiro,1991-01-03,lopesjoao-vitor@example.net,Salvador,BA,2018-02-15,INACTIVE,False,2021-11-28 18:07:28
CUST00001397,Enrico Albuquerque,2004-06-05,vargasfrancisco@example.net,Cascavel,PR,2018-03-24,ACTIVE,False,2026-01-16 03:42:36
CUST00001730,Maysa Ribeiro,1991-01-03,jesusluiz-henrique@example.net,Salvador,BA,2018-02-15,INACTIVE,False,2022-03-28 00:03:20
CUST00002363,Dr. Arthur Correia,1988-05-13,heloisa79@example.org,Caucaia,CE,2024-11-20,ACTIVE,True,2026-02-05 16:01:07
CUST00004304,Helena Mendonça,1981-12-24,borgesotavio@example.net,Feira de Santana,BA,2020-12-05,ACTIVE,True,2024-11-25 06:41:47
CUST00002285,Sr. Thales Guerra,1969-02-19,mouralara@example.net,Contagem,MG,2021-10-06,INACTIVE,True,2023-06-10 04:28:32
CUST00003318,Ravi Souza,1970-12-02,vargasantonella@example.org,Pelotas,RS,2022-06-20,ACTIVE,True,2025-08-20 02:35:14
CUST00002132,Anthony Gabriel da Rocha,2004-11-05,asafepimenta@example.com,São José dos Campos,SP,2019-01-19,INACTIVE,True,2022-04-14 09:29:16
CUST00001460,Sra. Stephany Fogaça,1975-08-07,gael-henriqueribeiro@example.org,Rio de Janeiro,RJ,2025-05-10,Inactive,False,2025-09-11 23:05:27
CUST00000364,Luiz Gustavo Cavalcante,2008-09-23,zoemendonca@example.org,São José dos Campos,SP,2022-03-22,INACTIVE,False,2023-12-19 12:24:04
CUST00003056,Sra. Lívia Costa,1980-11-24,rhavi65@example.net,Campinas,SP,2025-03-18,ACTIVE,True,2026-04-02 03:14:43
CUST00001538,Esther Azevedo,2006-11-06,diegolima@example.org,Porto Alegre,RS,2024-06-08,INACTIVE,True,2024-09-29 12:45:09
CUST00002689,Dr. Yago Montenegro,1971-08-22,csa@example.net,São Paulo,SP,2021-05-24,ACTIVE,True,2025-01-23 09:09:37
CUST0002,Enzo Gabriel Cassiano,1986-04-29,benjamimfonseca@example.com,Camaçari,BA,2024-12-29,ACTIVE,True,2026-04-21 11:54:27
CUST00000241,Antony da Cunha,1990-08-19,kaiquenovaes@example.net,Joinville,SC,2022-09-08,INACTIVE,True,2026-03-29 23:54:53
CUST00000876,Hadassa Albuquerque,1963-08-23,alexiada-cunha@example.org,Juiz de Fora,MG,2024-08-30,ACTIVE,True,2026-01-21 15:56:48
CUST00000416,Alana Santos,1993-09-15,noahda-mota@example.net,Maringá,PR,2021-01-08,ACTIVE,yes,2022-08-14 21:30:03
CUST00001700,João Gabriel Rodrigues,1995-08-10,casa-grandejuliana@example.org,Caxias do Sul,RS,2022-02-22,ACTIVE,True,2025-12-12 00:34:02
CUST00004537,Sra. Stephany Almeida,1994-04-19,antoniorios@example.org,Ribeirão Preto,SP,2024-01-26,ACTIVE,False,2025-01-12 09:02:47
CUST00000604,Rafaela Nunes,1982-02-07,ncirino@example.com,Juiz de Fora,MG,2021-07-14,ACTIVE,False,2025-01-15 02:32:38
CUST00000836,Sra. Stephany Rocha,1962-11-11,larada-costa@example.net,Canoas,RS,2024-05-07,ACTIVE,True,2025-11-23 21:08:38
CUST00000850,Valentina Ramos,1998-06-26,moreirahenrique@example.com,Campinas,SP,2022-12-03,ACTIVE,False,2024-08-25 03:32:41
CUST00002627,Srta. Bruna da Costa,1998-02-03,anthony87@example.org,São Paulo,SP,2022-02-17,INACTIVE,True,2025-06-06 21:25:29
CUST00001961,João Guilherme Montenegro,1982-08-14,pereiraisabelly@example.org,Salvador,bahia,2018-02-13,INACTIVE,True,2025-01-05 17:13:05
CUST00000697,Mariane da Conceição,1985-10-08,xvieira@example.com,Caxias do Sul,RS,2021-03-27,BLOCKED,True,2021-05-02 01:09:51
CUST00001218,Marcelo da Luz,1980-06-15,josue01@example.com,São Paulo,SP,2024-11-29,INACTIVE,True,2026-01-26 02:34:22
CUST00001046,Dr. Pedro Henrique da Luz,1989-06-07,hsales@example.com,Sorocaba,SP,2021-06-06,ACTIVE,True,2025-07-08 22:21:09
CUST00000586,Sofia Cavalcante,2000-08-08,fonsecabreno@example.com,Feira de Santana,BA,2019-04-08,ACTIVE,True,2020-09-08 23:17:32
CUST00003460,Ana Clara Vasconcelos,2006-10-17,pireshellena@example.org,Maringá,PR,2018-07-12,INACTIVE,False,2026-04-11 00:17:40
CUST00000816,Clara Cardoso,1949-10-15,enzo79@example.net,Uberaba,MG,2022-07-15,BLOCKED,True,2025-10-20 01:05:55
CUST00004265,Maria Sophia Câmara,1993-04-27,palbuquerque@example.net,Ribeirão Preto,SP,2018-11-25,ACTIVE,False,2025-11-03 05:56:35
CUST00001823,Bianca da Conceição,2009-11-20,joao-miguel13@example.net,São José dos Campos,SP,2024-04-19,ACTIVE,True,2026-07-07 11:40:54
CUST00001221,Cecilia Silva,1965-07-04,vmoreira@example.org,Santos,SP,2020-07-06,ACTIVE,True,2022-10-05 18:28:49
CUST00003718,Caleb Costa,1988-11-03,heloisagarcia@example.org,Chapecó,SC,2024-04-24,ACTIVE,False,2024-12-12 11:58:40
CUST00002853,Thales Casa Grande,2000-10-09,josue91@example.com,Santos,SP,2019-11-26,ACTIVE,False,2025-04-05 21:12:58
CUST00004627,Srta. Emanuelly Moura,1965-10-07,vdas-neves@example.net,Volta Redonda,RJ,2024-04-27,ACTIVE,True,2025-08-13 16:17:16
CUST00001728,Amanda Montenegro,1968-02-17,dgoncalves@example.org,Montes Claros,MG,2022-05-11,ACTIVE,True,2024-11-30 21:12:50
CUST00004003,Davi Miguel da Conceição,1999-03-27,juancirino@example.org,Santos,SP,2020-04-09,ACTIVE,True,2024-09-30 10:13:58
CUST00001493,Isis Câmara,1971-08-04,xgoncalves@example.com,Caxias do Sul,Rio Grande do Sul,2020-09-29,ACTIVE,False,2021-01-07 10:08:42
CUST00002420,Kevin Gonçalves,1955-09-27,joao-miguelalmeida@example.org,Pelotas,RS,2026-05-27,ACTIVE,True,2026-07-02 03:57:48
CUST00003239,Allana Silva,1966-07-28,heloisagarcia@example.com,Niterói,RJ,2026-05-17,BLOCKED,False,2026-07-13 15:47:31
CUST00001833,Ester Siqueira,1971-12-18,ida-paz@example.org,Londrina,PR,2020-07-15,INACTIVE,True,2023-04-30 12:54:27
CUST00004050,Dra. Lara Sampaio,1990-01-25,gazevedo@example.net,Ribeirão Preto,SP,2021-11-06,ACTIVE,True,2026-02-09 09:52:21
CUST00004028,Sara Cirino,1977-01-06,antony84@example.net,Nova Iguaçu,Rio de Janeiro,2019-01-11,ACTIVE,True,2026-05-06 14:10:25
CUST00004485,Ana Beatriz da Mota,1996-03-11,vieiranicolas@example.org,São Paulo,SP,2019-11-03,ACTIVE,True,2023-10-24 22:05:14
CUST00002941,Davi Miguel Mendonça,1977-11-15,helena92@example.org,Ribeirão Preto,São Paulo,2024-02-08,ACTIVE,False,2025-12-18 23:18:51
CUST00002984,Larissa Aparecida,1975-02-18,wbrito@example.com,Campinas,SP,2025-07-22,INACTIVE,True,2026-07-05 08:03:38
CUST00000018,Maria Helena Peixoto,1998-04-30,qmoura@example.net,Salvador,BA,2018-12-17,ACTIVE,False,2025-06-22 08:45:15
CUST00001854,Apollo da Conceição,1971-12-07,bernardoda-mata@example.net,Feira de Santana,BA,2018-01-31,INACTIVE,True,2021-08-14 20:22:21
CUST00002704,Dr. Enzo da Luz,2001-04-06,rodriguesbeatriz@example.org,Duque de Caxias,RJ,2018-03-29,INACTIVE,True,2023-11-05 16:15:23
CUST00001114,Dra. Bárbara Moreira,1980-05-21,maysa13@example.net,Rio de Janeiro,RJ,2026-03-09,ACTIVE,True,2026-03-20 03:33:25
CUST00004686,Juliana Porto,1994-03-17,da-matakevin@example.org,São José dos Campos,SP,2021-05-25,INACTIVE,True,2026-04-29 16:01:02
CUST00000413,Valentim Cavalcanti,1984-07-21,biancanovais@example.com,Santos,SP,2022-07-09,ACTIVE,True,2024-03-24 01:12:12
CUST00002805,Theo Alves,1971-06-06,isaquenovais@example.org,Cascavel,PR,2023-06-20,ACTIVE,False,2025-11-03 10:15:23
CUST00001176,Mirella Sá,1982-10-10,zpinto@example.com,Aparecida de Goiânia,GO,2020-09-20,ACTIVE,True,2021-09-19 05:44:06
CUST00000419,Maria Julia Pimenta,1994-03-26,hpastor@example.com,Santos,SP,2025-11-26,ACTIVE,True,2026-06-10 04:07:08
CUST00000537,Isabela Melo,1985-06-02,emanuel60@example.net,Chapecó,SC,2024-11-19,ACTIVE,True,2025-01-02 15:11:18
CUST00003731,Isabella Lopes,1997-05-09,freitascaio@example.org,Blumenau,SC,2019-12-26,ACTIVE,True,2023-12-12 02:48:21
CUST00004164,Amanda Moraes,1991-04-28,carvalhojoao-guilherme@example.net,Vitória da Conquista,BA,2020-02-11,ACTIVE,True,2022-01-16 21:25:08
CUST00003028,Dom Câmara,1993-07-07,jose-pedrosilva@example.com,Rio de Janeiro,XX,2022-11-24,ACTIVE,True,2024-06-04 06:48:51
CUST00000917,Maria Júlia Pires,1974-07-24,giovanna66@example.com,Nova Iguaçu,Rio de Janeiro,2025-01-01,ACTIVE,True,2025-09-26 03:56:16
CUST00002138,Heloísa Silveira,1995-07-10,pietro74@example.net,Contagem,MG,2024-07-07,ACTIVE,False,2025-11-17 00:24:13
CUST00003942,Luiza Rios,1981-12-04,camilacostela@example.net,Uberaba,MG,2023-08-21,ACTIVE,True,2024-10-04 03:29:24
CUST00001954,Aylla Cardoso,1992-10-08,marinalopes@example.com,Nova Iguaçu,RJ,2020-01-01,INACTIVE,True,2023-12-17 19:49:06
CUST00003599,Erick da Rosa,2007-02-24,bryancavalcante@example.com,Uberaba,minas gerais,2021-03-29,ACTIVE,False,2023-10-18 11:53:02
CUST00000285,Levi Silva,2009-09-18,catarina62@example.com,Sorocaba,SP,2025-03-26,ACTIVE,True,2026-05-10 05:36:02
CUST00001517,Manuela da Rosa,1987-04-15,mteixeira@example.net,Ribeirão Preto,SP,2020-10-16,ACTIVE,True,2023-06-02 10:05:47
CUST00002070,,1992-12-04,xpires@example.com,Campinas,SP,2021-08-24,ACTIVE,False,2026-07-23 13:21:42
CUST00004734,Dr. Benjamin Abreu,1924-03-05,jose-miguelda-cruz@example.org,Santos,SP,2024-12-12,INACTIVE,True,2025-11-30 15:21:16
CUST00001238,Caio Cavalcante,1984-12-22,oliveiraana-luiza@example.net,Blumenau,SC,2019-12-10,ACTIVE,False,2023-04-13 11:13:26
CUST00002536,Emilly Pires,1969-07-11,amoura@example.org,São Paulo,SP,2020-12-21,INACTIVE,True,2022-10-16 19:52:20
CUST00000830,Isabel Garcia,1986-06-22,diasmaria-vitoria@example.net,Santos,SP,2022-01-28,BLOCKED,True,2022-09-19 00:21:15
CUST00001474,Anthony Rodrigues,2000-11-15,josecasa-grande@example.com,Niterói,RJ,2025-08-09,ACTIVE,True,2025-08-16 06:28:23
CUST00002084,Miguel Duarte,1996-11-09,oliveiramaria-luisa@example.com,Volta Redonda,RJ,2023-09-26,ACTIVE,True,2023-10-03 15:09:01
CUST00004015,Heloisa Almeida,1997-01-30,wcamara@example.com,Duque de Caxias,RJ,2022-02-01,ACTIVE,True,2025-08-08 06:02:15
CUST00001905,João Felipe Barros,1989-08-11,liviaaparecida@example.com,São José dos Campos,São Paulo,2023-10-17,ACTIVE,False,2024-01-22 19:36:31
CUST00004030,Théo Abreu,1989-11-24,da-motaemanuel@example.com,Montes Claros,MG,2018-03-19,ACTIVE,no,2024-12-04 05:19:30
CUST00002585,Natália Pinto,1956-08-16,arthur-gabriel98@example.org,Volta Redonda,RJ,2022-10-16,ACTIVE,True,2025-07-29 07:05:52
CUST00001652,Maria Gonçalves,1986-03-21,camargoluiz-miguel@example.com,Juazeiro do Norte,CE,2023-02-07,ACTIVE,False,2025-05-20 08:28:47
CUST00001180,Raquel da Rosa,1986-08-07,isabela41@example.org,Montes Claros,MG,2021-10-13,ACTIVE,True,2024-03-21 23:03:06
CUST00001546,Henry Gabriel Alves,2004-11-15,leticiagomes@example.org,Sorocaba,São Paulo,2018-04-15,ACTIVE,False,2021-07-09 21:54:55
CUST00004052,Alexandre da Paz,1994-04-10,pedro-henrique23@example.org,Sorocaba,São Paulo,2020-04-02,ACTIVE,True,2025-11-05 21:04:06
CUST00004070,Zoe Silva,1994-01-24,gustavo78@example.org,Uberlândia,MG,2021-10-30,ACTIVE,False,2023-05-22 21:02:48
CUST00001430,Esther Gomes,1978-08-29,xdias@example.com,Feira de Santana,BA,2018-12-06,ACTIVE,False,2022-09-13 12:39:37
CUST00002288,Amanda Aragão,1991-12-31,maria-luizaaparecida@example.org,São José dos Campos,SP,2025-09-09,BLOCKED,True,2026-02-02 20:20:05
CUST00001553,Clara Dias,2006-11-16,heloisamachado@example.net,Sorocaba,SP,2026-07-20,ACTIVE,True,2026-07-30 12:20:28
CUST00000754,Yan Macedo,1967-12-05,valentinacavalcanti@example.net,Duque de Caxias,RJ,2021-02-17,ACTIVE,True,2023-03-28 23:39:06
CUST00002140,Enzo Gabriel Almeida,1998-01-07,pnovais@example.org,Ponta Grossa,PR,2022-10-25,ACTIVE,True,2023-06-17 15:23:26
CUST00000952,Dra. Luna da Cunha,1986-03-20,diogoda-mota@example.org,Vitória da Conquista,BA,2025-02-14,ACTIVE,False,2025-09-14 01:20:01
CUST00003773,Sra. Larissa da Cruz,1961-07-06,leonardocirino@example.com,Nova Iguaçu,RJ,2022-11-17,ACTIVE,True,2023-02-24 10:11:07
CUST00001433,Mirella Casa Grande,1974-10-15,joao-vitor09@example.com,Porto Alegre,RS,2018-09-24,ACTIVE,False,2024-12-05 18:58:43
CUST00003479,Gael Henrique Fonseca,2000-10-13,rezenderebeca@example.com,Londrina,PR,2024-05-21,ACTIVE,False,2025-12-26 11:33:41
CUST00001010,Srta. Cecilia Farias,1993-02-27,valentinacamargo@example.net,São Paulo,SP,2022-02-18,ACTIVE,True,2025-06-17 02:55:22
CUST00003514,Arthur da Costa,1992-06-26,juan27@example.org,Jaboatão dos Guararapes,PE,2026-02-28,ACTIVE,False,2026-05-23 07:43:13
CUST00002819,Laura Aragão,1989-10-24,kmendes@example.com,Campinas,SP,2024-07-30,ACTIVE,True,2024-09-13 14:17:21
CUST00004253,Sr. Anthony Cavalcanti,2007-11-06,cardosogabriela@example.net,Ponta Grossa,XX,2024-08-26,ACTIVE,True,2025-04-30 13:54:08
CUST00001755,Isabella Moreira,1949-05-06,isabelly90@example.net,Sorocaba,SP,2026-07-07,INACTIVE,True,2026-07-11 11:14:40
CUST00000019,Danilo Rodrigues,2003-03-05,carolina14@example.com,Uberaba,MG,2019-11-08,ACTIVE,no,2021-08-27 00:49:06
CUST00002837,Srta. Joana Vieira,1963-07-10,vieiralavinia@example.org,Santos,SP,2026-01-01,ACTIVE,True,2026-06-28 15:34:02
CUST00001123,Enrico Macedo,1969-04-28,joana04@example.org,Belo Horizonte,MG,2019-02-20,ACTIVE,True,2023-07-06 22:22:26
CUST00004710,Dra. Ana Nascimento,1998-11-01,carlos-eduardovargas@example.com,Montes Claros,MG,2024-02-27,ACTIVE,False,2024-05-10 21:06:55
CUST00003982,Hadassa Lopes,1973-06-04,xmoraes@example.com,Sorocaba,SP,2026-06-11,ACTIVE,True,2026-07-14 12:49:55
CUST00003197,Asafe Cassiano,1985-03-12,ana-vitoria96@example.org,Campinas,SP,2024-12-08,ACTIVE,False,2026-07-09 10:48:13
CUST00002698,Maria Cecília Sá,1998-12-19,ugarcia@example.net,Rio de Janeiro,RJ,2019-11-26,ACTIVE,True,2020-08-22 21:19:16
CUST00001519,Luiz Felipe Fonseca,1989-03-15,tpires@example.org,Sorocaba,SP,2025-07-19,ACTIVE,False,2025-11-28 23:41:41
CUST00000667,Dr. Enzo Gabriel Abreu,2026-11-27,thales36@example.com,Canoas,RS,2026-04-30,ACTIVE,True,2026-07-09 09:17:20
CUST00004693,Caroline da Mota,1984-11-15,bda-cruz@example.com,Olinda,PE,2023-10-07,ACTIVE,True,2025-06-27 11:54:24
CUST00001718,Maria Alice Martins,1967-06-26,leticia76@example.com,São Paulo,SP,2025-03-25,ACTIVE,True,2025-09-16 03:59:42
CUST00001313,Dr. Valentim Martins,2007-05-21,aurorasilva@example.com,São José dos Campos,SP,2023-01-16,ACTIVE,False,2025-05-29 10:38:20
CUST00000297,Sarah Aparecida,1997-06-17,ppires@example.net,Contagem,MG,2018-11-12,ACTIVE,False,2026-06-10 01:21:33
CUST00004542,Davi Lucas Rocha,1992-10-26,matteovieira@example.org,Florianópolis,SC,2026-01-21,BLOCKED,True,2026-05-01 17:52:18
CUST00001144,Maria Helena da Rosa,1963-03-12,xrios@example.org,Aparecida de Goiânia,Goias,2023-01-11,ACTIVE,True,2023-04-26 04:21:20
CUST00002722,Maria Vitória Araújo,1989-12-20,natalia67@example.net,Sorocaba,SP,2023-09-01,BLOCKED,yes,2024-07-26 18:19:20
CUST00003772,Dr. Bernardo Costa,2003-11-18,josuealves@example.org,Joinville,SC,2026-02-05,INACTIVE,False,2026-04-26 18:27:43
CUST00000965,Davi Miguel Andrade,1991-03-18,beniciosilveira@example.net,Feira de Santana,BA,2018-07-12,ACTIVE,True,2021-03-20 12:42:37
CUST00003565,Sra. Luna Sampaio,1976-04-14,pastorluiz-miguel@example.net,Caxias do Sul,RS,2021-05-28,ACTIVE,False,2021-10-26 15:52:28
CUST00001006,Sra. Vitória Andrade,2002-05-18,leticia49@example.net,Campinas,SP,2019-09-22,BLOCKED,False,2025-01-29 20:13:20
CUST00000730,Manuella Gonçalves,2005-07-19,maria-ceciliacampos@example.net,Petrópolis,RJ,2025-10-21,ACTIVE,True,2026-03-09 12:33:22
CUST00001650,Luiz Gustavo Freitas,2005-05-07,machadolucas-gabriel@example.org,Curitiba,PR,2020-07-08,ACTIVE,yes,2021-02-22 16:10:26
CUST00004115,Ana Cecília Silveira,1983-05-25,benjamin58@example.org,Santa Maria,RS,2021-12-29,active,True,2022-10-09 18:30:07
CUST00004245,Bruna Rocha,1996-08-19,camargobella@example.org,Porto Alegre,RS,2018-03-25,ACTIVE,True,2026-02-20 05:01:58
CUST00000442,Juliana Duarte,1997-10-07,barbara89,Sorocaba,SP,2018-03-20,ACTIVE,False,2020-01-05 03:29:05
CUST00004365,Maya Barbosa,1975-09-14,isampaio@example.net,Contagem,MG,2021-01-13,ACTIVE,False,2021-07-01 15:22:28
CUST00004183,Esther Oliveira,1936-05-19,carvalhoclarice@example.com,São Paulo,SP,2024-08-03,ACTIVE,True,2024-08-05 17:01:26
CUST00000213,Eduardo Teixeira,2003-06-13,cavalcantimarina@example.com,Maringá,PR,2025-04-21,ACTIVE,True,2025-05-14 12:34:12
CUST00004201,Juliana Montenegro,1984-10-02,ana-carolinanovais@example.net,Volta Redonda,RJ,2024-08-10,ACTIVE,False,2025-07-27 02:57:54
CUST00003998,Sophia Ramos,1998-04-15,qcirino@example.org,Uberaba,MG,2025-08-23,INACTIVE,True,2025-10-04 08:24:46
CUST00001455,Fernando Peixoto,1986-04-08,anthonynovais@example.com,Camaçari,BA,2024-09-11,ACTIVE,True,2026-02-13 07:24:22
CUST00003124,Matheus Ferreira,1975-07-15,csales@example.com,Cascavel,PR,2021-04-27,active,True,2024-07-13 05:57:35
CUST00000289,Sr. Emanuel Monteiro,1998-09-20,tmonteiro@example.com,Porto Alegre,RS,2023-08-14,ACTIVE,True,2025-06-22 23:49:52
CUST00002207,Letícia Vasconcelos,2000-01-13,maragao@example.org,Londrina,PR,2021-03-01,ACTIVE,yes,2022-01-07 11:09:39
CUST00002838,,1991-07-22,luiz-gustavomendonca@example.com,Contagem,MG,2018-07-21,ACTIVE,False,2022-08-14 22:17:54
CUST00000741,Dr. José Miguel Ferreira,2010-04-01,,Itajaí,SC,2021-03-08,ACTIVE,False,2022-04-06 05:47:05
CUST00000778,Renan Sales,1943-12-27,esthervargas@example.org,Aparecida de Goiânia,Goias,2025-04-05,ACTIVE,True,2026-06-24 15:03:26
CUST00003490,Davi Luiz da Conceição,2001-05-06,maysa81@example.com,Contagem,MG,2024-03-05,ACTIVE,False,2025-11-11 13:02:07
CUST00000631,Mateus Casa Grande,2005-03-02,riosdaniel@example.org,Montes Claros,MG,2024-11-13,INACTIVE,True,2025-05-18 16:39:00
CUST00004745,Henry Gabriel Barbosa,1989-05-15,nascimentobenicio@example.net,Santa Maria,RS,2019-04-27,ACTIVE,yes,2024-08-16 01:21:20
CUST00001409,Anthony Araújo,1964-03-02,anthony-gabriel90@example.org,Ribeirão Preto,SP,2023-06-19,ACTIVE,False,2025-02-28 10:55:20
CUST00001684,Sr. Pedro Lucas da Mata,1991-10-30,gael-henrique06@example.net,Salvador,BA,2022-12-18,ACTIVE,True,2023-10-21 03:33:16
CUST00003250,Bianca Garcia,1961-10-25,sophie04@example.com,Nova Iguaçu,RJ,2018-08-08,active,False,2024-07-14 16:14:14
CUST00000407,Dra. Hellena Machado,1970-10-01,heloisa79@example.net,Uberaba,MG,2024-05-29,ACTIVE,True,2026-04-26 13:24:53
CUST00004140,Luiz Miguel Sales,1983-11-18,maria-liz36@example.org,Petrópolis,RJ,2025-03-02,ACTIVE,True,2026-01-17 17:49:37
CUST00003263,Dante Moura,1992-05-14,acastro@example.net,Uberlândia,MG,2025-01-22,ACTIVE,False,2026-05-11 19:03:56
CUST00003200,Joana Pinto,1998-04-15,ramoscamila@example.org,Santa Maria,RS,2024-03-27,ACTIVE,True,2025-09-12 15:04:36
CUST00001256,José Rodrigues,1989-12-22,oferreira@example.org,Uberlândia,MG,2024-06-25,ACTIVE,True,2025-03-02 00:51:45
CUST00003662,Vitor Macedo,2001-07-01,agatha03@example.com,Vila Velha,Espirito Santo,2019-06-13,ACTIVE,True,2023-12-12 09:09:18
CUST00002187,Liam Aparecida,1985-03-06,cassianocarolina@example.com,Uberaba,MG,2021-03-19,ACTIVE,True,2024-02-24 22:26:41
CUST00004347,Dra. Emanuelly Gomes,2010-02-02,bellafernandes@example.org,Sorocaba,SP,2020-06-28,ACTIVE,False,2020-12-05 17:59:00
CUST00000553,Josué Andrade,1988-08-05,xaragao@example.net,Belo Horizonte,MG,2025-10-31,active,True,2025-11-04 14:10:12
CUST00004114,Dra. Gabriela Ribeiro,1940-02-29,liamjesus@example.org,Santos,SP,2025-05-19,ACTIVE,False,2026-04-06 03:42:35
CUST00001255,Lavínia Rezende,1999-05-27,alexandrearaujo@example.com,Rio de Janeiro,RJ,2019-06-02,ACTIVE,True,2022-12-07 01:25:41
CUST00003958,Dr. Gustavo Correia,1965-11-22,marquesjoao-lucas@example.net,São Paulo,SP,2025-07-14,INACTIVE,False,2026-06-02 15:03:04
CUST00002869,Felipe Aragão,1951-11-11,fernanda64@example.net,Ribeirão Preto,SP,2018-07-22,ACTIVE,True,2024-06-28 07:46:57
CUST00000267,Bárbara da Luz,1998-05-15,maite39@example.com,São José dos Campos,SP,2019-08-15,INACTIVE,False,2023-02-17 03:27:48
CUST00002903,Maria Cecília da Luz,1974-03-04,leticia08@example.org,Volta Redonda,RJ,2020-11-28,ACTIVE,no,2025-02-17 06:14:07
CUST00002684,Ana Cecília Novais,1966-09-24,ravy69@example.net,Campinas,SP,2021-01-12,active,True,2021-07-26 02:18:17
CUST00000175,Hadassa Ramos,1989-03-13,aragaobrenda@example.org,São José dos Campos,SP,2025-01-02,INACTIVE,True,2025-02-04 22:29:09
CUST00004626,Alana Melo,1986-02-15,almeidaayla@example.org,Campinas,SP,2019-07-03,ACTIVE,False,2020-06-04 03:53:59
CUST00001386,Sofia Pimenta,1951-07-05,jteixeira@example.com,Sorocaba,SP,2019-04-20,ACTIVE,False,2020-04-06 17:52:47
CUST00002937,Caio Cardoso,1936-08-16,wsampaio@example.com,Joinville,SC,2022-10-06,blocked,True,2025-03-17 10:41:51
CUST00000147,Dr. Bruno Farias,1999-11-24,odias@example.net,Uberaba,MG,2022-02-14,ACTIVE,True,2025-10-09 04:56:24
CUST00002201,Dra. Heloísa Guerra,2003-06-25,claricecostela@example.com,Ribeirão Preto,SP,2021-03-31,INACTIVE,True,2021-12-20 05:57:55
CUST00003668,Ryan Rios,1976-02-25,joao-gabrielsouza@example.org,Rio de Janeiro,RJ,2021-09-10,active,True,2024-03-27 23:11:34
CUST00004564,Letícia Caldeira,1978-04-27,guerrabrayan@example.com,Sorocaba,SP,2018-11-09,ACTIVE,True,2023-01-28 02:23:59
CUST00003260,Luiz Henrique Ramos,1996-11-28,arthur-gabrielfogaca@example.com,Campinas,SP,2026-02-10,ACTIVE,True,2026-02-28 05:12:51
CUST00002683,Brayan Oliveira,1965-07-04,beatriznunes@example.com,Campinas,SP,2018-04-19,ACTIVE,True,2024-08-09 18:36:26
CUST00004247,Bryan Souza,1979-03-12,siqueiramilena@example.com,Campinas,SP,2022-11-06,active,False,2026-01-06 05:25:41
CUST00000947,Pietro Ferreira,1990-05-04,aliceda-cunha@example.org,Santa Maria,RS,2020-04-13,ACTIVE,True,2021-09-17 13:01:51
CUST00000677,Isabel Azevedo,1980-05-13,ester30@example.net,Campinas,SP,2021-01-25,ACTIVE,no,2025-06-10 03:08:28
CUST00000152,Erick Barros,1918-02-19,rpinto@example.org,Petrópolis,RJ,2022-12-20,ACTIVE,True,2024-09-23 09:53:20
CUST00003882,Otávio Azevedo,1965-03-30,vabreu@example.org,Camaçari,BA,2021-01-26,ACTIVE,False,2021-11-19 19:33:50
CUST00001756,Srta. Olivia da Luz,2003-06-06,andradecamila@example.com,Porto Alegre,RS,2023-02-06,ACTIVE,True,2025-02-04 00:00:28
CUST00004617,Liz Cardoso,1983-05-25,brenda07@example.net,Campinas,SP,2019-10-11,ACTIVE,False,2024-02-28 08:37:07
CUST00000034,Cecilia Lima,2003-06-15,agathamartins@example.org,Santos,SP,2026-06-07,INACTIVE,True,2026-07-31 15:52:12
CUST00002082,Clara Pacheco,2007-09-17,souzahelena@example.net,Campinas,SP,2020-05-10,INACTIVE,True,2020-07-19 23:07:00
CUST00000400,Amanda Siqueira,2000-02-01,nsantos@example.com,Ribeirão Preto,SP,2024-03-01,INACTIVE,True,2024-03-06 22:15:17
CUST00002620,Ana Clara Moreira,1991-01-28,camargojose-miguel@example.com,Canoas,RS,2024-10-03,ACTIVE,True,2026-07-22 19:39:26
CUST00003963,,1988-12-14,gomeshenrique@example.org,Recife,PE,2024-04-23,INACTIVE,False,2024-06-26 05:35:11
CUST00000627,Sophie da Rosa,1964-05-14,pedro-henrique33@example.net,Salvador,BA,2020-02-03,ACTIVE,False,2026-02-24 13:33:13
CUST00001978,Vitor Farias,1996-07-19,lrezende@example.net,Rio de Janeiro,RJ,2018-08-07,ACTIVE,True,2024-07-02 01:56:35
CUST00002973,Maria Cecília Machado,1988-06-14,clarice15@example.com,Ribeirão Preto,SP,2024-03-03,ACTIVE,True,2026-03-06 01:37:18
CUST0007,Maria Luísa Correia,1984-05-20,da-luzjuliana@example.org,Belo Horizonte,MG,2023-05-02,INACTIVE,False,2024-01-26 19:59:29
CUST00002952,Stella Cirino,1980-01-31,viniciussilva@example.com,Contagem,MG,2021-04-12,ACTIVE,True,2022-01-25 07:17:46
CUST00004113,Olivia Gomes,2027-02-23,lfogaca@example.net,Vitória da Conquista,BA,2022-11-18,INACTIVE,False,2025-04-03 04:49:45
CUST00003495,Bento Montenegro,1995-01-06,xcampos@example.com,São Paulo,SP,2023-04-26,INACTIVE,True,2024-08-04 16:21:35
CUST00000769,Theo Freitas,1998-05-05,ysampaio@example.org,Montes Claros,minas gerais,2018-04-03,ACTIVE,False,2026-03-06 18:11:19
CUST00000283,Letícia Marques,2004-09-11,salesdante@example.org,Uberlândia,MG,2025-10-26,ACTIVE,True,2026-07-06 21:15:30
CUST00003915,Nathan Pires,2004-04-01,lavinia42@example.com,Pelotas,RS,2026-06-11,INACTIVE,True,2026-07-21 20:55:22
CUST00003540,Ana Beatriz Pacheco,1999-08-15,luiz-felipecastro@example.com,Uberlândia,MG,2020-10-15,INACTIVE,True,2024-12-07 12:40:22
CUST00002037,Manuela da Mota,1946-02-23,luna41@example.com,Santos,SP,2022-05-13,ACTIVE,True,2026-05-21 15:50:59
CUST00003841,Ana Laura Andrade,1980-08-16,rdias@example.net,São José dos Campos,SP,2026-06-20,ACTIVE,False,2026-06-29 02:59:35
CUST00003041,Daniela Barros,1990-05-10,xfonseca@example.org,Chapecó,SC,2025-06-12,ACTIVE,True,2025-07-27 12:07:34
CUST00001826,Sra. Stephany Cardoso,1972-06-21,hda-rocha@example.net,Uberlândia,MG,2022-03-28,ACTIVE,no,2024-07-04 20:51:21
CUST00002192,Daniel Rodrigues,1972-04-02,jesusrafaela@example.net,Santos,SP,2023-05-26,ACTIVE,True,2023-11-04 13:47:19
CUST00004767,Maria Luiza Ramos,2003-03-04,ana-carolina61,Fortaleza,CE,2024-06-11,ACTIVE,True,2025-08-08 15:20:02
CUST00001970,João Vitor Sá,2001-08-24,marcela70@example.org,Sorocaba,São Paulo,2022-06-08,ACTIVE,False,2024-08-22 18:22:14
CUST00004617,Liz Cardoso,1983-05-25,emillysampaio@example.com,Campinas,SP,2019-10-11,ACTIVE,False,2025-10-12 06:09:20
CUST00002511,Lucas Gabriel Cavalcante,1976-03-18,gustavo-henriquepires@example.org,Contagem,MG,2019-01-06,ACTIVE,False,2024-09-04 03:08:32
CUST00004002,Gael Montenegro,1982-10-16,camposclara@example.net,São José dos Campos,SP,2026-06-29,BLOCKED,False,2026-07-14 06:29:50
CUST00002323,Miguel Barros,1980-07-21,gcamargo@example.net,Londrina,paraná,2026-07-23,ACTIVE,False,2026-07-24 01:17:43
CUST00002280,Amanda Pires,1998-12-08,uramos@example.com,Niterói,RJ,2019-07-09,ACTIVE,True,2020-04-09 12:29:59
CUST00002644,Ana Sophia Cunha,2003-02-18,novaismaria-luisa@example.com,Petrópolis,RJ,2023-10-19,INACTIVE,True,2026-04-24 14:04:25
CUST00000873,Sara Monteiro,1962-08-03,ravi-luccasantos@example.com,Santa Maria,RS,2025-06-09,ACTIVE,True,2026-07-22 13:38:16
CUST00002247,Manuella Siqueira,1968-08-06,pintolorena@example.org,Santos,SP,2024-05-06,ACTIVE,False,2025-01-06 07:15:43
CUST00000113,Larissa Melo,1987-09-20,vmacedo@example.org,Petrópolis,RJ,2020-07-20,active,True,2025-12-09 23:39:46
CUST00001864,Bryan Brito,1973-06-24,olivermendonca@example.net,Florianópolis,SC,2023-08-18,INACTIVE,False,2024-12-05 16:07:01
CUST00004197,Maria Eduarda Jesus,2004-11-17,sampaioana-laura@example.com,Olinda,PE,2020-05-13,ACTIVE,True,2026-05-13 18:18:35
CUST00004567,Sr. Rael Rodrigues,1955-02-08,camposdavi-miguel@example.net,Juazeiro do Norte,CE,2025-08-06,ACTIVE,True,2025-11-27 08:28:35
CUST00000914,Liz Lopes,2006-07-05,felipe90@example.net,Campinas,SP,2022-11-13,ACTIVE,False,2025-08-05 11:34:36
CUST00002627,Srta. Bruna da Costa,1998-02-03,henryaparecida@example.com,São Paulo,SP,2022-02-17,INACTIVE,True,2025-07-08 10:45:34
CUST00003079,Dr. Gael Campos,1984-10-24,malves@example.com,Sorocaba,SP,2026-12-13,ACTIVE,True,2024-12-01 22:01:13
CUST00003710,Dra. Ana Cecília da Costa,1994-07-06,yasmin86@example.net,Porto Alegre,RS,2019-10-18,ACTIVE,True,2024-11-15 00:25:35
CUST00002790,Bento Campos,1962-03-24,amanda85@example.org,Ponta Grossa,PR,2020-03-23,ACTIVE,True,2023-08-09 07:23:56
CUST00004724,Ana Laura Fernandes,1994-08-30,benicio80@example.net,Chapecó,SC,2019-07-08,ACTIVE,True,2026-01-16 11:59:27
CUST00003509,José Pedro Abreu,1987-09-22,benjamim89@example.org,Ponta Grossa,PR,2021-10-26,ACTIVE,True,2024-09-27 17:58:02
CUST00004388,Breno Dias,1989-12-18,nvargas@example.net,Campinas,SP,2025-06-03,ACTIVE,True,2026-07-05 06:14:12
CUST00003962,Amanda Jesus,1988-11-08,pedro-henriquefarias@example.org,Olinda,PE,2020-04-30,INACTIVE,True,2022-09-15 05:11:35
CUST00000373,Srta. Letícia Rodrigues,1989-11-22,rezendebenicio@example.org,Uberlândia,MG,2019-05-13,ACTIVE,False,2020-06-22 02:50:05
CUST00004451,Arthur Miguel Brito,1987-08-09,ofarias@example.com,Caxias do Sul,RS,2020-01-03,active,True,2025-04-12 01:36:09
CUST00004067,Zoe Nunes,1984-02-17,ryansampaio@example.net,Porto Alegre,RS,2025-08-25,INACTIVE,True,2025-12-19 03:09:31
CUST00000098,Rebeca Caldeira,2007-05-09,ofonseca@example.com,São José dos Campos,SP,2023-07-23,ACTIVE,False,2023-09-18 00:10:05
CUST00000862,José Albuquerque,1953-09-13,fmonteiro@example.net,Niterói,RJ,2022-02-23,ACTIVE,True,2022-03-27 01:31:58
CUST00001984,Srta. Emanuella Melo,1970-03-09,aylacardoso@example.com,Campinas,SP,2021-04-20,ACTIVE,False,2024-09-26 20:14:39
CUST00003484,Marcos Vinicius Melo,1995-07-29,isis64@example.com,Porto Alegre,RS,2022-03-28,ACTIVE,False,2024-02-29 21:58:08
CUST00002381,Maria Julia Dias,1973-06-30,carvalholuiz-miguel@example.org,Porto Alegre,RS,2024-03-11,ACTIVE,no,2025-07-11 11:02:05
CUST00001834,Aurora Moreira,1966-12-10,andrelopes@example.org,Montes Claros,MG,2022-07-16,ACTIVE,True,2022-12-28 10:29:18
CUST00000854,Ana Júlia Sales,1997-06-29,maria-fernandaramos@example.com,São Paulo,SP,2019-03-30,ACTIVE,True,2025-09-25 01:32:08
CUST00003898,Daniel Novaes,1983-07-21,fda-cruz@example.org,Ribeirão Preto,SP,2021-01-16,ACTIVE,True,2024-09-29 02:25:09
CUST00001607,Olívia Nascimento,1990-06-06,dpimenta@example.org,Juazeiro do Norte,CE,2025-12-11,ACTIVE,True,2026-07-31 21:50:18
CUST00000788,Maria Julia Correia,1982-05-11,jvargas@example.org,Londrina,PR,2020-03-27,UNKNOWN,True,2024-05-29 04:42:55
CUST00000848,Rebeca Sales,1971-06-24,maria-cecilia36@example.com,Volta Redonda,RJ,2020-09-08,ACTIVE,True,2023-10-10 08:26:12
CUST00002360,Ana Sophia Casa Grande,1982-05-17,ninacasa-grande@example.org,Sorocaba,SP,2022-12-13,ACTIVE,False,2025-09-17 20:30:36
CUST00002651,Ana Laura Pimenta,1999-02-06,enrico49@example.org,Belo Horizonte,MG,2026-07-17,ACTIVE,True,2026-07-28 21:30:05
CUST00000277,Enzo Castro,1986-05-05,rael58@example.com,São José dos Campos,SP,2024-02-17,ACTIVE,False,2024-05-18 05:41:22
CUST00003524,Henrique Barros,1957-12-11,ccorreia@example.org,Londrina,PR,2020-01-17,ACTIVE,False,2024-03-22 13:08:15
CUST00000079,Kamilly Vargas,1974-03-18,ppires@example.com,Niterói,RJ,2025-09-29,active,False,2025-10-05 16:43:07
CUST00002577,Dom Cavalcanti,1993-10-12,melissa90@example.com,Petrópolis,RJ,2018-01-05,ACTIVE,False,2018-08-02 06:49:44
CUST00002215,Melissa Melo,2010-02-05,luiz-fernando44@example.org,Rio de Janeiro,RJ,2026-07-15,INACTIVE,False,2026-07-18 09:05:23
CUST00003549,Catarina Araújo,1972-08-01,casa-granderyan@example.com,Volta Redonda,Rio de Janeiro,2022-11-07,ACTIVE,True,2024-10-18 18:59:15
CUST00000808,Sr. Davi Miguel da Luz,1992-02-11,theo34@example.com,São José dos Campos,SP,2019-03-16,ACTIVE,True,2022-10-23 14:34:48
CUST00001914,Julia Borges,2001-05-29,lfogaca@example.com,Ribeirão Preto,SP,2022-08-03,ACTIVE,True,2026-05-16 06:12:24
CUST00001543,Melina Castro,1962-05-01,bianca72@example.org,Campinas,SP,2020-04-24,ACTIVE,True,2025-06-07 02:31:02
CUST00002661,Guilherme Ferreira,1976-05-08,dcaldeira@example.net,Campinas,SP,2021-12-03,ACTIVE,True,2024-09-07 21:29:03
CUST00002107,Dra. Maria Cecília da Costa,1993-02-04,bsampaio@example.com,São Paulo,SP,2023-10-19,ACTIVE,False,2025-09-13 13:44:52
CUST00003480,João Miguel Cunha,1993-09-13,pintostephany@example.org,Volta Redonda,RJ,2026-07-06,INACTIVE,True,2026-07-08 16:16:57
CUST00002349,Davi Miguel Cardoso,2003-11-27,macedomaysa@example.com,Belo Horizonte,MG,2019-11-07,ACTIVE,False,2020-07-12 05:59:37
CUST00004058,Davi Lucas Alves,1986-04-30,ericksampaio@example.net,São Paulo,SP,2023-05-29,ACTIVE,True,2024-04-28 09:47:23
CUST00000530,Juan Ribeiro,2010-07-19,gcosta@example.org,Rio de Janeiro,RJ,2023-10-30,ACTIVE,True,2025-03-03 17:40:10
CUST00001204,Alana da Cruz,1946-05-07,sfernandes@example.net,São José dos Campos,SP,2023-05-05,ACTIVE,True,2024-01-01 22:26:58
CUST00002610,Valentina Albuquerque,1991-06-22,gabrielafarias@example.com,Maringá,PR,2019-02-08,ACTIVE,True,2023-01-27 20:38:29
CUST00003203,Felipe Cassiano,1994-06-09,cavalcantieduardo@example.com,Juiz de Fora,MG,2022-12-14,ACTIVE,True,2023-03-23 07:14:10
CUST00003462,Valentina Farias,1991-04-10,antony11@example.org,Blumenau,SC,2026-07-04,INACTIVE,True,2026-07-27 22:19:17
CUST00002287,José Pedro da Conceição,1981-08-12,danielramos@example.net,Ribeirão Preto,São Paulo,2020-07-07,ACTIVE,True,2026-01-21 22:50:37
CUST00001951,Vitor Hugo da Mata,1996-07-11,ana-beatrizfogaca@example.com,Curitiba,PR,2020-02-04,ACTIVE,True,2023-03-26 14:11:05
CUST00001220,Yasmin Peixoto,1990-03-26,clarada-rosa@example.com,Sorocaba,SP,2019-05-25,ACTIVE,False,2022-11-27 22:38:45
CUST00002769,Bruna Casa Grande,2008-02-27,oaragao@example.org,Olinda,PE,2024-10-13,ACTIVE,True,2025-12-24 19:40:25
CUST00002485,Enrico Fonseca,1987-08-26,teixeiraalicia@example.com,Joinville,SC,2023-05-31,INACTIVE,False,2023-11-04 17:12:25
CUST00002849,Daniel Pastor,2003-12-24,elisaribeiro@example.net,Recife,PE,2018-05-01,active,False,2020-06-02 20:16:11
CUST00004248,Eduardo Castro,1973-03-11,pastorisis@example.org,Niterói,RJ,2024-08-28,ACTIVE,False,2026-04-04 10:47:29
CUST00001838,Maria Júlia Peixoto,1991-04-09,yasmin74@example.org,Santos,SP,2019-04-30,ACTIVE,True,2022-09-12 09:36:02
CUST00000450,Sr. Otávio Sales,1990-06-26,maria-lizbarbosa@example.org,Curitiba,PR,2026-02-11,ACTIVE,False,2026-03-27 21:17:06
CUST00003280,Enzo Gabriel Rodrigues,1971-12-22,joao-lucas51@example.com,Nova Iguaçu,RJ,2020-08-02,ACTIVE,True,2026-02-22 23:46:41
CUST00002144,Cecília Vargas,1982-09-02,anthony-gabriel90@example.net,Uberaba,MG,2018-10-07,ACTIVE,True,2019-07-11 01:52:50
CUST00004188,Allana Vasconcelos,2001-02-02,matteoalmeida@example.org,Jaboatão dos Guararapes,PE,2020-04-08,ACTIVE,False,2023-08-03 18:07:04
CUST00003463,Manuela Câmara,2004-08-30,sofia21@example.org,Niterói,Rio de Janeiro,2018-05-14,ACTIVE,True,2025-12-18 05:40:30
CUST00000650,Hadassa Rodrigues,1969-03-17,ncaldeira@example.net,Curitiba,PR,2022-09-15,ACTIVE,False,2023-12-07 14:31:07
CUST00000601,Marcelo Fernandes,1945-04-27,ianguerra@example.com,São José dos Campos,SP,2020-08-04,ACTIVE,True,2026-03-06 20:15:47
CUST00001035,Maria Fernanda Albuquerque,1997-10-03,catarina54@example.com,Montes Claros,MG,2018-02-24,ACTIVE,True,2020-10-10 13:25:22
CUST00002408,Maria Eduarda Silveira,2001-01-17,leandronascimento@example.org,Ribeirão Preto,SP,2023-08-07,ACTIVE,True,2023-08-25 05:49:55
CUST00003486,Alexandre Duarte,1998-08-25,camposyuri@example.com,Rio de Janeiro,RJ,2019-07-14,ACTIVE,True,2019-10-24 13:07:32
CUST00000512,Diego Vasconcelos,1978-10-14,mouraemanuella@example.org,Uberlândia,MG,2024-05-08,Inactive,True,2026-05-29 02:18:49
CUST00001875,Vicente Rodrigues,1991-11-25,esthermoreira@example.net,Nova Iguaçu,RJ,2026-05-21,ACTIVE,False,2026-07-23 18:58:51
CUST00001040,Ravi Santos,1962-09-05,murilocirino@example.com,Sorocaba,SP,2025-01-23,ACTIVE,False,2025-06-21 11:48:57
CUST00001195,Samuel Brito,2007-01-06,tmonteiro@example.org,Duque de Caxias,Rio de Janeiro,2019-02-03,INACTIVE,True,2023-09-29 21:25:14
CUST00004327,Bento Jesus,1975-08-31,leosiqueira@example.org,Ponta Grossa,PR,2022-11-18,ACTIVE,no,2025-04-26 21:48:14
CUST00002251,Ian Pastor,1990-11-27,bryansales@example.com,Itajaí,SC,2025-07-23,ACTIVE,True,2026-04-07 19:33:01
CUST00001184,Danilo Cavalcante,1993-06-25,liviamendonca@example.com,Rio de Janeiro,RJ,2025-10-07,ACTIVE,True,2026-03-13 07:48:16
CUST00003576,Maria Luiza Cavalcante,1979-06-07,maite28@example.com,Contagem,MG,2025-10-10,ACTIVE,True,2026-03-05 15:24:48
CUST00003243,Alexia Teixeira,1975-04-24,tsousa@example.org,Duque de Caxias,Rio de Janeiro,2021-10-02,ACTIVE,True,2023-11-24 01:47:16
CUST00002390,Leandro Lopes,1977-08-29,nmachado@example.org,Salvador,BA,2019-12-12,ACTIVE,True,2020-08-11 02:08:20
CUST00002598,Théo Oliveira,1991-12-23,vargasrael@example.net,Porto Alegre,RS,2022-06-26,active,True,2025-03-20 13:59:43
CUST00003876,Maria Eduarda Santos,1992-08-24,luan33@example.org,Volta Redonda,RJ,2026-11-03,ACTIVE,True,2019-06-22 17:31:07
CUST00002077,Fernanda Cardoso,2005-08-23,oliviacardoso@example.org,Montes Claros,MG,2018-08-11,ACTIVE,True,2020-11-12 07:03:50
CUST00001001,Rael Monteiro,1982-11-16,enzonovais@example.org,Fortaleza,CE,2022-06-17,ACTIVE,False,2024-06-23 00:20:24
CUST00000572,Laís Martins,1983-03-15,melocaue@example.net,Santos,SP,2023-05-27,ACTIVE,False,2024-09-16 06:09:28
CUST00002482,Sra. Emanuelly Nogueira,1977-08-20,arthurrodrigues@example.com,Santa Maria,RS,2024-09-27,BLOCKED,True,2025-10-30 10:38:15
CUST00001414,Apollo Pereira,1978-03-28,mouraalana@example.net,Nova Iguaçu,RJ,2023-02-22,ACTIVE,True,2025-09-02 10:52:07
CUST00002222,Kaique Rocha,1990-11-21,hcassiano@example.net,Curitiba,PR,2026-03-27,ACTIVE,True,2026-06-01 10:37:59
CUST00001686,Vinícius Pereira,1968-06-23,bmoreira@example.org,São José dos Campos,SP,2024-08-23,ACTIVE,True,2025-04-01 16:17:52
CUST00002296,João Pedro Machado,1975-03-11,machadoolivia@example.com,Campinas,SP,2019-06-15,INACTIVE,True,2026-07-19 05:17:09
CUST00003451,Joana Vasconcelos,1938-01-20,ferreiragael-henrique@example.org,Cascavel,PR,2025-03-27,ACTIVE,True,2025-06-23 22:17:52
CUST00001008,Théo Rocha,1999-09-23,caua16@example.com,Sorocaba,SP,2025-03-02,INACTIVE,True,2026-05-05 10:55:45
CUST00000616,Mirella Fernandes,1991-07-24,caue37@example.com,Juiz de Fora,MG,2018-12-15,ACTIVE,True,2020-01-24 01:28:38
CUST00002384,Ana Liz Albuquerque,1995-08-25,fernandesyuri@example.com,Campinas,SP,2024-01-07,ACTIVE,no,2024-09-16 18:51:26
CUST00001217,Joana da Costa,1964-09-20,lavinia81@example.net,Volta Redonda,RJ,2024-12-16,INACTIVE,False,2025-02-22 01:21:30
CUST00004530,Luiz Gustavo Costa,1980-04-01,pmendonca@example.com,Sorocaba,SP,2021-05-13,Inactive,True,2025-11-30 09:54:35
CUST00003586,Ravi Mendonça,1958-06-20,duarteisabelly@example.com,Florianópolis,SC,2025-10-19,ACTIVE,True,2026-06-04 00:43:54
CUST00000469,Sr. João Felipe Siqueira,1988-07-10,vargasbento@example.com,Curitiba,PR,2026-06-29,ACTIVE,False,2026-07-27 14:00:52
CUST00003268,Davi Lucas Camargo,2004-07-10,catarina99@example.com,Montes Claros,MG,2020-07-29,INACTIVE,True,2022-08-31 03:45:54
CUST00001064,Dra. Isabella Montenegro,1966-01-30,britoarthur@example.net,Pelotas,RS,2025-06-17,ACTIVE,True,2026-02-28 12:24:14
CUST00002382,Sr. Asafe Azevedo,1978-10-18,henrique88@example.com,Petrópolis,RJ,2022-04-12,ACTIVE,False,2023-01-15 14:19:23
CUST00003851,Vitor Hugo Moreira,1998-04-08,gabriel76@example.com,Uberaba,MG,2024-04-16,INACTIVE,True,2025-04-11 17:25:18
CUST0003,João Miguel Leão,1997-10-29,theo04@example.com,Campinas,SP,2023-12-23,ACTIVE,True,2024-08-16 04:10:43
CUST00004668,Elisa Sousa,1971-09-23,maria-flor36@example.com,Rio de Janeiro,RJ,2025-12-06,ACTIVE,True,2026-01-15 00:16:08
CUST00000522,Marcela Nogueira,1977-04-04,ebrito@example.net,Joinville,SC,2023-01-14,ACTIVE,True,2023-10-05 23:11:26
CUST00000252,Raul Andrade,2002-01-15,nathan03@example.org,Uberaba,MG,2020-04-08,ACTIVE,True,2024-09-10 15:28:38
CUST00000101,Ravi Nunes,1977-10-02,bfernandes@example.com,Campinas,SP,2021-03-25,ACTIVE,True,2021-06-22 16:39:41
CUST00002127,Gael Henrique Borges,1992-03-17,silvajade@example.com,Nova Iguaçu,RJ,2023-08-29,INACTIVE,False,2024-04-12 17:51:49
CUST00003457,Ana Julia Barros,1961-12-31,da-motabenicio@example.org,Santos,São Paulo,2024-02-12,ACTIVE,True,2024-12-06 10:54:24
CUST00002930,Léo Vargas,1916-08-31,lorenaleao@example.net,Sorocaba,SP,2020-04-29,ACTIVE,False,2026-05-10 20:17:14
CUST00003119,Emanuel Campos,1963-04-16,fogacabenicio@example.com,Santos,SP,2019-06-10,active,True,2022-10-03 11:43:47
CUST00000470,Júlia Moura,2005-04-29,mazevedo@example.org,Uberaba,MG,2023-08-28,ACTIVE,True,2026-07-07 12:23:19
CUST00003852,Catarina Alves,1981-08-17,zabreu@example.com,Caxias do Sul,Rio Grande do Sul,2019-08-19,BLOCKED,True,2021-10-28 21:09:11
CUST00002605,Fernanda Monteiro,2010-02-14,joao-felipeguerra@example.net,Belo Horizonte,XX,2026-01-01,ACTIVE,False,2026-01-21 12:47:49
CUST00002003,Daniela Pastor,1976-11-08,rebeca56@example.com,Ribeirão Preto,SP,2025-07-26,ACTIVE,True,2025-10-11 01:35:16
CUST00000243,Davi Aragão,2005-10-08,larissaporto@example.net,São José dos Campos,SP,2024-02-04,ACTIVE,False,2026-03-28 06:24:39
CUST00001330,Davi Lucas das Neves,1990-11-01,monteirodaniela@example.com,Feira de Santana,bahia,2018-08-21,ACTIVE,True,2021-01-14 23:53:01
CUST00003728,Ana Sophia Sousa,1990-12-28,arthur-gabriel25@example.com,Olinda,PE,2022-09-23,BLOCKED,True,2023-10-29 20:31:21
CUST00000720,Natália Pastor,1968-09-26,mendesigor@example.com,Montes Claros,MG,2024-05-07,INACTIVE,True,2025-02-17 05:49:20
CUST00004280,Sra. Ana Clara Cavalcante,1974-05-14,pedro-henriquerodrigues@example.net,Belo Horizonte,minas gerais,2025-12-21,ACTIVE,False,2026-07-24 06:35:46
CUST00000742,Fernanda Oliveira,1996-08-20,alicefogaca@example.com,Contagem,minas gerais,2020-09-06,INACTIVE,True,2025-10-02 13:15:39
CUST00001816,Catarina Siqueira,1983-12-31,nicolebarros@example.org,São Paulo,São Paulo,2020-04-27,ACTIVE,False,2021-04-20 23:00:11
CUST00004361,Emilly Costela,1989-11-24,oliver59@example.net,São José dos Campos,SP,2019-07-05,ACTIVE,False,2025-01-17 12:31:17
CUST00001747,Enrico Lopes,1974-09-24,erickpacheco@example.org,Santos,SP,2026-05-30,ACTIVE,no,2026-06-20 22:11:11
CUST00003703,Luiz Felipe Ferreira,1973-05-28,siqueiragabriel@example.com,São Paulo,São Paulo,2020-08-25,INACTIVE,True,2025-10-14 14:36:20
CUST00001030,Yuri Camargo,2000-02-16,benicio69@example.org,Uberlândia,MG,2018-03-03,ACTIVE,True,2019-12-24 01:07:39
CUST00000849,Mateus Silveira,1970-02-18,isabel99@example.net,Uberlândia,MG,2022-12-18,ACTIVE,False,2024-01-18 22:59:11
CUST00003756,Lorenzo Silva,1995-04-21,bianca80@example.org,Belo Horizonte,MG,2021-01-31,ACTIVE,True,2023-05-16 23:13:34
CUST00000302,Dra. Amanda Peixoto,1972-12-28,pda-luz@example.net,São José dos Campos,SP,2023-03-06,INACTIVE,True,2026-02-14 06:46:17
CUST00001690,João Felipe Monteiro,1976-01-11,luigiviana@example.org,Nova Iguaçu,RJ,2025-08-09,blocked,True,2026-01-31 01:38:20
CUST00000855,Theodoro Camargo,2003-12-12,zoecarvalho@example.com,Petrópolis,RJ,2023-01-24,ACTIVE,False,2023-10-20 11:46:00
CUST00003170,Caroline da Rocha,1938-12-20,freitasdanilo@example.com,Canoas,RS,2025-09-28,ACTIVE,True,2026-01-24 11:30:36
10000006,Henrique das Neves,2000-02-20,mendoncaotto@example.org,Volta Redonda,RJ,2026-03-02,ACTIVE,True,2026-05-19 05:15:11
CUST00003781,Cecilia Freitas,1990-07-24,lopesliam,Porto Alegre,RS,2019-06-17,ACTIVE,True,2019-07-31 12:59:15
CUST00000732,Beatriz Duarte,1990-03-19,valentim28@example.com,Pelotas,RS,2023-08-09,ACTIVE,False,2023-09-03 12:07:05
CUST00003304,Théo Vasconcelos,1979-06-09,maria-cecilia95@example.com,Uberaba,MG,2022-03-26,active,True,2024-01-02 11:08:59
CUST00004039,Ayla Macedo,1992-12-07,gael-henriquemendonca@example.com,Caruaru,PE,2021-03-05,ACTIVE,True,2025-06-03 13:19:06
CUST00000744,Ravi Pires,1988-05-03,lucas-gabrielporto@example.com,Ribeirão Preto,SP,2019-01-27,ACTIVE,no,2023-05-22 20:58:54
CUST00001002,Dra. Maria Luísa Cunha,1991-09-13,elisada-rocha@example.org,Canoas,XX,2026-02-07,INACTIVE,True,2026-04-08 19:02:04
CUST00000061,Danilo da Luz,1992-11-18,viniciusandrade@example.org,Campinas,SP,2020-08-05,ACTIVE,True,2021-02-20 13:15:01
CUST00002083,Gael Henrique Cirino,1971-09-17,casa-grandebernardo@example.org,São José dos Campos,SP,2024-07-31,active,True,2025-03-23 04:25:37
CUST00001574,Maria Luiza Garcia,1969-02-22,cauefreitas@example.net,Uberaba,MG,2022-10-03,INACTIVE,True,2024-01-06 14:11:17
CUST00000041,Bernardo Peixoto,1985-08-21,rocharavy@example.com,Niterói,RJ,2022-10-27,ACTIVE,True,2024-05-04 20:05:42
CUST00003897,Miguel Fonseca,1972-07-27,idas-neves@example.com,São Paulo,SP,2023-08-05,INACTIVE,False,2023-09-28 13:28:38
CUST00002883,Sabrina Novais,1970-06-23,matteobarros@example.org,São José dos Campos,SP,2024-06-27,ACTIVE,False,2024-08-17 10:18:35
CUST00004447,Erick Vieira,1996-06-22,viniciusalbuquerque@example.com,Ribeirão Preto,SP,2022-06-07,active,True,2023-01-09 23:20:26
CUST00000439,Ayla Guerra,1963-07-22,emilly77@example.com,São José dos Campos,SP,2018-01-17,ACTIVE,yes,2023-11-26 17:09:36
CUST00002601,Benjamin da Rocha,1973-05-28,nicolascunha@example.org,Feira de Santana,bahia,2026-02-13,ACTIVE,True,2026-07-18 14:39:30
CUST00002542,Dr. Ian Lopes,1990-08-18,saleseduardo@example.org,Sorocaba,SP,2020-06-04,ACTIVE,True,2025-12-27 23:45:37
CUST00002632,Eloah Guerra,1974-05-16,nvargas@example.net,Blumenau,SC,2019-02-08,ACTIVE,True,2023-05-04 10:58:13
CUST00003296,Esther da Rocha,1989-06-24,giovanna71@example.net,São José dos Campos,SP,2020-04-29,BLOCKED,True,2024-01-10 07:16:40
CUST00003358,Yuri Ramos,1988-08-16,araujomaria-sophia@example.net,Duque de Caxias,RJ,2018-07-21,ACTIVE,True,2018-12-12 20:43:15
CUST00000005,Emanuel Sampaio,2001-05-10,rfernandes@example.org,Ponta Grossa,PR,2019-05-27,blocked,True,2021-11-22 20:57:24
CUST00004698,Leandro Correia,1983-09-08,laviniaalves@example.net,Duque de Caxias,Rio de Janeiro,2019-09-16,ACTIVE,True,2026-03-16 01:37:34
CUST00000758,Alexandre Moreira,1998-07-27,catarinada-paz@example.com,Rio de Janeiro,RJ,2018-03-07,ACTIVE,True,2022-01-31 22:36:37
CUST00003934,Luiz Henrique da Cruz,2003-08-12,dsa@example.net,Ribeirão Preto,SP,2023-10-29,ACTIVE,False,2025-09-15 04:34:05
CUST00003850,Ana Pires,1990-04-23,felipe88@example.org,Camaçari,BA,2018-04-09,BLOCKED,False,2025-08-07 22:15:37
CUST00003055,Juliana Monteiro,1983-03-03,ncavalcanti@example.net,Ribeirão Preto,SP,2022-01-07,ACTIVE,True,2026-05-30 02:25:23
CUST00003635,Dr. Antony Camargo,2001-03-12,elisa99@example.com,Sorocaba,São Paulo,2020-12-08,ACTIVE,True,2026-02-07 14:15:49
CUST00001671,Melissa Rios,1950-08-09,moreirasarah@example.org,São Paulo,SP,2021-12-23,ACTIVE,False,2025-07-12 20:51:07
CUST00000610,Breno Sá,1982-04-07,pduarte@example.com,Florianópolis,SC,2026-02-11,ACTIVE,True,2026-07-21 08:03:55
CUST00001777,Letícia Barros,1979-06-29,da-motahadassa@example.com,Curitiba,PR,2022-02-22,ACTIVE,True,2025-01-17 22:47:26
CUST00003602,Jade Machado,1981-02-25,cavalcanteelisa@example.com,Ribeirão Preto,SP,2024-10-04,ACTIVE,True,2026-06-07 03:06:59
CUST00003412,Luiz Miguel Costela,2006-05-01,rhavi46@example.com,São José dos Campos,SP,2025-02-09,ACTIVE,True,2025-10-22 09:15:27
CUST00002502,Ana Vitória Moura,1964-03-05,dom74@example.net,Belo Horizonte,MG,2022-02-26,ACTIVE,True,2025-10-02 02:04:06
CUST00002985,Srta. Caroline Martins,1977-11-15,fogacaemanuelly@example.net,Rio de Janeiro,RJ,2018-04-30,ACTIVE,True,2022-05-11 14:47:38
CUST00002554,Gael Henrique Cardoso,1985-02-28,maria-clara07@example.org,Serra,ES,2026-03-20,ACTIVE,True,2026-05-08 13:46:50
CUST00004103,Sophia Oliveira,1986-02-07,da-pazthomas@example.net,Sorocaba,SP,2025-01-14,ACTIVE,True,2026-04-05 04:02:16
CUST0010,Pedro Miguel Freitas,1993-08-17,augusto61@example.com,Belo Horizonte,MG,2026-04-26,ACTIVE,True,2026-06-24 21:52:59
CUST00001288,Beatriz Fernandes,1986-03-02,marquespietra@example.com,Caxias do Sul,RS,2025-08-30,ACTIVE,True,2026-04-02 06:17:57
CUST00000951,Ana Vitória Porto,1995-03-10,xda-mota@example.com,Niterói,RJ,2026-02-17,ACTIVE,True,2026-03-29 22:37:58
CUST00002156,Marcelo Oliveira,1997-06-03,lunnasantos@example.org,Anápolis,Goias,2018-07-21,ACTIVE,True,2024-05-01 04:54:39
CUST00001332,Letícia Duarte,1980-01-30,nunesbenicio@example.org,Ribeirão Preto,São Paulo,2020-04-23,ACTIVE,False,2022-03-08 09:48:39
CUST00002115,Stephany Andrade,2006-05-29,vpires@example.com,Contagem,MG,2019-02-15,ACTIVE,True,2019-05-03 11:10:03
CUST00000547,Renan da Mata,1995-01-08,asafe54@example.com,Petrópolis,RJ,2018-11-08,ACTIVE,yes,2021-11-10 09:41:54
CUST00000767,Davi Lucas Silva,1985-09-11,asiqueira@example.org,Porto Alegre,RS,2020-02-11,INACTIVE,yes,2023-06-08 19:23:55
CUST00000929,Mirella Moraes,1973-09-30,uoliveira@example.com,Montes Claros,MG,2019-10-05,INACTIVE,True,2024-11-16 02:33:46
CUST00002599,Léo da Costa,1980-05-08,yurifarias@example.net,São José dos Campos,SP,2024-11-13,ACTIVE,True,2025-01-14 09:02:48
CUST00000868,Caleb Vargas,2006-12-13,ayla56@example.org,Juiz de Fora,MG,2026-05-22,ACTIVE,True,2026-07-20 12:14:02
CUST00003911,Sr. Bento Brito,1997-10-12,fda-cruz@example.com,Curitiba,PR,2018-01-29,ACTIVE,True,2023-08-25 22:51:00
CUST00000809,Murilo Nunes,1998-04-11,eduardosilveira@example.com,Juiz de Fora,MG,2019-05-22,ACTIVE,True,2025-11-14 07:14:43
CUST00002043,Alícia Carvalho,1968-01-15,ramosjuliana@example.com,Belo Horizonte,MG,2021-08-25,ACTIVE,True,2023-05-15 12:22:18
CUST00004538,Heloísa Fonseca,1990-07-26,jfonseca@example.org,Florianópolis,SC,2024-03-19,ACTIVE,yes,2026-07-18 06:46:11
CUST00003286,Letícia Sampaio,1969-06-15,qcosta@example.com,Anápolis,GO,2025-02-08,INACTIVE,True,2025-11-24 21:16:49
CUST00000945,Evelyn Moreira,2004-08-10,luiz-miguel58@example.org,Rio de Janeiro,RJ,2023-06-07,ACTIVE,True,2024-07-29 03:00:08
CUST00003035,Ana Sophia Melo,2006-12-07,stephany42@example.org,São José dos Campos,SP,2024-12-16,ACTIVE,False,2025-10-26 18:44:06
CUST00004294,Davi Lucas Moraes,1942-09-24,alanamendes@example.org,Joinville,SC,2025-03-24,ACTIVE,False,2025-04-17 07:10:06
CUST00004282,Mariana Costela,1993-09-13,alexandreda-rocha@example.net,Belo Horizonte,MG,2019-06-12,ACTIVE,True,2023-12-24 01:40:40
CUST00003806,Kamilly Abreu,1943-02-28,aragaohelena@example.net,Pelotas,RS,2019-10-16,ACTIVE,yes,2019-12-29 15:45:55
CUST00004317,Gustavo Henrique Silveira,1989-06-10,anna-liz31@example.com,Ponta Grossa,PR,2022-02-19,active,True,2024-10-12 01:43:23
CUST00002588,Yan Melo,1963-08-13,hda-cruz@example.org,Uberlândia,MG,2025-02-09,ACTIVE,False,2025-05-03 03:56:48
CUST00001000,Ana Beatriz Lima,2009-07-02,zmendes@example.net,Santos,SP,2022-07-13,INACTIVE,no,2022-07-31 11:19:05
CUST00003226,Gabrielly Cunha,1990-06-26,vjesus@example.org,Ponta Grossa,PR,2026-06-14,ACTIVE,True,2026-06-28 18:06:24
CUST00001338,Ana Lívia Marques,1965-02-11,freitasrafaela@example.org,Contagem,MG,2022-04-25,ACTIVE,True,2023-11-18 23:51:31
CUST00002850,Elisa Costela,1998-10-05,ocaldeira@example.org,Sorocaba,SP,2025-01-05,active,True,2026-01-22 17:46:14
CUST00004041,Ágatha Vargas,2005-06-18,isaquefogaca@example.net,Maringá,PR,2023-03-01,ACTIVE,True,2026-07-26 21:26:48
CUST00004064,Stella Silveira,1984-10-09,olivia56@example.org,Sorocaba,SP,2022-11-04,ACTIVE,True,2024-11-27 11:55:33
CUST00001053,Cauã Cunha,1971-07-28,milenacamara@example.org,São Paulo,SP,2025-03-24,ACTIVE,True,2026-06-22 06:49:20
CUST00001239,Camila Ramos,2002-04-07,correiavitoria@example.net,Maringá,PR,2019-11-10,ACTIVE,False,2023-07-18 17:59:24
CUST00001570,Mirella Novaes,2002-09-12,melissa43@example.com,Santos,SP,2021-06-11,ACTIVE,True,2025-09-26 02:55:42
CUST00002762,Sr. Isaac Porto,1970-12-29,zaraujo@example.org,Sorocaba,SP,2025-04-12,ACTIVE,True,2025-10-17 04:29:00
CUST00004083,João Felipe Carvalho,1982-06-17,cardosohenry@example.com,Itajaí,SC,2020-06-02,ACTIVE,False,2020-09-14 14:56:21
CUST00000701,Dr. Luiz Miguel Caldeira,1985-04-05,leticiarezende@example.net,Itajaí,SC,2022-02-12,ACTIVE,True,2025-04-02 03:12:45
CUST00003857,Sophia Pimenta,1976-07-25,ymoreira@example.net,Uberaba,MG,2019-04-07,ACTIVE,False,2022-06-28 06:31:44
CUST00003009,Otto Rios,1986-09-10,antonysales@example.org,Feira de Santana,BA,2024-10-14,ACTIVE,True,2024-11-12 03:13:21
CUST00000360,Nina Brito,1992-08-24,uteixeira@example.org,Rio de Janeiro,RJ,2020-01-05,ACTIVE,True,2023-06-03 15:07:25
CUST00004752,João Lucas Borges,2006-08-21,davi-miguelmoreira@example.org,Curitiba,PR,2018-07-28,ACTIVE,True,2022-05-09 02:46:55
CUST00002466,Dr. Davi Luiz Duarte,1984-10-12,uribeiro@example.net,Pelotas,RS,2019-11-07,ACTIVE,True,2026-07-19 08:36:28
CUST00000665,Sr. Isaac Brito,1975-11-08,davi-miguel35@example.com,Uberaba,MG,2024-11-28,BLOCKED,False,2025-08-11 17:14:34
CUST00002356,Davi Luiz Souza,2010-05-06,xalbuquerque@example.org,Sorocaba,SP,2024-04-17,ACTIVE,True,2026-02-22 03:36:38
CUST00003636,Amanda Garcia,1993-03-25,davi-lucaspimenta@example.com,São José dos Campos,SP,2024-11-01,ACTIVE,True,2025-10-04 12:30:49
CUST00003607,Lara da Costa,1987-11-12,arthur-gabriel09@example.org,Petrópolis,RJ,2024-06-09,INACTIVE,True,2024-08-05 10:25:33
CUST00003652,Anthony Gabriel Novais,1993-12-28,mourajoao-felipe@example.org,Salvador,BA,2019-02-28,ACTIVE,False,2025-05-15 21:52:14
CUST00003001,Dom Câmara,1979-11-11,ana-lizfarias@example.org,Salvador,BA,2020-10-06,ACTIVE,True,2022-12-16 00:13:32
CUST00001584,Caleb Silva,1968-06-22,,Camaçari,BA,2025-11-13,BLOCKED,True,2025-12-23 20:26:33
CUST00001374,Leonardo da Costa,1997-08-21,psa@example.net,Nova Iguaçu,RJ,2026-06-19,ACTIVE,True,2026-07-15 04:56:50
CUST00004761,Vinicius Machado,1998-09-20,pereiraraul@example.org,Belo Horizonte,MG,2018-07-11,ACTIVE,True,2022-01-01 17:54:13
CUST00002416,Theodoro Monteiro,1978-11-01,brayancostela@example.org,Niterói,RJ,2024-12-24,ACTIVE,True,2025-01-26 04:49:55
CUST00001381,Benjamim Porto,1988-04-11,nicolascardoso@example.org,Petrópolis,RJ,2023-04-10,active,False,2024-06-22 00:04:46
CUST00000178,Daniel Ribeiro,1974-10-10,cardosoarthur@example.com,Contagem,MG,2019-10-26,INACTIVE,False,2021-12-10 17:35:27
CUST00003469,Fernanda Mendonça,1994-05-05,rafael07@example.com,Vitória da Conquista,BA,2021-10-25,ACTIVE,True,2024-03-15 17:52:51
CUST00002675,Théo Cavalcanti,1991-06-27,julia05@example.org,Porto Alegre,RS,2021-11-21,ACTIVE,False,2023-11-07 02:41:13
CUST00003394,Carolina Costa,1985-07-25,raul48@example.com,Juiz de Fora,MG,2026-05-21,INACTIVE,True,2026-06-03 09:03:53
CUST00003252,Arthur Gabriel Castro,1978-12-02,dcarvalho@example.org,Campinas,SP,2025-10-01,ACTIVE,False,2025-10-30 20:35:23
CUST00000446,Luiz Miguel da Cunha,2008-10-10,freitaslucas@example.org,Volta Redonda,RJ,2023-11-02,ACTIVE,True,2025-08-13 14:57:20
CUST00000802,Dr. Noah Teixeira,1979-08-17,usilveira@example.net,Sorocaba,SP,2026-06-30,ACTIVE,True,2026-07-24 22:14:47
CUST00003924,Valentim Casa Grande,1983-12-31,joao-gabrielcarvalho@example.com,Santos,SP,2023-07-18,ACTIVE,True,2025-12-16 17:34:19
CUST00003084,Sr. Marcelo Pimenta,1969-07-03,paulo32@example.org,Ribeirão Preto,SP,2019-03-28,ACTIVE,False,2022-05-24 10:15:34
CUST00004320,,1964-07-17,ocarvalho@example.com,Sorocaba,SP,2026-01-12,ACTIVE,True,2026-07-06 04:13:45
CUST00001522,Gabriel Sousa,1998-04-22,rmonteiro@example.net,Londrina,PR,2019-10-09,ACTIVE,True,2023-10-19 23:14:21
CUST00001230,Lavínia Aparecida,2003-10-12,isaacfreitas@example.com,Salvador,BA,2023-02-24,INACTIVE,True,2024-05-07 18:59:07
CUST00000231,Sr. Pedro Miguel Pimenta,1971-04-02,manuela38@example.org,Ponta Grossa,PR,2020-04-29,ACTIVE,no,2024-10-17 14:24:58
CUST00001965,Dra. Natália Pastor,1970-05-22,mporto@example.com,São Paulo,SP,2019-05-20,INACTIVE,True,2021-10-27 04:03:18
CUST00000897,Ana Julia Caldeira,1977-07-14,faragao@example.com,Sorocaba,SP,2023-06-15,ACTIVE,False,2025-07-11 22:17:10
CUST00002161,Ana Luiza Fernandes,1971-10-31,emanuellycasa-grande@example.org,Campinas,SP,2021-05-08,ACTIVE,True,2021-09-30 21:27:54
CUST00001492,Daniela Jesus,1984-03-24,mendoncaanthony-gabriel@example.org,Ribeirão Preto,SP,2022-12-23,BLOCKED,False,2025-02-07 01:21:52
CUST00002962,Noah Ferreira,1965-10-26,theoda-mota@example.com,Florianópolis,SC,2025-07-28,ACTIVE,False,2025-11-16 23:12:45
CUST00001955,Dr. Joaquim Siqueira,1990-12-28,eaparecida@example.com,Petrópolis,RJ,2018-06-03,ACTIVE,True,2020-06-13 23:29:39
CUST00003541,Josué Costela,1976-05-27,anthony-gabrielcavalcante@example.org,Blumenau,SC,2023-12-29,INACTIVE,True,2025-02-15 10:01:25
CUST00003866,Luan Pires,1991-05-27,ivasconcelos@example.net,Blumenau,SC,2025-08-13,ACTIVE,True,2025-10-27 05:12:58
CUST00000713,Sr. Alexandre Castro,1973-04-29,da-motaisabelly@example.com,São José dos Campos,SP,2025-11-30,ACTIVE,True,2026-05-17 20:01:03
CUST00003024,Daniela Araújo,1999-03-30,felipe44@example.com,Ribeirão Preto,SP,2019-09-27,ACTIVE,True,2022-07-08 03:39:39
CUST00004107,Dr. Thiago Aragão,1975-03-07,duartemilena@example.net,Juiz de Fora,MG,2026-01-26,INACTIVE,True,2026-04-05 00:31:04
CUST00002989,Larissa Azevedo,1996-12-30,nogueiraana-clara@example.net,Santa Maria,RS,2025-02-05,ACTIVE,False,2025-10-30 13:26:09
CUST00001851,Marcelo Farias,1962-08-18,jcunha,Maringá,PR,2025-12-14,ACTIVE,True,2026-05-04 10:40:37
CUST00003418,Dom Gonçalves,1990-07-22,bernardomoura@example.com,Sorocaba,SP,2025-07-05,ACTIVE,False,2026-01-11 17:30:44
CUST00001289,Evelyn Caldeira,1997-03-12,albuquerquedavi-luiz@example.net,Ribeirão Preto,SP,2025-01-17,ACTIVE,True,2025-04-01 14:21:29
CUST00002934,Bárbara Melo,1976-12-19,nviana@example.org,Salvador,BA,2020-07-22,ACTIVE,True,2026-03-27 07:19:06
CUST00001907,Leonardo da Mota,1961-08-02,isaac57@example.net,Santa Maria,Rio Grande do Sul,2020-01-20,ACTIVE,False,2021-04-27 05:25:33
CUST00003613,Ana Lívia Freitas,2001-05-26,erick85@example.net,Salvador,bahia,2021-06-28,ACTIVE,False,2023-01-08 14:08:52
CUST00003384,Nina Pereira,1986-01-19,benicio24@example.com,Curitiba,PR,2024-12-02,ACTIVE,True,2025-05-25 00:01:50
CUST00002726,Paulo Farias,1991-05-23,carvalhoanthony-gabriel@example.org,Joinville,SC,2023-01-29,ACTIVE,True,2023-07-18 20:58:06
CUST00000047,Vinícius Albuquerque,2006-01-08,gustavo-henrique24@example.org,Santos,SP,2018-06-06,ACTIVE,True,2022-02-20 19:53:11
CUST00000096,Joaquim Caldeira,1976-12-21,isaque90@example.com,Niterói,RJ,2023-04-12,ACTIVE,True,2024-01-18 22:24:20
CUST00004073,Mathias Fogaça,1995-03-25,joao-feliperibeiro@example.net,Joinville,SC,2024-05-23,ACTIVE,True,2025-09-08 14:38:52
CUST00000603,Davi Lucca Sampaio,1975-07-03,castrogustavo-henrique@example.com,Feira de Santana,BA,2020-01-09,ACTIVE,True,2021-05-14 10:29:28
CUST00004540,Isabela Siqueira,1973-09-04,qpastor@example.net,Juiz de Fora,MG,2019-11-03,ACTIVE,True,2022-04-09 07:33:38
CUST00000237,Sr. Oliver Aragão,1992-12-03,xmontenegro@example.org,Niterói,RJ,2019-03-24,ACTIVE,True,2019-08-28 17:20:40
CUST00002966,Maria Luiza Câmara,2006-02-07,,Ribeirão Preto,SP,2019-06-19,ACTIVE,True,2022-09-04 17:22:20
CUST00004692,Matteo Lopes,1989-08-22,luiz-felipemoraes@example.net,Uberlândia,MG,2018-03-09,Inactive,True,2019-01-23 09:45:59
CUST00003621,Lara Vasconcelos,2008-02-06,pimentaarthur-gabriel@example.net,Uberaba,MG,2024-04-01,ACTIVE,False,2025-05-14 12:21:43
CUST00000903,Dr. Ravi Cavalcante,1989-04-10,cecilia99@example.org,Ribeirão Preto,SP,2023-07-09,UNKNOWN,True,2024-10-22 16:57:47
CUST00002740,Ravy Guerra,2003-06-09,riosmaria-alice@example.org,Florianópolis,SC,2023-12-27,ACTIVE,False,2025-02-06 15:31:21
CUST00000379,Sra. Ana Vitória da Rosa,1994-08-10,rodrigonunes@example.com,Ribeirão Preto,SP,2020-10-17,ACTIVE,False,2024-01-18 09:07:26
CUST00002049,Luísa Barbosa,1999-05-26,camilamarques@example.net,Itajaí,SC,2022-10-20,ACTIVE,False,2024-12-14 17:25:50
CUST00003811,Guilherme Moura,1978-06-22,bnascimento@example.org,Uberlândia,MG,2021-08-28,ACTIVE,True,2025-06-25 15:22:49
CUST00002593,Marina Cunha,1999-12-17,das-nevestheodoro@example.org,Jaboatão dos Guararapes,PE,2022-08-02,INACTIVE,True,2025-12-11 09:19:14
CUST00002418,Letícia Freitas,2006-08-23,diasmariah@example.org,Londrina,PR,2025-05-05,ACTIVE,False,2025-12-02 17:50:38
CUST00004769,Pedro Lucas da Rocha,1959-09-25,mmartins@example.com,Duque de Caxias,RJ,2024-12-15,active,True,2025-08-20 18:18:41
CUST00002000,Jade Porto,2000-08-30,benjamincunha@example.net,Camaçari,BA,2022-12-19,ACTIVE,True,2026-01-01 15:36:25
CUST00000992,Rafael Cavalcanti,1996-05-24,ifreitas@example.com,Contagem,MG,2026-01-10,BLOCKED,True,2026-06-14 17:05:17
CUST00003678,Bernardo da Rocha,1962-09-04,carlos-eduardo76@example.org,Ribeirão Preto,SP,2023-04-13,ACTIVE,True,2024-08-05 18:55:54
CUST00000703,Miguel Sá,1983-07-09,julianovaes@example.net,Salvador,BA,2020-10-01,ACTIVE,False,2021-05-31 14:12:34
CUST00003895,Sr. Kevin da Mota,1962-04-24,rcampos@example.com,Porto Alegre,RS,2023-01-05,ACTIVE,True,2026-04-25 13:55:30
CUST00000523,Heloisa Castro,1994-10-25,zbarbosa@example.org,Nova Iguaçu,RJ,2020-01-15,ACTIVE,True,2026-03-13 23:16:52
CUST00000064,Zoe Rodrigues,1972-08-15,emanuellalopes@example.org,Caxias do Sul,RS,2023-06-23,active,True,2025-02-16 01:38:50
CUST00000864,Anna Liz Peixoto,1990-01-29,da-cruzagatha@example.com,São Paulo,SP,2018-08-02,ACTIVE,True,2023-09-28 22:33:24
CUST00001559,Sra. Valentina Oliveira,1963-12-10,erickda-costa@example.com,Ribeirão Preto,SP,2025-02-21,ACTIVE,True,2025-05-31 13:47:43
CUST00001280,Lívia da Cunha,1987-06-10,henriquemelo@example.org,São Paulo,SP,2024-07-01,ACTIVE,True,2024-10-04 12:09:50
CUST00004504,Dr. João Rezende,1953-02-22,ana-lauracamara@example.com,Pelotas,RS,2025-11-01,ACTIVE,False,2026-04-30 11:31:26
CUST00000430,Ana Cecília Teixeira,1978-04-17,nnogueira@example.com,Volta Redonda,Rio de Janeiro,2023-05-03,INACTIVE,True,2024-08-11 08:04:27
CUST00002399,Pedro Henrique da Cunha,1992-12-05,raul45@example.com,Santos,SP,2023-09-09,ACTIVE,True,2025-10-02 03:33:03
CUST00000775,Camila da Cunha,2001-05-15,tporto@example.org,Vila Velha,ES,2022-12-11,ACTIVE,True,2025-12-13 11:52:50
CUST00003106,Paulo Silveira,2006-03-05,diego19@example.net,Contagem,MG,2022-10-04,BLOCKED,True,2023-03-28 06:20:13
CUST00000959,Dr. Alexandre Moraes,1960-06-22,bmendes@example.com,São José dos Campos,SP,2025-12-05,active,True,2026-05-07 19:47:26
CUST00001894,Sra. Hadassa Pimenta,1992-07-19,giovannafreitas@example.org,Belo Horizonte,MG,2022-07-20,ACTIVE,False,2023-02-04 03:18:29
CUST00001858,Dr. Théo Souza,1977-03-11,da-rosayan@example.com,Uberaba,MG,2024-08-15,ACTIVE,True,2026-04-04 20:28:06
